ni_pct,co_pct,mn_pct,ni_to_co_ratio,ni_to_mn_ratio,dopant_sum,temp_C,c_rate,predicted_accuracy,baseline_accuracy,improvement_pct
42.47,25.75,31.78,1.65,1.34,100.0,55,1.0,79.62,75.0,4.62
46.41,24.95,28.65,1.86,1.62,100.0,40,2.0,69.56,75.0,-5.44
67.76,23.32,8.93,2.91,7.59,100.0,40,1.0,81.9,75.0,6.9
55.92,23.6,20.48,2.37,2.73,100.0,70,2.0,66.62,75.0,-8.38
29.36,44.79,25.85,0.66,1.14,100.0,70,5.0,31.73,75.0,-43.27
29.36,13.53,57.11,2.17,0.51,100.0,40,5.0,67.71,75.0,-7.29
23.49,41.07,35.44,0.57,0.66,100.0,40,2.0,64.67,75.0,-10.33
56.58,17.05,26.37,3.32,2.15,100.0,25,5.0,64.61,75.0,-10.39
56.07,17.27,26.66,3.25,2.1,100.0,55,0.5,77.65,75.0,2.65
62.48,27.21,10.3,2.3,6.06,100.0,40,1.0,73.49,75.0,-1.51
21.24,16.62,62.14,1.28,0.34,100.0,70,2.0,73.01,75.0,-1.99
26.64,34.29,39.07,0.78,0.68,100.0,25,5.0,56.38,75.0,-18.62
57.66,29.06,13.27,1.98,4.34,100.0,25,5.0,58.3,75.0,-16.7
32.74,35.41,31.85,0.92,1.03,100.0,70,0.5,63.73,75.0,-11.27
30.91,17.86,51.23,1.73,0.6,100.0,70,1.0,76.5,75.0,1.5
31.0,18.47,50.53,1.68,0.61,100.0,25,0.5,91.89,75.0,16.89
38.25,11.66,50.09,3.28,0.76,100.0,70,2.0,75.27,75.0,0.27
51.49,22.88,25.63,2.25,2.01,100.0,25,5.0,58.3,75.0,-16.7
45.92,32.39,21.69,1.42,2.12,100.0,70,5.0,41.96,75.0,-33.04
37.47,44.32,18.21,0.85,2.06,100.0,25,5.0,46.85,75.0,-28.15
56.71,36.68,6.61,1.55,8.58,100.0,40,0.5,70.41,75.0,-4.59
28.37,27.42,44.21,1.03,0.64,100.0,40,0.5,77.68,75.0,2.68
37.53,48.12,14.35,0.78,2.62,100.0,70,1.0,53.76,75.0,-21.24
41.98,38.77,19.25,1.08,2.18,100.0,55,2.0,63.37,75.0,-11.63
47.36,47.21,5.43,1.0,8.72,100.0,40,1.0,56.58,75.0,-18.42
31.2,44.63,24.17,0.7,1.29,100.0,25,1.0,60.32,75.0,-14.68
31.98,20.36,47.66,1.57,0.67,100.0,55,5.0,60.88,75.0,-14.12
50.85,12.11,37.03,4.2,1.37,100.0,25,0.5,92.39,75.0,17.39
55.54,39.04,5.41,1.42,10.26,100.0,25,2.0,61.08,75.0,-13.92
22.79,14.85,62.36,1.53,0.37,100.0,40,1.0,89.8,75.0,14.8
56.45,22.11,21.44,2.55,2.63,100.0,70,2.0,70.18,75.0,-4.82
30.23,31.3,38.47,0.97,0.79,100.0,70,5.0,41.31,75.0,-33.69
23.9,32.58,43.52,0.73,0.55,100.0,25,1.0,74.59,75.0,-0.41
50.61,11.28,38.1,4.48,1.33,100.0,40,0.5,97.36,75.0,22.36
77.94,16.65,5.41,4.68,14.4,100.0,25,1.0,85.64,75.0,10.64
68.5,25.19,6.31,2.72,10.86,100.0,55,5.0,54.03,75.0,-20.97
38.28,34.69,27.04,1.1,1.42,100.0,25,1.0,76.94,75.0,1.94
25.86,48.79,25.35,0.53,1.02,100.0,40,5.0,40.43,75.0,-34.57
51.75,35.75,12.5,1.45,4.14,100.0,25,1.0,73.61,75.0,-1.39
46.41,46.9,6.69,0.99,6.94,100.0,40,2.0,56.99,75.0,-18.01
27.32,40.49,32.19,0.67,0.85,100.0,70,0.5,64.99,75.0,-10.01
49.71,33.67,16.62,1.48,2.99,100.0,40,5.0,49.13,75.0,-25.87
22.06,17.68,60.26,1.25,0.37,100.0,55,2.0,78.17,75.0,3.17
60.8,26.99,12.2,2.25,4.98,100.0,40,5.0,52.56,75.0,-22.44
35.53,34.94,29.54,1.02,1.2,100.0,55,1.0,67.54,75.0,-7.46
59.75,34.1,6.15,1.75,9.71,100.0,55,5.0,42.24,75.0,-32.76
38.7,29.59,31.71,1.31,1.22,100.0,25,5.0,55.08,75.0,-19.92
51.2,31.15,17.65,1.64,2.9,100.0,55,0.5,70.62,75.0,-4.38
52.8,23.38,23.82,2.26,2.22,100.0,40,2.0,70.19,75.0,-4.81
31.09,30.77,38.14,1.01,0.82,100.0,70,1.0,66.76,75.0,-8.24
47.75,40.38,11.87,1.18,4.02,100.0,40,0.5,66.93,75.0,-8.07
36.77,45.44,17.79,0.81,2.07,100.0,70,5.0,37.18,75.0,-37.82
76.37,17.43,6.2,4.38,12.32,100.0,55,0.5,82.77,75.0,7.77
73.69,13.4,12.91,5.5,5.71,100.0,25,5.0,65.52,75.0,-9.48
55.87,27.45,16.68,2.04,3.35,100.0,55,1.0,75.46,75.0,0.46
33.86,39.16,26.98,0.86,1.25,100.0,55,5.0,47.1,75.0,-27.9
25.31,27.51,47.18,0.92,0.54,100.0,70,0.5,75.47,75.0,0.47
31.76,21.07,47.17,1.51,0.67,100.0,40,0.5,84.93,75.0,9.93
22.71,32.33,44.96,0.7,0.51,100.0,25,5.0,57.82,75.0,-17.18
39.52,23.88,36.6,1.65,1.08,100.0,25,2.0,80.51,75.0,5.51
43.32,47.31,9.36,0.92,4.63,100.0,25,0.5,68.99,75.0,-6.01
36.28,46.91,16.81,0.77,2.16,100.0,25,2.0,62.85,75.0,-12.15
34.14,18.03,47.83,1.89,0.71,100.0,40,2.0,79.28,75.0,4.28
41.41,23.12,35.48,1.79,1.17,100.0,25,2.0,79.03,75.0,4.03
36.86,39.49,23.66,0.93,1.56,100.0,70,2.0,59.76,75.0,-15.24
52.56,11.47,35.97,4.58,1.46,100.0,70,0.5,82.2,75.0,7.2
28.46,28.99,42.55,0.98,0.67,100.0,25,0.5,80.51,75.0,5.51
68.13,23.45,8.42,2.9,8.1,100.0,25,2.0,74.47,75.0,-0.53
24.47,46.82,28.71,0.52,0.85,100.0,40,0.5,67.29,75.0,-7.71
79.21,10.48,10.31,7.56,7.68,100.0,40,2.0,83.44,75.0,8.44
30.26,23.31,46.43,1.3,0.65,100.0,25,2.0,77.64,75.0,2.64
31.92,39.63,28.45,0.81,1.12,100.0,40,2.0,57.58,75.0,-17.42
20.33,29.4,50.27,0.69,0.4,100.0,55,5.0,54.18,75.0,-20.82
68.93,13.42,17.66,5.14,3.9,100.0,25,1.0,84.62,75.0,9.62
45.55,30.13,24.32,1.51,1.87,100.0,40,0.5,71.37,75.0,-3.63
63.74,30.72,5.54,2.07,11.51,100.0,70,0.5,63.76,75.0,-11.24
31.23,10.56,58.21,2.96,0.54,100.0,25,2.0,89.41,75.0,14.41
24.44,19.46,56.09,1.26,0.44,100.0,25,5.0,71.07,75.0,-3.93
41.51,29.34,29.15,1.41,1.42,100.0,70,5.0,48.49,75.0,-26.51
26.95,27.17,45.88,0.99,0.59,100.0,70,0.5,74.71,75.0,-0.29
71.79,13.0,15.22,5.52,4.72,100.0,40,2.0,82.97,75.0,7.97
57.4,14.25,28.36,4.03,2.02,100.0,70,0.5,76.73,75.0,1.73
39.85,43.5,16.65,0.92,2.39,100.0,55,2.0,56.78,75.0,-18.22
23.81,19.59,56.59,1.22,0.42,100.0,25,2.0,81.91,75.0,6.91
38.66,17.8,43.54,2.17,0.89,100.0,55,1.0,82.59,75.0,7.59
39.51,30.2,30.29,1.31,1.3,100.0,40,2.0,67.44,75.0,-7.56
66.4,10.28,23.32,6.46,2.85,100.0,70,1.0,78.68,75.0,3.68
58.25,12.48,29.27,4.67,1.99,100.0,25,0.5,92.11,75.0,17.11
48.46,19.61,31.93,2.47,1.52,100.0,70,0.5,82.92,75.0,7.92
48.33,14.77,36.9,3.27,1.31,100.0,70,5.0,61.93,75.0,-13.07
27.18,11.46,61.37,2.37,0.44,100.0,40,1.0,88.59,75.0,13.59
62.79,12.11,25.1,5.19,2.5,100.0,40,0.5,84.51,75.0,9.51
41.07,14.03,44.9,2.93,0.91,100.0,40,1.0,81.62,75.0,6.62
53.68,14.72,31.6,3.65,1.7,100.0,40,0.5,91.31,75.0,16.31
66.26,11.81,21.94,5.61,3.02,100.0,25,1.0,86.06,75.0,11.06
49.63,27.52,22.86,1.8,2.17,100.0,55,1.0,71.05,75.0,-3.95
41.67,20.41,37.93,2.04,1.1,100.0,55,2.0,77.47,75.0,2.47
45.65,20.5,33.85,2.23,1.35,100.0,25,0.5,81.7,75.0,6.7
21.53,26.87,51.61,0.8,0.42,100.0,70,5.0,56.83,75.0,-18.17
26.47,11.6,61.93,2.28,0.43,100.0,25,2.0,87.31,75.0,12.31
21.89,27.96,50.15,0.78,0.44,100.0,55,5.0,51.0,75.0,-24.0
58.18,33.1,8.71,1.76,6.68,100.0,55,1.0,65.96,75.0,-9.04
38.86,32.84,28.3,1.18,1.37,100.0,25,2.0,67.68,75.0,-7.32
50.51,23.3,26.19,2.17,1.93,100.0,40,1.0,79.63,75.0,4.63
71.13,17.08,11.79,4.16,6.04,100.0,70,0.5,75.78,75.0,0.78
34.96,14.26,50.78,2.45,0.69,100.0,25,0.5,86.86,75.0,11.86
44.62,24.67,30.71,1.81,1.45,100.0,55,5.0,54.14,75.0,-20.86
65.33,13.98,20.69,4.67,3.16,100.0,40,0.5,82.71,75.0,7.71
33.73,40.66,25.61,0.83,1.32,100.0,70,5.0,40.71,75.0,-34.29
24.62,48.65,26.73,0.51,0.92,100.0,55,1.0,54.06,75.0,-20.94
37.39,48.8,13.81,0.77,2.71,100.0,70,2.0,46.76,75.0,-28.24
29.67,44.6,25.72,0.67,1.15,100.0,40,0.5,66.4,75.0,-8.6
53.23,11.14,35.63,4.78,1.49,100.0,55,1.0,84.13,75.0,9.13
28.17,16.89,54.94,1.67,0.51,100.0,40,2.0,81.42,75.0,6.42
58.0,21.41,20.59,2.71,2.82,100.0,25,1.0,84.11,75.0,9.11
73.82,10.33,15.85,7.15,4.66,100.0,25,5.0,65.88,75.0,-9.12
35.02,40.49,24.49,0.86,1.43,100.0,70,1.0,59.91,75.0,-15.09
31.19,29.28,39.53,1.07,0.79,100.0,40,5.0,45.47,75.0,-29.53
39.71,16.09,44.2,2.47,0.9,100.0,40,5.0,65.9,75.0,-9.1
52.36,21.28,26.36,2.46,1.99,100.0,70,0.5,75.34,75.0,0.34
68.45,22.72,8.83,3.01,7.75,100.0,70,5.0,48.03,75.0,-26.97
77.41,16.72,5.87,4.63,13.18,100.0,70,5.0,55.83,75.0,-19.17
39.08,12.25,48.67,3.19,0.8,100.0,25,1.0,94.81,75.0,19.81
26.6,29.43,43.97,0.9,0.6,100.0,70,5.0,48.37,75.0,-26.63
33.68,46.51,19.81,0.72,1.7,100.0,25,5.0,41.59,75.0,-33.41
45.63,34.41,19.96,1.33,2.29,100.0,70,1.0,64.4,75.0,-10.6
21.49,45.71,32.8,0.47,0.66,100.0,40,2.0,54.27,75.0,-20.73
71.64,19.99,8.37,3.58,8.56,100.0,40,0.5,79.36,75.0,4.36
20.42,23.73,55.85,0.86,0.37,100.0,70,1.0,78.64,75.0,3.64
50.64,44.08,5.27,1.15,9.6,100.0,70,5.0,35.86,75.0,-39.14
45.04,32.37,22.59,1.39,1.99,100.0,25,1.0,68.96,75.0,-6.04
33.33,30.59,36.08,1.09,0.92,100.0,55,2.0,60.8,75.0,-14.2
27.19,13.98,58.82,1.94,0.46,100.0,25,1.0,91.58,75.0,16.58
40.26,10.64,49.1,3.78,0.82,100.0,40,1.0,92.05,75.0,17.05
42.61,36.16,21.23,1.18,2.01,100.0,70,1.0,57.96,75.0,-17.04
39.39,25.08,35.53,1.57,1.11,100.0,40,1.0,79.35,75.0,4.35
51.13,34.13,14.74,1.5,3.47,100.0,55,5.0,50.58,75.0,-24.42
62.18,13.19,24.63,4.71,2.52,100.0,25,1.0,93.89,75.0,18.89
41.82,37.32,20.86,1.12,2.0,100.0,40,2.0,63.95,75.0,-11.05
52.19,30.67,17.14,1.7,3.04,100.0,25,1.0,76.76,75.0,1.76
36.48,10.21,53.31,3.57,0.68,100.0,70,1.0,77.78,75.0,2.78
35.11,15.04,49.85,2.33,0.7,100.0,40,5.0,72.75,75.0,-2.25
49.83,33.27,16.9,1.5,2.95,100.0,55,5.0,45.67,75.0,-29.33
38.05,40.65,21.29,0.94,1.79,100.0,25,1.0,65.87,75.0,-9.13
37.09,26.26,36.65,1.41,1.01,100.0,25,5.0,59.52,75.0,-15.48
22.21,45.19,32.59,0.49,0.68,100.0,55,5.0,45.16,75.0,-29.84
56.57,35.95,7.48,1.57,7.56,100.0,40,1.0,74.21,75.0,-0.79
36.38,49.39,14.22,0.74,2.56,100.0,40,5.0,39.22,75.0,-35.78
23.09,34.94,41.97,0.66,0.55,100.0,25,0.5,80.23,75.0,5.23
36.72,15.25,48.03,2.41,0.76,100.0,55,0.5,85.76,75.0,10.76
38.16,45.11,16.73,0.85,2.28,100.0,25,0.5,64.48,75.0,-10.52
34.37,18.07,47.55,1.9,0.72,100.0,25,5.0,71.54,75.0,-3.46
28.69,46.35,24.95,0.62,1.15,100.0,70,0.5,56.68,75.0,-18.32
49.37,40.42,10.22,1.22,4.83,100.0,40,2.0,64.34,75.0,-10.66
22.18,21.84,55.99,1.02,0.4,100.0,40,0.5,88.71,75.0,13.71
34.52,22.04,43.44,1.57,0.79,100.0,70,2.0,71.76,75.0,-3.24
60.33,17.36,22.31,3.47,2.7,100.0,40,5.0,67.56,75.0,-7.44
46.3,36.37,17.33,1.27,2.67,100.0,40,0.5,77.47,75.0,2.47
34.26,28.97,36.78,1.18,0.93,100.0,40,2.0,69.88,75.0,-5.12
63.69,19.03,17.28,3.35,3.69,100.0,55,5.0,54.98,75.0,-20.02
42.07,34.66,23.27,1.21,1.81,100.0,70,0.5,60.97,75.0,-14.03
57.94,11.61,30.45,4.99,1.9,100.0,25,1.0,96.65,75.0,21.65
58.01,23.05,18.94,2.52,3.06,100.0,55,0.5,75.94,75.0,0.94
52.15,28.74,19.11,1.81,2.73,100.0,25,0.5,82.7,75.0,7.7
25.42,15.92,58.66,1.6,0.43,100.0,70,0.5,81.0,75.0,6.0
63.6,23.79,12.6,2.67,5.05,100.0,70,1.0,75.22,75.0,0.22
39.25,18.36,42.39,2.14,0.93,100.0,70,2.0,70.28,75.0,-4.72
31.19,15.21,53.59,2.05,0.58,100.0,40,2.0,78.13,75.0,3.13
22.45,18.14,59.41,1.24,0.38,100.0,55,1.0,81.62,75.0,6.62
44.27,16.9,38.83,2.62,1.14,100.0,70,0.5,78.96,75.0,3.96
60.65,27.02,12.33,2.24,4.92,100.0,25,0.5,81.61,75.0,6.61
21.0,32.62,46.39,0.64,0.45,100.0,40,0.5,76.15,75.0,1.15
50.73,10.84,38.43,4.68,1.32,100.0,40,2.0,85.14,75.0,10.14
33.59,11.38,55.03,2.95,0.61,100.0,55,2.0,80.67,75.0,5.67
58.71,27.83,13.46,2.11,4.36,100.0,55,1.0,68.87,75.0,-6.13
30.46,42.67,26.87,0.71,1.13,100.0,55,5.0,40.07,75.0,-34.93
60.45,21.66,17.89,2.79,3.38,100.0,40,1.0,84.76,75.0,9.76
43.2,13.47,43.33,3.21,1.0,100.0,70,2.0,76.58,75.0,1.58
32.27,32.51,35.22,0.99,0.92,100.0,25,0.5,72.32,75.0,-2.68
28.25,46.53,25.22,0.61,1.12,100.0,70,0.5,56.89,75.0,-18.11
40.46,25.52,34.02,1.59,1.19,100.0,25,0.5,83.33,75.0,8.33
26.81,43.18,30.01,0.62,0.89,100.0,70,0.5,66.81,75.0,-8.19
75.48,15.35,9.17,4.92,8.23,100.0,55,5.0,62.26,75.0,-12.74
75.96,13.99,10.05,5.43,7.56,100.0,25,1.0,83.45,75.0,8.45
35.48,40.06,24.47,0.89,1.45,100.0,40,1.0,73.66,75.0,-1.34
35.87,46.88,17.25,0.77,2.08,100.0,25,2.0,58.82,75.0,-16.18
28.99,15.63,55.38,1.85,0.52,100.0,40,1.0,90.33,75.0,15.33
53.31,24.54,22.15,2.17,2.41,100.0,70,5.0,47.57,75.0,-27.43
25.4,19.0,55.61,1.34,0.46,100.0,55,5.0,54.07,75.0,-20.93
34.51,21.02,44.47,1.64,0.78,100.0,25,5.0,60.51,75.0,-14.49
25.59,23.29,51.13,1.1,0.5,100.0,40,0.5,73.56,75.0,-1.44
53.8,32.33,13.87,1.66,3.88,100.0,70,2.0,66.1,75.0,-8.9
26.83,40.56,32.61,0.66,0.82,100.0,55,5.0,44.51,75.0,-30.49
28.33,34.77,36.9,0.81,0.77,100.0,55,1.0,65.57,75.0,-9.43
40.34,18.19,41.47,2.22,0.97,100.0,55,1.0,81.77,75.0,6.77
40.95,41.92,17.13,0.98,2.39,100.0,70,1.0,58.94,75.0,-16.06
38.0,19.29,42.71,1.97,0.89,100.0,70,5.0,58.63,75.0,-16.37
73.83,12.55,13.62,5.88,5.42,100.0,70,5.0,62.2,75.0,-12.8
36.9,10.04,53.06,3.68,0.7,100.0,55,1.0,86.41,75.0,11.41
66.79,21.31,11.9,3.13,5.61,100.0,25,5.0,58.63,75.0,-16.37
58.52,22.18,19.3,2.64,3.03,100.0,40,1.0,80.89,75.0,5.89
25.05,49.32,25.63,0.51,0.98,100.0,70,0.5,58.95,75.0,-16.05
29.7,35.71,34.59,0.83,0.86,100.0,25,5.0,53.76,75.0,-21.24
47.29,18.71,34.0,2.53,1.39,100.0,40,0.5,91.34,75.0,16.34
41.55,15.47,42.98,2.69,0.97,100.0,55,0.5,83.66,75.0,8.66
20.55,25.09,54.36,0.82,0.38,100.0,25,5.0,60.17,75.0,-14.83
26.09,42.07,31.84,0.62,0.82,100.0,55,1.0,63.99,75.0,-11.01
59.81,27.38,12.81,2.18,4.67,100.0,40,2.0,67.09,75.0,-7.91
20.3,44.78,34.91,0.45,0.58,100.0,70,0.5,62.13,75.0,-12.87
29.65,17.23,53.13,1.72,0.56,100.0,55,5.0,59.76,75.0,-15.24
37.56,32.05,30.38,1.17,1.24,100.0,25,0.5,76.9,75.0,1.9
61.51,18.75,19.74,3.28,3.12,100.0,70,1.0,80.52,75.0,5.52
59.12,23.05,17.83,2.56,3.31,100.0,25,5.0,59.43,75.0,-15.57
33.46,40.25,26.3,0.83,1.27,100.0,40,2.0,59.06,75.0,-15.94
62.73,25.75,11.52,2.44,5.45,100.0,40,5.0,58.64,75.0,-16.36
34.23,34.33,31.44,1.0,1.09,100.0,70,0.5,64.46,75.0,-10.54
39.52,27.78,32.69,1.42,1.21,100.0,25,5.0,56.74,75.0,-18.26
35.75,28.41,35.84,1.26,1.0,100.0,25,5.0,60.43,75.0,-14.57
58.98,19.13,21.89,3.08,2.69,100.0,25,0.5,89.11,75.0,14.11
70.95,12.34,16.71,5.75,4.25,100.0,25,2.0,86.7,75.0,11.7
59.46,22.0,18.55,2.7,3.21,100.0,40,1.0,76.21,75.0,1.21
54.1,28.97,16.93,1.87,3.2,100.0,25,5.0,58.2,75.0,-16.8
25.62,16.72,57.66,1.53,0.44,100.0,40,2.0,79.66,75.0,4.66
42.06,24.19,33.75,1.74,1.25,100.0,25,1.0,79.62,75.0,4.62
35.91,26.0,38.09,1.38,0.94,100.0,25,0.5,86.72,75.0,11.72
34.64,12.3,53.06,2.82,0.65,100.0,55,2.0,79.05,75.0,4.05
34.72,46.15,19.13,0.75,1.81,100.0,55,2.0,54.44,75.0,-20.56
43.59,45.37,11.04,0.96,3.95,100.0,25,5.0,44.81,75.0,-30.19
73.52,16.07,10.41,4.57,7.06,100.0,40,0.5,81.08,75.0,6.08
57.87,33.91,8.22,1.71,7.04,100.0,25,5.0,54.98,75.0,-20.02
30.46,34.22,35.32,0.89,0.86,100.0,55,0.5,72.76,75.0,-2.24
50.16,26.77,23.07,1.87,2.17,100.0,25,1.0,72.61,75.0,-2.39
54.61,38.04,7.34,1.44,7.44,100.0,55,5.0,43.94,75.0,-31.06
49.55,26.43,24.02,1.87,2.06,100.0,25,0.5,79.08,75.0,4.08
31.71,30.19,38.1,1.05,0.83,100.0,70,0.5,74.47,75.0,-0.53
63.35,10.29,26.36,6.15,2.4,100.0,25,2.0,81.09,75.0,6.09
36.85,37.67,25.48,0.98,1.45,100.0,40,5.0,47.11,75.0,-27.89
21.46,36.45,42.09,0.59,0.51,100.0,55,5.0,48.78,75.0,-26.22
58.73,11.54,29.74,5.09,1.97,100.0,70,1.0,81.06,75.0,6.06
30.63,24.73,44.64,1.24,0.69,100.0,55,0.5,80.94,75.0,5.94
20.49,31.0,48.51,0.66,0.42,100.0,55,2.0,62.6,75.0,-12.4
37.49,34.05,28.46,1.1,1.32,100.0,40,0.5,78.46,75.0,3.46
31.98,27.9,40.11,1.15,0.8,100.0,25,0.5,83.55,75.0,8.55
42.21,46.4,11.39,0.91,3.7,100.0,40,0.5,67.24,75.0,-7.76
20.93,38.69,40.38,0.54,0.52,100.0,25,5.0,54.58,75.0,-20.42
41.83,46.36,11.81,0.9,3.54,100.0,70,0.5,57.19,75.0,-17.81
45.69,41.91,12.4,1.09,3.69,100.0,40,1.0,60.05,75.0,-14.95
40.54,31.07,28.39,1.3,1.43,100.0,40,2.0,66.4,75.0,-8.6
46.42,22.67,30.91,2.05,1.5,100.0,55,2.0,75.99,75.0,0.99
62.43,20.33,17.25,3.07,3.62,100.0,40,0.5,86.15,75.0,11.15
37.67,25.44,36.89,1.48,1.02,100.0,25,2.0,74.02,75.0,-0.98
43.11,48.67,8.23,0.89,5.24,100.0,40,0.5,52.8,75.0,-22.2
55.26,11.51,33.23,4.8,1.66,100.0,40,5.0,66.63,75.0,-8.37
39.02,13.33,47.66,2.93,0.82,100.0,70,2.0,75.57,75.0,0.57
30.17,44.52,25.31,0.68,1.19,100.0,25,5.0,45.62,75.0,-29.38
53.41,29.22,17.37,1.83,3.07,100.0,55,5.0,51.87,75.0,-23.13
76.17,12.75,11.08,5.97,6.87,100.0,25,1.0,89.81,75.0,14.81
61.76,31.99,6.25,1.93,9.88,100.0,70,1.0,67.2,75.0,-7.8
54.2,26.69,19.11,2.03,2.84,100.0,25,2.0,74.57,75.0,-0.43
25.83,45.11,29.06,0.57,0.89,100.0,25,0.5,63.43,75.0,-11.57
56.9,18.16,24.94,3.13,2.28,100.0,40,0.5,83.26,75.0,8.26
39.08,33.33,27.6,1.17,1.42,100.0,40,0.5,80.84,75.0,5.84
28.41,32.31,39.29,0.88,0.72,100.0,25,0.5,79.94,75.0,4.94
51.1,12.18,36.72,4.19,1.39,100.0,25,1.0,91.25,75.0,16.25
53.23,19.2,27.57,2.77,1.93,100.0,55,0.5,81.9,75.0,6.9
64.45,30.5,5.05,2.11,12.76,100.0,70,0.5,68.9,75.0,-6.1
61.82,21.64,16.54,2.86,3.74,100.0,40,5.0,51.36,75.0,-23.64
62.15,28.78,9.07,2.16,6.85,100.0,40,0.5,74.55,75.0,-0.45
41.57,44.31,14.12,0.94,2.94,100.0,40,0.5,64.78,75.0,-10.22
37.62,22.2,40.19,1.69,0.94,100.0,40,1.0,84.33,75.0,9.33
68.56,17.71,13.73,3.87,4.99,100.0,25,2.0,79.12,75.0,4.12
68.61,15.16,16.23,4.52,4.23,100.0,25,5.0,61.07,75.0,-13.93
72.02,21.91,6.06,3.29,11.88,100.0,55,5.0,55.56,75.0,-19.44
63.84,15.93,20.23,4.01,3.16,100.0,40,2.0,75.46,75.0,0.46
50.68,28.87,20.45,1.76,2.48,100.0,40,5.0,50.19,75.0,-24.81
50.09,19.1,30.81,2.62,1.63,100.0,25,0.5,84.71,75.0,9.71
67.9,16.65,15.45,4.08,4.39,100.0,55,0.5,83.02,75.0,8.02
59.0,23.31,17.69,2.53,3.33,100.0,25,2.0,79.23,75.0,4.23
22.54,36.15,41.31,0.62,0.55,100.0,40,1.0,72.27,75.0,-2.73
67.75,23.72,8.53,2.86,7.94,100.0,40,1.0,78.14,75.0,3.14
20.67,37.25,42.08,0.55,0.49,100.0,70,5.0,45.55,75.0,-29.45
40.28,29.41,30.31,1.37,1.33,100.0,70,1.0,68.75,75.0,-6.25
42.53,17.17,40.3,2.48,1.06,100.0,70,1.0,80.1,75.0,5.1
25.64,45.65,28.72,0.56,0.89,100.0,55,1.0,52.66,75.0,-22.34
54.7,28.41,16.89,1.92,3.24,100.0,25,1.0,77.13,75.0,2.13
22.16,38.39,39.46,0.58,0.56,100.0,40,1.0,65.94,75.0,-9.06
47.48,40.09,12.43,1.18,3.82,100.0,40,1.0,68.67,75.0,-6.33
52.56,12.01,35.43,4.38,1.48,100.0,55,1.0,83.7,75.0,8.7
37.19,13.87,48.94,2.68,0.76,100.0,40,5.0,67.28,75.0,-7.72
55.45,38.82,5.73,1.43,9.67,100.0,40,0.5,63.39,75.0,-11.61
21.83,21.27,56.9,1.03,0.38,100.0,25,1.0,88.85,75.0,13.85
22.24,17.37,60.39,1.28,0.37,100.0,70,0.5,84.26,75.0,9.26
69.36,11.57,19.07,5.99,3.64,100.0,70,2.0,76.48,75.0,1.48
41.61,10.87,47.51,3.83,0.88,100.0,55,0.5,86.2,75.0,11.2
27.62,40.98,31.4,0.67,0.88,100.0,70,2.0,53.13,75.0,-21.87
51.33,15.38,33.29,3.34,1.54,100.0,70,5.0,59.24,75.0,-15.76
66.2,28.71,5.09,2.31,13.0,100.0,55,0.5,69.83,75.0,-5.17
32.95,34.24,32.81,0.96,1.0,100.0,55,2.0,64.62,75.0,-10.38
57.37,27.13,15.49,2.11,3.7,100.0,70,0.5,64.57,75.0,-10.43
25.12,11.08,63.79,2.27,0.39,100.0,25,5.0,72.16,75.0,-2.84
23.1,41.34,35.56,0.56,0.65,100.0,55,0.5,71.51,75.0,-3.49
51.88,10.42,37.7,4.98,1.38,100.0,40,2.0,84.79,75.0,9.79
52.44,40.48,7.09,1.3,7.4,100.0,55,1.0,61.88,75.0,-13.12
27.91,30.14,41.95,0.93,0.67,100.0,40,1.0,81.05,75.0,6.05
63.57,27.31,9.12,2.33,6.97,100.0,55,1.0,63.78,75.0,-11.22
44.82,21.69,33.49,2.07,1.34,100.0,55,5.0,54.72,75.0,-20.28
50.98,29.08,19.94,1.75,2.56,100.0,70,1.0,66.44,75.0,-8.56
39.38,25.57,35.05,1.54,1.12,100.0,70,5.0,54.18,75.0,-20.82
32.84,47.45,19.7,0.69,1.67,100.0,70,1.0,57.38,75.0,-17.62
36.25,45.76,17.99,0.79,2.01,100.0,25,5.0,42.17,75.0,-32.83
46.34,23.43,30.23,1.98,1.53,100.0,70,5.0,55.61,75.0,-19.39
24.71,34.6,40.69,0.71,0.61,100.0,70,0.5,67.14,75.0,-7.86
21.52,47.08,31.4,0.46,0.69,100.0,55,1.0,62.82,75.0,-12.18
45.97,42.29,11.73,1.09,3.92,100.0,55,0.5,59.97,75.0,-15.03
31.86,35.42,32.72,0.9,0.97,100.0,25,2.0,68.11,75.0,-6.89
61.76,28.11,10.13,2.2,6.1,100.0,40,1.0,71.86,75.0,-3.14
44.54,21.15,34.32,2.11,1.3,100.0,55,1.0,80.8,75.0,5.8
30.4,48.35,21.25,0.63,1.43,100.0,55,1.0,55.71,75.0,-19.29
29.39,15.71,54.9,1.87,0.54,100.0,40,1.0,86.36,75.0,11.36
35.01,33.19,31.79,1.05,1.1,100.0,25,0.5,78.96,75.0,3.96
52.95,21.3,25.74,2.49,2.06,100.0,55,0.5,80.8,75.0,5.8
62.88,21.16,15.96,2.97,3.94,100.0,70,5.0,55.45,75.0,-19.55
59.61,26.2,14.19,2.28,4.2,100.0,25,0.5,81.21,75.0,6.21
36.8,49.95,13.25,0.74,2.78,100.0,40,5.0,37.1,75.0,-37.9
77.29,12.2,10.51,6.34,7.35,100.0,40,2.0,78.46,75.0,3.46
52.91,22.15,24.94,2.39,2.12,100.0,70,0.5,75.57,75.0,0.57
53.26,13.3,33.44,4.0,1.59,100.0,70,5.0,60.78,75.0,-14.22
56.7,16.18,27.12,3.5,2.09,100.0,70,1.0,76.94,75.0,1.94
45.18,27.58,27.24,1.64,1.66,100.0,25,2.0,73.47,75.0,-1.53
34.86,30.42,34.72,1.15,1.0,100.0,40,5.0,49.63,75.0,-25.37
41.36,20.35,38.29,2.03,1.08,100.0,70,2.0,72.58,75.0,-2.42
65.47,22.66,11.87,2.89,5.51,100.0,70,1.0,71.87,75.0,-3.13
20.86,13.48,65.66,1.55,0.32,100.0,40,1.0,92.14,75.0,17.14
26.96,22.13,50.91,1.22,0.53,100.0,55,5.0,58.6,75.0,-16.4
22.76,48.66,28.58,0.47,0.8,100.0,25,5.0,38.58,75.0,-36.42
22.44,47.79,29.77,0.47,0.75,100.0,55,1.0,57.45,75.0,-17.55
71.33,23.4,5.28,3.05,13.51,100.0,70,5.0,49.55,75.0,-25.45
26.96,49.32,23.72,0.55,1.14,100.0,25,1.0,65.08,75.0,-9.92
48.45,46.38,5.17,1.04,9.38,100.0,55,0.5,53.34,75.0,-21.66
25.87,10.25,63.88,2.52,0.4,100.0,40,5.0,71.34,75.0,-3.66
49.5,42.43,8.08,1.17,6.13,100.0,70,2.0,53.65,75.0,-21.35
21.39,20.97,57.65,1.02,0.37,100.0,25,1.0,84.1,75.0,9.1
30.39,13.65,55.95,2.23,0.54,100.0,25,0.5,93.76,75.0,18.76
46.03,16.46,37.51,2.8,1.23,100.0,25,5.0,65.35,75.0,-9.65
43.91,48.43,7.66,0.91,5.73,100.0,25,1.0,59.68,75.0,-15.32
56.95,31.5,11.55,1.81,4.93,100.0,70,0.5,66.38,75.0,-8.62
58.11,10.57,31.33,5.5,1.85,100.0,70,5.0,59.6,75.0,-15.4
22.72,20.31,56.98,1.12,0.4,100.0,40,1.0,85.53,75.0,10.53
42.48,28.0,29.53,1.52,1.44,100.0,40,1.0,73.15,75.0,-1.85
23.07,18.11,58.83,1.27,0.39,100.0,40,1.0,82.5,75.0,7.5
50.19,39.33,10.49,1.28,4.79,100.0,55,5.0,47.82,75.0,-27.18
24.36,48.78,26.86,0.5,0.91,100.0,40,0.5,65.92,75.0,-9.08
59.52,21.5,18.98,2.77,3.14,100.0,70,1.0,67.26,75.0,-7.74
29.78,31.53,38.7,0.94,0.77,100.0,55,0.5,71.01,75.0,-3.99
24.23,31.33,44.43,0.77,0.55,100.0,70,0.5,71.74,75.0,-3.26
58.55,26.23,15.23,2.23,3.84,100.0,55,2.0,68.14,75.0,-6.86
21.59,16.77,61.64,1.29,0.35,100.0,40,0.5,84.46,75.0,9.46
28.54,12.27,59.19,2.32,0.48,100.0,40,0.5,95.3,75.0,20.3
54.13,16.95,28.93,3.19,1.87,100.0,40,0.5,88.01,75.0,13.01
54.53,29.93,15.54,1.82,3.51,100.0,55,0.5,73.55,75.0,-1.45
43.29,34.13,22.58,1.27,1.92,100.0,70,0.5,70.94,75.0,-4.06
58.6,19.09,22.31,3.07,2.63,100.0,25,5.0,65.22,75.0,-9.78
47.5,31.75,20.75,1.5,2.29,100.0,70,2.0,62.2,75.0,-12.8
52.74,37.8,9.46,1.4,5.57,100.0,40,1.0,71.16,75.0,-3.84
24.08,33.54,42.39,0.72,0.57,100.0,55,2.0,68.07,75.0,-6.93
43.17,49.61,7.22,0.87,5.98,100.0,55,2.0,47.47,75.0,-27.53
26.49,32.28,41.23,0.82,0.64,100.0,40,1.0,75.43,75.0,0.43
50.53,36.23,13.24,1.39,3.82,100.0,55,0.5,65.47,75.0,-9.53
31.75,40.89,27.37,0.78,1.16,100.0,40,1.0,67.63,75.0,-7.37
24.16,16.82,59.02,1.44,0.41,100.0,70,0.5,84.06,75.0,9.06
26.05,25.38,48.57,1.03,0.54,100.0,55,1.0,71.94,75.0,-3.06
21.09,23.88,55.03,0.88,0.38,100.0,25,5.0,63.42,75.0,-11.58
25.67,27.27,47.06,0.94,0.55,100.0,55,2.0,70.41,75.0,-4.59
47.89,29.88,22.23,1.6,2.15,100.0,40,0.5,74.5,75.0,-0.5
24.27,29.37,46.36,0.83,0.52,100.0,25,2.0,75.02,75.0,0.02
39.14,41.76,19.1,0.94,2.05,100.0,40,0.5,69.6,75.0,-5.4
77.09,11.28,11.62,6.83,6.63,100.0,55,1.0,82.17,75.0,7.17
21.4,23.68,54.92,0.9,0.39,100.0,25,1.0,84.59,75.0,9.59
48.86,23.98,27.16,2.04,1.8,100.0,25,1.0,85.08,75.0,10.08
36.91,19.53,43.56,1.89,0.85,100.0,55,5.0,61.1,75.0,-13.9
27.09,18.98,53.93,1.43,0.5,100.0,25,1.0,87.71,75.0,12.71
61.8,30.18,8.02,2.05,7.71,100.0,70,1.0,62.8,75.0,-12.2
57.74,20.43,21.83,2.83,2.64,100.0,25,5.0,64.89,75.0,-10.11
72.65,10.36,16.99,7.01,4.28,100.0,25,2.0,85.43,75.0,10.43
60.44,18.5,21.05,3.27,2.87,100.0,70,2.0,74.0,75.0,-1.0
56.13,26.67,17.2,2.1,3.26,100.0,40,0.5,77.69,75.0,2.69
36.92,27.82,35.26,1.33,1.05,100.0,40,2.0,65.6,75.0,-9.4
30.65,48.68,20.67,0.63,1.48,100.0,70,0.5,51.39,75.0,-23.61
47.3,40.29,12.41,1.17,3.81,100.0,25,0.5,72.74,75.0,-2.26
41.37,19.08,39.55,2.17,1.05,100.0,55,2.0,72.89,75.0,-2.11
46.1,24.97,28.93,1.85,1.59,100.0,70,2.0,67.72,75.0,-7.28
44.76,32.77,22.47,1.37,1.99,100.0,55,5.0,48.65,75.0,-26.35
42.32,44.72,12.96,0.95,3.27,100.0,40,0.5,63.99,75.0,-11.01
56.17,16.46,27.37,3.41,2.05,100.0,70,2.0,71.93,75.0,-3.07
40.45,38.72,20.83,1.04,1.94,100.0,55,2.0,56.38,75.0,-18.62
54.74,24.88,20.38,2.2,2.69,100.0,25,5.0,59.57,75.0,-15.43
71.5,13.7,14.8,5.22,4.83,100.0,70,2.0,71.14,75.0,-3.86
45.74,28.32,25.94,1.62,1.76,100.0,55,1.0,70.66,75.0,-4.34
65.05,25.78,9.17,2.52,7.09,100.0,70,1.0,67.9,75.0,-7.1
33.91,43.88,22.21,0.77,1.53,100.0,70,0.5,59.32,75.0,-15.68
26.19,19.76,54.05,1.33,0.48,100.0,40,5.0,66.34,75.0,-8.66
22.8,43.12,34.08,0.53,0.67,100.0,40,2.0,59.84,75.0,-15.16
53.52,20.88,25.59,2.56,2.09,100.0,25,0.5,88.51,75.0,13.51
69.59,19.91,10.51,3.5,6.62,100.0,40,2.0,78.73,75.0,3.73
39.2,23.92,36.87,1.64,1.06,100.0,40,1.0,81.51,75.0,6.51
38.82,33.56,27.61,1.16,1.41,100.0,40,2.0,67.87,75.0,-7.13
43.35,48.66,7.98,0.89,5.43,100.0,55,2.0,51.71,75.0,-23.29
20.65,27.74,51.61,0.74,0.4,100.0,70,2.0,69.34,75.0,-5.66
46.56,38.83,14.61,1.2,3.19,100.0,40,1.0,66.55,75.0,-8.45
25.48,31.04,43.48,0.82,0.59,100.0,55,1.0,74.57,75.0,-0.43
39.16,37.51,23.33,1.04,1.68,100.0,70,5.0,43.92,75.0,-31.08
26.88,19.65,53.47,1.37,0.5,100.0,40,1.0,82.51,75.0,7.51
70.22,16.73,13.06,4.2,5.38,100.0,40,0.5,86.79,75.0,11.79
54.41,12.07,33.53,4.51,1.62,100.0,70,2.0,76.18,75.0,1.18
57.91,11.97,30.12,4.84,1.92,100.0,55,1.0,83.31,75.0,8.31
46.91,25.45,27.64,1.84,1.7,100.0,55,0.5,75.02,75.0,0.02
37.59,24.14,38.27,1.56,0.98,100.0,25,1.0,82.43,75.0,7.43
39.72,22.63,37.65,1.76,1.05,100.0,70,2.0,71.92,75.0,-3.08
60.35,29.64,10.01,2.04,6.03,100.0,25,0.5,80.42,75.0,5.42
65.14,22.83,12.03,2.85,5.42,100.0,55,1.0,75.28,75.0,0.28
67.49,17.69,14.81,3.82,4.56,100.0,40,1.0,82.9,75.0,7.9
67.38,22.38,10.24,3.01,6.58,100.0,25,0.5,86.67,75.0,11.67
25.47,49.0,25.53,0.52,1.0,100.0,55,5.0,36.81,75.0,-38.19
49.67,26.44,23.89,1.88,2.08,100.0,55,0.5,72.03,75.0,-2.97
23.45,27.79,48.76,0.84,0.48,100.0,40,0.5,83.83,75.0,8.83
52.97,33.06,13.97,1.6,3.79,100.0,70,0.5,65.16,75.0,-9.84
21.66,48.88,29.46,0.44,0.74,100.0,55,0.5,58.16,75.0,-16.84
73.26,19.66,7.07,3.73,10.36,100.0,25,1.0,76.55,75.0,1.55
41.05,37.25,21.69,1.1,1.89,100.0,40,0.5,72.31,75.0,-2.69
27.02,38.64,34.34,0.7,0.79,100.0,70,0.5,60.02,75.0,-14.98
28.58,34.29,37.13,0.83,0.77,100.0,70,2.0,58.46,75.0,-16.54
65.69,13.54,20.77,4.85,3.16,100.0,70,1.0,80.36,75.0,5.36
57.09,37.07,5.83,1.54,9.79,100.0,55,2.0,60.8,75.0,-14.2
26.07,12.56,61.37,2.07,0.42,100.0,70,1.0,81.39,75.0,6.39
25.05,33.85,41.11,0.74,0.61,100.0,55,5.0,49.02,75.0,-25.98
23.48,13.53,62.98,1.74,0.37,100.0,40,5.0,66.21,75.0,-8.79
24.37,18.44,57.2,1.32,0.43,100.0,40,1.0,83.17,75.0,8.17
28.42,49.26,22.33,0.58,1.27,100.0,70,5.0,34.55,75.0,-40.45
62.37,11.21,26.41,5.56,2.36,100.0,40,5.0,65.29,75.0,-9.71
24.88,43.75,31.37,0.57,0.79,100.0,25,1.0,66.78,75.0,-8.22
25.09,28.41,46.5,0.88,0.54,100.0,25,0.5,77.87,75.0,2.87
53.52,18.92,27.56,2.83,1.94,100.0,55,2.0,76.91,75.0,1.91
42.46,15.35,42.19,2.77,1.01,100.0,70,1.0,81.0,75.0,6.0
42.24,48.13,9.63,0.88,4.39,100.0,55,1.0,58.65,75.0,-16.35
68.77,12.91,18.33,5.33,3.75,100.0,40,1.0,88.67,75.0,13.67
76.83,17.96,5.2,4.28,14.77,100.0,70,2.0,66.47,75.0,-8.53
23.17,44.12,32.71,0.53,0.71,100.0,55,1.0,60.31,75.0,-14.69
29.88,18.9,51.22,1.58,0.58,100.0,70,2.0,67.2,75.0,-7.8
42.58,31.79,25.63,1.34,1.66,100.0,70,2.0,70.73,75.0,-4.27
25.01,15.03,59.96,1.66,0.42,100.0,55,5.0,64.03,75.0,-10.97
66.63,21.59,11.78,3.09,5.65,100.0,70,0.5,77.68,75.0,2.68
53.5,19.55,26.95,2.74,1.99,100.0,40,5.0,57.3,75.0,-17.7
45.45,18.54,36.0,2.45,1.26,100.0,25,1.0,88.61,75.0,13.61
53.95,20.45,25.6,2.64,2.11,100.0,25,1.0,88.82,75.0,13.82
26.67,38.16,35.17,0.7,0.76,100.0,70,2.0,57.62,75.0,-17.38
49.56,18.7,31.74,2.65,1.56,100.0,25,5.0,62.05,75.0,-12.95
20.68,24.67,54.65,0.84,0.38,100.0,70,2.0,68.78,75.0,-6.22
48.12,25.64,26.24,1.88,1.83,100.0,55,5.0,47.0,75.0,-28.0
23.38,49.06,27.56,0.48,0.85,100.0,40,5.0,40.3,75.0,-34.7
27.13,48.19,24.68,0.56,1.1,100.0,25,5.0,46.2,75.0,-28.8
27.05,42.01,30.94,0.64,0.87,100.0,55,5.0,42.58,75.0,-32.42
58.95,19.67,21.38,3.0,2.76,100.0,40,5.0,59.52,75.0,-15.48
64.76,12.72,22.52,5.09,2.88,100.0,25,0.5,92.43,75.0,17.43
55.0,22.68,22.32,2.43,2.46,100.0,25,1.0,83.17,75.0,8.17
38.76,30.48,30.76,1.27,1.26,100.0,40,5.0,48.76,75.0,-26.24
42.49,30.24,27.27,1.41,1.56,100.0,55,5.0,50.83,75.0,-24.17
37.14,41.11,21.75,0.9,1.71,100.0,55,2.0,64.71,75.0,-10.29
30.69,22.78,46.52,1.35,0.66,100.0,25,1.0,79.7,75.0,4.7
33.42,43.79,22.79,0.76,1.47,100.0,40,1.0,63.37,75.0,-11.63
71.55,16.7,11.74,4.28,6.09,100.0,55,1.0,84.31,75.0,9.31
20.73,37.49,41.78,0.55,0.5,100.0,40,5.0,53.25,75.0,-21.75
44.21,20.52,35.27,2.15,1.25,100.0,40,2.0,74.63,75.0,-0.37
22.59,12.44,64.97,1.82,0.35,100.0,25,1.0,93.41,75.0,18.41
43.91,11.43,44.66,3.84,0.98,100.0,40,2.0,83.46,75.0,8.46
51.66,10.39,37.94,4.97,1.36,100.0,40,0.5,88.78,75.0,13.78
30.19,38.18,31.63,0.79,0.95,100.0,70,0.5,64.72,75.0,-10.28
24.43,23.18,52.4,1.05,0.47,100.0,40,2.0,75.18,75.0,0.18
53.23,37.74,9.03,1.41,5.89,100.0,55,5.0,43.83,75.0,-31.17
42.98,29.68,27.33,1.45,1.57,100.0,25,1.0,74.71,75.0,-0.29
51.39,22.16,26.45,2.32,1.94,100.0,25,0.5,80.8,75.0,5.8
72.3,13.77,13.93,5.25,5.19,100.0,40,0.5,86.13,75.0,11.13
61.74,21.76,16.5,2.84,3.74,100.0,40,2.0,78.57,75.0,3.57
47.27,27.85,24.87,1.7,1.9,100.0,55,5.0,52.24,75.0,-22.76
41.79,16.87,41.34,2.48,1.01,100.0,70,2.0,72.33,75.0,-2.67
55.06,37.72,7.22,1.46,7.62,100.0,25,2.0,66.58,75.0,-8.42
77.1,14.1,8.8,5.47,8.76,100.0,70,2.0,71.53,75.0,-3.47
22.73,19.01,58.27,1.2,0.39,100.0,55,2.0,82.13,75.0,7.13
36.86,36.49,26.65,1.01,1.38,100.0,25,2.0,67.11,75.0,-7.89
69.03,18.79,12.18,3.67,5.66,100.0,55,5.0,59.17,75.0,-15.83
28.69,13.77,57.54,2.08,0.5,100.0,40,2.0,80.85,75.0,5.85
47.34,16.25,36.41,2.91,1.3,100.0,55,5.0,62.77,75.0,-12.23
30.64,40.17,29.19,0.76,1.05,100.0,40,1.0,67.62,75.0,-7.38
36.64,32.73,30.63,1.12,1.2,100.0,70,1.0,65.98,75.0,-9.02
31.29,20.99,47.73,1.49,0.66,100.0,25,1.0,83.58,75.0,8.58
47.82,28.98,23.2,1.65,2.06,100.0,25,1.0,75.12,75.0,0.12
41.2,23.35,35.45,1.76,1.16,100.0,70,0.5,76.55,75.0,1.55
55.02,33.17,11.81,1.66,4.66,100.0,40,5.0,51.85,75.0,-23.15
24.66,45.56,29.78,0.54,0.83,100.0,25,1.0,65.7,75.0,-9.3
71.76,10.82,17.42,6.63,4.12,100.0,55,0.5,86.53,75.0,11.53
43.57,19.98,36.46,2.18,1.19,100.0,40,5.0,61.55,75.0,-13.45
61.89,30.75,7.36,2.01,8.41,100.0,25,0.5,77.01,75.0,2.01
52.17,12.05,35.79,4.33,1.46,100.0,55,0.5,86.04,75.0,11.04
38.57,19.31,42.11,2.0,0.92,100.0,55,2.0,74.75,75.0,-0.25
20.26,45.63,34.11,0.44,0.59,100.0,25,0.5,77.07,75.0,2.07
61.08,22.41,16.51,2.73,3.7,100.0,70,0.5,75.4,75.0,0.4
29.76,17.27,52.97,1.72,0.56,100.0,70,5.0,61.14,75.0,-13.86
36.43,38.74,24.83,0.94,1.47,100.0,25,0.5,74.18,75.0,-0.82
69.35,22.91,7.74,3.03,8.96,100.0,55,2.0,67.95,75.0,-7.05
55.86,12.92,31.22,4.32,1.79,100.0,70,1.0,83.96,75.0,8.96
63.54,28.56,7.9,2.22,8.05,100.0,70,1.0,65.92,75.0,-9.08
56.8,15.33,27.86,3.7,2.04,100.0,70,5.0,61.22,75.0,-13.78
45.09,47.11,7.8,0.96,5.78,100.0,40,5.0,38.8,75.0,-36.2
69.5,12.59,17.91,5.52,3.88,100.0,70,0.5,78.6,75.0,3.6
28.0,29.72,42.28,0.94,0.66,100.0,25,5.0,59.52,75.0,-15.48
22.71,14.25,63.04,1.59,0.36,100.0,25,0.5,90.52,75.0,15.52
21.58,41.04,37.38,0.53,0.58,100.0,40,5.0,48.62,75.0,-26.38
42.59,42.32,15.09,1.01,2.82,100.0,40,1.0,60.3,75.0,-14.7
26.63,43.87,29.5,0.61,0.9,100.0,25,1.0,66.28,75.0,-8.72
79.24,14.56,6.2,5.44,12.77,100.0,40,1.0,78.13,75.0,3.13
29.03,35.76,35.22,0.81,0.82,100.0,70,1.0,72.96,75.0,-2.04
34.22,39.55,26.22,0.87,1.31,100.0,55,0.5,61.47,75.0,-13.53
42.85,33.09,24.05,1.29,1.78,100.0,55,0.5,70.77,75.0,-4.23
39.42,18.46,42.12,2.14,0.94,100.0,55,0.5,86.22,75.0,11.22
48.88,25.74,25.38,1.9,1.93,100.0,25,1.0,82.63,75.0,7.63
66.15,19.29,14.56,3.43,4.54,100.0,40,2.0,77.5,75.0,2.5
48.12,11.38,40.5,4.23,1.19,100.0,55,1.0,84.14,75.0,9.14
44.89,35.56,19.55,1.26,2.3,100.0,70,1.0,67.12,75.0,-7.88
36.4,13.26,50.34,2.75,0.72,100.0,70,2.0,79.49,75.0,4.49
23.38,27.4,49.22,0.85,0.48,100.0,70,2.0,67.38,75.0,-7.62
71.88,21.71,6.41,3.31,11.21,100.0,40,5.0,58.17,75.0,-16.83
45.73,34.96,19.31,1.31,2.37,100.0,55,1.0,65.55,75.0,-9.45
65.51,28.41,6.08,2.31,10.77,100.0,70,2.0,58.99,75.0,-16.01
42.31,11.58,46.11,3.65,0.92,100.0,40,5.0,72.22,75.0,-2.78
34.65,10.58,54.78,3.27,0.63,100.0,70,2.0,83.01,75.0,8.01
66.14,16.53,17.33,4.0,3.82,100.0,55,2.0,71.51,75.0,-3.49
76.69,14.17,9.14,5.41,8.39,100.0,55,5.0,59.53,75.0,-15.47
70.98,15.82,13.2,4.49,5.38,100.0,55,1.0,78.82,75.0,3.82
34.84,45.09,20.07,0.77,1.74,100.0,55,5.0,39.35,75.0,-35.65
47.03,31.13,21.84,1.51,2.15,100.0,55,1.0,69.59,75.0,-5.41
27.75,28.69,43.56,0.97,0.64,100.0,70,2.0,68.11,75.0,-6.89
77.24,14.27,8.49,5.41,9.1,100.0,55,5.0,57.62,75.0,-17.38
56.37,35.98,7.65,1.57,7.37,100.0,70,0.5,61.54,75.0,-13.46
33.72,44.72,21.56,0.75,1.56,100.0,55,2.0,58.56,75.0,-16.44
63.74,14.77,21.49,4.32,2.97,100.0,70,5.0,56.42,75.0,-18.58
57.09,35.04,7.87,1.63,7.25,100.0,55,2.0,56.47,75.0,-18.53
41.49,13.01,45.5,3.19,0.91,100.0,70,5.0,59.99,75.0,-15.01
26.81,14.5,58.69,1.85,0.46,100.0,55,1.0,83.73,75.0,8.73
60.29,11.97,27.73,5.04,2.17,100.0,40,0.5,93.56,75.0,18.56
51.22,20.3,28.48,2.52,1.8,100.0,70,2.0,72.41,75.0,-2.59
66.34,15.43,18.23,4.3,3.64,100.0,40,0.5,88.97,75.0,13.97
51.21,20.4,28.39,2.51,1.8,100.0,70,1.0,77.02,75.0,2.02
45.18,35.96,18.86,1.26,2.4,100.0,70,5.0,45.55,75.0,-29.45
55.8,12.57,31.63,4.44,1.76,100.0,70,0.5,80.8,75.0,5.8
53.66,34.42,11.93,1.56,4.5,100.0,25,5.0,51.51,75.0,-23.49
40.97,32.14,26.89,1.27,1.52,100.0,55,1.0,66.22,75.0,-8.78
44.21,38.41,17.38,1.15,2.54,100.0,40,2.0,61.22,75.0,-13.78
28.04,14.5,57.46,1.93,0.49,100.0,40,1.0,89.65,75.0,14.65
21.73,39.44,38.84,0.55,0.56,100.0,70,0.5,65.18,75.0,-9.82
65.31,21.0,13.69,3.11,4.77,100.0,40,0.5,85.1,75.0,10.1
57.22,35.56,7.22,1.61,7.93,100.0,40,0.5,66.9,75.0,-8.1
62.24,23.64,14.12,2.63,4.41,100.0,40,5.0,58.37,75.0,-16.63
32.78,49.91,17.32,0.66,1.89,100.0,40,2.0,50.05,75.0,-24.95
28.18,20.54,51.28,1.37,0.55,100.0,25,0.5,88.53,75.0,13.53
20.87,21.17,57.96,0.99,0.36,100.0,70,0.5,81.7,75.0,6.7
41.04,47.23,11.74,0.87,3.5,100.0,40,0.5,61.97,75.0,-13.03
55.4,10.99,33.62,5.04,1.65,100.0,25,1.0,92.33,75.0,17.33
43.53,37.87,18.6,1.15,2.34,100.0,25,0.5,69.97,75.0,-5.03
46.25,39.01,14.74,1.19,3.14,100.0,70,1.0,55.17,75.0,-19.83
75.3,11.27,13.42,6.68,5.61,100.0,55,0.5,86.62,75.0,11.62
40.9,48.98,10.13,0.83,4.04,100.0,55,1.0,60.96,75.0,-14.04
37.24,19.05,43.71,1.95,0.85,100.0,55,5.0,57.05,75.0,-17.95
67.02,12.61,20.37,5.31,3.29,100.0,40,5.0,68.88,75.0,-6.12
43.79,42.87,13.33,1.02,3.28,100.0,70,1.0,57.45,75.0,-17.55
57.33,35.85,6.82,1.6,8.4,100.0,55,2.0,55.58,75.0,-19.42
34.51,46.98,18.5,0.73,1.86,100.0,40,2.0,52.57,75.0,-22.43
76.97,15.13,7.89,5.09,9.75,100.0,70,1.0,76.24,75.0,1.24
28.82,36.01,35.17,0.8,0.82,100.0,40,5.0,49.1,75.0,-25.9
67.89,25.9,6.2,2.62,10.94,100.0,55,1.0,67.55,75.0,-7.45
45.98,35.0,19.02,1.31,2.42,100.0,55,2.0,56.32,75.0,-18.68
35.49,27.57,36.94,1.29,0.96,100.0,25,1.0,76.86,75.0,1.86
47.55,11.6,40.85,4.1,1.16,100.0,25,5.0,71.55,75.0,-3.45
34.06,38.49,27.45,0.89,1.24,100.0,70,2.0,56.78,75.0,-18.22
49.56,43.06,7.39,1.15,6.71,100.0,40,2.0,56.1,75.0,-18.9
39.73,38.06,22.21,1.04,1.79,100.0,40,0.5,70.69,75.0,-4.31
58.0,28.37,13.62,2.04,4.26,100.0,55,0.5,76.12,75.0,1.12
34.41,12.2,53.39,2.82,0.64,100.0,55,2.0,81.98,75.0,6.98
24.55,27.08,48.37,0.91,0.51,100.0,70,2.0,66.52,75.0,-8.48
27.73,28.76,43.51,0.96,0.64,100.0,25,1.0,82.0,75.0,7.0
27.68,47.14,25.18,0.59,1.1,100.0,55,5.0,35.64,75.0,-39.36
29.11,35.64,35.24,0.82,0.83,100.0,40,2.0,64.9,75.0,-10.1
28.33,22.47,49.2,1.26,0.58,100.0,55,5.0,57.59,75.0,-17.41
58.45,31.01,10.53,1.88,5.55,100.0,25,2.0,65.63,75.0,-9.37
30.91,12.64,56.44,2.45,0.55,100.0,40,5.0,67.54,75.0,-7.46
40.74,48.9,10.36,0.83,3.93,100.0,25,0.5,58.08,75.0,-16.92
47.01,41.36,11.64,1.14,4.04,100.0,70,2.0,58.95,75.0,-16.05
48.44,29.11,22.45,1.66,2.16,100.0,70,1.0,65.05,75.0,-9.95
60.05,24.21,15.74,2.48,3.82,100.0,25,5.0,64.38,75.0,-10.62
30.34,37.3,32.36,0.81,0.94,100.0,40,2.0,64.24,75.0,-10.76
31.54,36.49,31.97,0.86,0.99,100.0,25,0.5,76.85,75.0,1.85
22.45,38.61,38.93,0.58,0.58,100.0,55,0.5,66.9,75.0,-8.1
30.14,20.73,49.14,1.45,0.61,100.0,55,0.5,82.53,75.0,7.53
36.72,22.63,40.66,1.62,0.9,100.0,25,0.5,87.68,75.0,12.68
30.62,15.01,54.37,2.04,0.56,100.0,55,2.0,80.92,75.0,5.92
25.32,36.22,38.46,0.7,0.66,100.0,25,1.0,75.82,75.0,0.82
27.24,11.59,61.17,2.35,0.45,100.0,55,5.0,65.9,75.0,-9.1
47.65,33.91,18.45,1.41,2.58,100.0,25,1.0,71.67,75.0,-3.33
32.38,44.79,22.83,0.72,1.42,100.0,55,5.0,35.15,75.0,-39.85
41.86,45.63,12.51,0.92,3.35,100.0,40,1.0,62.88,75.0,-12.12
50.21,27.96,21.83,1.8,2.3,100.0,40,2.0,72.86,75.0,-2.14
61.42,28.37,10.2,2.16,6.02,100.0,55,2.0,70.01,75.0,-4.99
22.36,13.08,64.56,1.71,0.35,100.0,25,5.0,73.22,75.0,-1.78
37.87,42.18,19.96,0.9,1.9,100.0,55,2.0,54.17,75.0,-20.83
48.02,44.32,7.66,1.08,6.26,100.0,70,5.0,30.65,75.0,-44.35
24.91,19.79,55.31,1.26,0.45,100.0,70,1.0,80.81,75.0,5.81
33.67,25.66,40.68,1.31,0.83,100.0,25,2.0,70.72,75.0,-4.28
31.96,45.55,22.49,0.7,1.42,100.0,55,2.0,53.34,75.0,-21.66
23.66,45.08,31.25,0.52,0.76,100.0,55,5.0,39.89,75.0,-35.11
36.61,19.73,43.66,1.86,0.84,100.0,40,5.0,62.35,75.0,-12.65
45.53,19.61,34.87,2.32,1.31,100.0,25,5.0,64.87,75.0,-10.13
64.9,17.7,17.4,3.67,3.73,100.0,70,5.0,55.77,75.0,-19.23
31.07,14.08,54.85,2.21,0.57,100.0,70,0.5,76.89,75.0,1.89
32.56,46.44,20.99,0.7,1.55,100.0,25,5.0,44.63,75.0,-30.37
42.23,42.82,14.95,0.99,2.82,100.0,70,0.5,53.33,75.0,-21.67
49.07,40.4,10.53,1.21,4.66,100.0,25,1.0,69.97,75.0,-5.03
57.1,11.95,30.95,4.78,1.84,100.0,70,5.0,59.06,75.0,-15.94
42.13,43.75,14.12,0.96,2.98,100.0,70,0.5,52.82,75.0,-22.18
47.75,27.52,24.73,1.74,1.93,100.0,25,0.5,78.26,75.0,3.26
64.85,23.7,11.46,2.74,5.66,100.0,25,0.5,80.35,75.0,5.35
22.2,31.86,45.94,0.7,0.48,100.0,70,2.0,66.86,75.0,-8.14
35.15,13.65,51.2,2.57,0.69,100.0,70,0.5,84.65,75.0,9.65
65.33,21.21,13.46,3.08,4.85,100.0,40,5.0,59.53,75.0,-15.47
56.3,12.12,31.57,4.64,1.78,100.0,55,5.0,67.21,75.0,-7.79
50.7,17.46,31.84,2.9,1.59,100.0,25,5.0,65.67,75.0,-9.33
51.93,17.53,30.54,2.96,1.7,100.0,25,0.5,90.55,75.0,15.55
26.43,17.37,56.2,1.52,0.47,100.0,55,0.5,87.01,75.0,12.01
46.84,12.28,40.88,3.81,1.15,100.0,40,2.0,78.63,75.0,3.63
51.96,33.51,14.53,1.55,3.58,100.0,70,1.0,68.41,75.0,-6.59
34.55,43.61,21.84,0.79,1.58,100.0,70,2.0,48.39,75.0,-26.61
36.15,10.7,53.15,3.38,0.68,100.0,40,5.0,72.58,75.0,-2.42
42.64,11.96,45.4,3.56,0.94,100.0,40,5.0,63.62,75.0,-11.38
21.2,32.91,45.88,0.64,0.46,100.0,55,5.0,52.35,75.0,-22.65
39.32,42.78,17.9,0.92,2.2,100.0,55,2.0,61.43,75.0,-13.57
32.69,23.07,44.24,1.42,0.74,100.0,70,5.0,53.64,75.0,-21.36
39.65,23.98,36.37,1.65,1.09,100.0,40,5.0,58.08,75.0,-16.92
27.19,33.85,38.96,0.8,0.7,100.0,40,5.0,54.03,75.0,-20.97
73.43,20.97,5.6,3.5,13.11,100.0,70,0.5,73.39,75.0,-1.61
55.62,11.06,33.32,5.03,1.67,100.0,70,1.0,87.04,75.0,12.04
23.33,18.28,58.39,1.28,0.4,100.0,70,0.5,82.12,75.0,7.12
36.94,26.68,36.38,1.38,1.02,100.0,70,0.5,72.5,75.0,-2.5
49.91,33.23,16.86,1.5,2.96,100.0,70,1.0,62.8,75.0,-12.2
25.22,39.67,35.12,0.64,0.72,100.0,55,1.0,61.95,75.0,-13.05
52.23,37.01,10.76,1.41,4.85,100.0,70,2.0,54.29,75.0,-20.71
55.21,18.24,26.55,3.03,2.08,100.0,40,1.0,80.84,75.0,5.84
64.73,24.1,11.17,2.69,5.79,100.0,25,2.0,72.79,75.0,-2.21
45.9,15.04,39.06,3.05,1.18,100.0,55,2.0,75.4,75.0,0.4
27.65,15.19,57.15,1.82,0.48,100.0,40,0.5,95.88,75.0,20.88
37.03,37.05,25.93,1.0,1.43,100.0,25,5.0,48.57,75.0,-26.43
41.78,44.34,13.87,0.94,3.01,100.0,55,0.5,62.29,75.0,-12.71
48.89,19.16,31.95,2.55,1.53,100.0,70,0.5,80.06,75.0,5.06
54.25,35.13,10.62,1.54,5.11,100.0,55,1.0,67.36,75.0,-7.64
41.37,17.36,41.27,2.38,1.0,100.0,70,1.0,77.8,75.0,2.8
79.19,14.23,6.58,5.57,12.03,100.0,70,2.0,70.98,75.0,-4.02
22.66,19.27,58.06,1.18,0.39,100.0,70,2.0,74.67,75.0,-0.33
34.23,33.15,32.62,1.03,1.05,100.0,25,2.0,70.86,75.0,-4.14
26.11,34.73,39.16,0.75,0.67,100.0,55,1.0,67.83,75.0,-7.17
29.17,41.26,29.57,0.71,0.99,100.0,70,2.0,50.39,75.0,-24.61
34.76,38.13,27.11,0.91,1.28,100.0,40,2.0,61.62,75.0,-13.38
29.64,43.38,26.98,0.68,1.1,100.0,55,1.0,57.89,75.0,-17.11
31.19,12.25,56.56,2.55,0.55,100.0,40,5.0,67.08,75.0,-7.92
37.11,39.9,22.99,0.93,1.61,100.0,25,0.5,71.97,75.0,-3.03
30.4,44.03,25.56,0.69,1.19,100.0,25,1.0,67.81,75.0,-7.19
20.15,23.44,56.41,0.86,0.36,100.0,55,2.0,78.58,75.0,3.58
24.81,35.62,39.57,0.7,0.63,100.0,25,0.5,74.91,75.0,-0.09
51.47,22.57,25.96,2.28,1.98,100.0,25,1.0,84.12,75.0,9.12
44.62,48.32,7.06,0.92,6.32,100.0,55,0.5,59.3,75.0,-15.7
78.94,11.34,9.72,6.96,8.12,100.0,40,0.5,91.42,75.0,16.42
26.72,33.19,40.09,0.81,0.67,100.0,70,5.0,48.5,75.0,-26.5
43.87,16.66,39.47,2.63,1.11,100.0,55,2.0,73.26,75.0,-1.74
26.07,15.37,58.56,1.7,0.45,100.0,55,1.0,78.93,75.0,3.93
71.93,17.04,11.03,4.22,6.52,100.0,70,2.0,71.11,75.0,-3.89
69.02,19.42,11.56,3.55,5.97,100.0,40,5.0,57.98,75.0,-17.02
35.47,29.77,34.75,1.19,1.02,100.0,70,5.0,45.69,75.0,-29.31
30.25,46.59,23.15,0.65,1.31,100.0,70,1.0,51.9,75.0,-23.1
60.12,18.47,21.41,3.26,2.81,100.0,40,1.0,81.7,75.0,6.7
75.76,15.77,8.47,4.8,8.95,100.0,40,5.0,66.33,75.0,-8.67
53.41,40.36,6.24,1.32,8.56,100.0,70,1.0,57.15,75.0,-17.85
54.3,30.02,15.68,1.81,3.46,100.0,70,0.5,70.82,75.0,-4.18
36.8,46.47,16.73,0.79,2.2,100.0,55,0.5,60.34,75.0,-14.66
66.17,15.86,17.97,4.17,3.68,100.0,40,5.0,58.82,75.0,-16.18
31.22,35.84,32.94,0.87,0.95,100.0,25,2.0,70.41,75.0,-4.59
39.42,19.32,41.26,2.04,0.96,100.0,40,1.0,79.32,75.0,4.32
45.53,16.27,38.2,2.8,1.19,100.0,70,1.0,78.5,75.0,3.5
50.46,37.34,12.21,1.35,4.13,100.0,70,0.5,62.56,75.0,-12.44
34.54,33.75,31.71,1.02,1.09,100.0,70,1.0,68.23,75.0,-6.77
26.89,40.19,32.92,0.67,0.82,100.0,70,2.0,52.98,75.0,-22.02
56.64,22.38,20.98,2.53,2.7,100.0,25,1.0,82.61,75.0,7.61
37.32,27.92,34.76,1.34,1.07,100.0,40,1.0,73.41,75.0,-1.59
54.87,26.22,18.91,2.09,2.9,100.0,25,0.5,79.5,75.0,4.5
29.26,49.36,21.37,0.59,1.37,100.0,25,1.0,51.68,75.0,-23.32
48.87,21.69,29.44,2.25,1.66,100.0,70,5.0,60.04,75.0,-14.96
51.96,21.79,26.25,2.38,1.98,100.0,25,5.0,64.02,75.0,-10.98
23.11,24.18,52.71,0.96,0.44,100.0,70,2.0,67.04,75.0,-7.96
40.2,32.58,27.22,1.23,1.48,100.0,70,2.0,57.54,75.0,-17.46
28.06,20.09,51.84,1.4,0.54,100.0,70,2.0,70.63,75.0,-4.37
23.8,46.61,29.59,0.51,0.8,100.0,25,2.0,62.48,75.0,-12.52
44.41,32.14,23.45,1.38,1.89,100.0,70,0.5,62.67,75.0,-12.33
39.34,45.83,14.83,0.86,2.65,100.0,25,1.0,63.98,75.0,-11.02
68.59,14.14,17.27,4.85,3.97,100.0,40,0.5,91.64,75.0,16.64
35.28,36.26,28.46,0.97,1.24,100.0,70,2.0,55.06,75.0,-19.94
20.66,34.64,44.7,0.6,0.46,100.0,55,1.0,69.46,75.0,-5.54
65.61,16.75,17.64,3.92,3.72,100.0,55,5.0,65.65,75.0,-9.35
30.19,28.97,40.84,1.04,0.74,100.0,55,0.5,77.2,75.0,2.2
48.29,28.12,23.59,1.72,2.05,100.0,55,1.0,72.06,75.0,-2.94
44.71,47.83,7.46,0.93,5.99,100.0,55,5.0,37.79,75.0,-37.21
40.93,37.07,22.0,1.1,1.86,100.0,25,5.0,50.05,75.0,-24.95
59.15,25.67,15.18,2.3,3.9,100.0,40,2.0,74.45,75.0,-0.55
69.84,17.53,12.63,3.98,5.53,100.0,25,5.0,62.79,75.0,-12.21
67.54,12.97,19.5,5.21,3.46,100.0,70,5.0,53.0,75.0,-22.0
27.46,13.72,58.82,2.0,0.47,100.0,40,2.0,82.1,75.0,7.1
63.85,15.75,20.39,4.05,3.13,100.0,40,1.0,80.11,75.0,5.11
76.3,14.19,9.51,5.38,8.02,100.0,40,1.0,82.18,75.0,7.18
30.87,26.92,42.21,1.15,0.73,100.0,40,2.0,71.6,75.0,-3.4
23.99,41.82,34.19,0.57,0.7,100.0,55,0.5,69.23,75.0,-5.77
64.47,15.66,19.88,4.12,3.24,100.0,70,2.0,74.11,75.0,-0.89
54.47,15.21,30.32,3.58,1.8,100.0,40,1.0,85.17,75.0,10.17
67.27,15.02,17.7,4.48,3.8,100.0,40,0.5,85.74,75.0,10.74
28.39,17.89,53.73,1.59,0.53,100.0,55,2.0,73.67,75.0,-1.33
67.72,13.9,18.38,4.87,3.68,100.0,25,1.0,80.56,75.0,5.56
32.1,16.67,51.23,1.92,0.63,100.0,25,1.0,88.79,75.0,13.79
29.82,46.95,23.23,0.64,1.28,100.0,25,1.0,66.84,75.0,-8.16
29.86,42.86,27.29,0.7,1.09,100.0,70,5.0,38.4,75.0,-36.6
68.87,24.16,6.96,2.85,9.89,100.0,25,5.0,57.18,75.0,-17.82
35.23,26.74,38.03,1.32,0.93,100.0,40,0.5,80.98,75.0,5.98
51.38,31.49,17.13,1.63,3.0,100.0,55,0.5,70.92,75.0,-4.08
41.53,37.08,21.39,1.12,1.94,100.0,55,0.5,72.74,75.0,-2.26
65.82,23.78,10.4,2.77,6.33,100.0,25,5.0,63.09,75.0,-11.91
43.55,35.15,21.3,1.24,2.04,100.0,55,0.5,71.9,75.0,-3.1
69.0,20.64,10.36,3.34,6.66,100.0,40,1.0,80.86,75.0,5.86
46.35,11.56,42.09,4.01,1.1,100.0,25,1.0,87.25,75.0,12.25
42.62,28.22,29.16,1.51,1.46,100.0,40,0.5,79.65,75.0,4.65
47.76,45.64,6.6,1.05,7.24,100.0,70,0.5,58.34,75.0,-16.66
38.08,32.78,29.14,1.16,1.31,100.0,40,5.0,53.79,75.0,-21.21
61.28,29.93,8.79,2.05,6.97,100.0,40,1.0,73.41,75.0,-1.59
39.37,28.31,32.33,1.39,1.22,100.0,40,2.0,71.78,75.0,-3.22
33.93,16.54,49.52,2.05,0.69,100.0,40,2.0,88.47,75.0,13.47
52.73,30.76,16.52,1.71,3.19,100.0,70,5.0,45.89,75.0,-29.11
43.03,36.97,19.99,1.16,2.15,100.0,25,5.0,53.93,75.0,-21.07
28.84,15.6,55.57,1.85,0.52,100.0,40,5.0,65.23,75.0,-9.77
47.15,30.53,22.32,1.54,2.11,100.0,25,1.0,78.24,75.0,3.24
57.45,37.47,5.08,1.53,11.31,100.0,55,0.5,68.6,75.0,-6.4
27.01,19.74,53.24,1.37,0.51,100.0,40,0.5,87.1,75.0,12.1
72.87,19.7,7.43,3.7,9.8,100.0,40,5.0,63.96,75.0,-11.04
57.66,14.28,28.06,4.04,2.06,100.0,55,1.0,79.16,75.0,4.16
40.09,41.23,18.68,0.97,2.15,100.0,25,2.0,61.55,75.0,-13.45
28.36,46.41,25.24,0.61,1.12,100.0,70,5.0,36.68,75.0,-38.32
67.64,25.31,7.05,2.67,9.6,100.0,40,1.0,77.63,75.0,2.63
57.2,35.23,7.57,1.62,7.56,100.0,55,5.0,45.64,75.0,-29.36
52.01,27.21,20.79,1.91,2.5,100.0,55,1.0,75.89,75.0,0.89
45.27,17.37,37.36,2.61,1.21,100.0,40,1.0,81.59,75.0,6.59
67.32,22.41,10.27,3.0,6.55,100.0,25,5.0,56.91,75.0,-18.09
29.1,40.49,30.41,0.72,0.96,100.0,25,0.5,73.13,75.0,-1.87
38.7,47.45,13.85,0.82,2.79,100.0,40,5.0,39.94,75.0,-35.06
34.91,47.63,17.46,0.73,2.0,100.0,55,0.5,61.53,75.0,-13.47
64.64,16.99,18.37,3.8,3.52,100.0,40,0.5,84.36,75.0,9.36
22.01,44.99,33.0,0.49,0.67,100.0,70,2.0,51.79,75.0,-23.21
54.19,39.5,6.31,1.37,8.59,100.0,70,1.0,58.76,75.0,-16.24
65.75,20.11,14.14,3.27,4.65,100.0,25,5.0,62.42,75.0,-12.58
72.61,12.69,14.7,5.72,4.94,100.0,70,1.0,77.67,75.0,2.67
40.52,20.72,38.76,1.96,1.05,100.0,55,2.0,72.76,75.0,-2.24
70.37,12.59,17.03,5.59,4.13,100.0,70,0.5,80.18,75.0,5.18
26.64,35.33,38.03,0.75,0.7,100.0,40,5.0,53.64,75.0,-21.36
79.76,13.65,6.59,5.84,12.1,100.0,55,1.0,80.69,75.0,5.69
27.65,20.29,52.06,1.36,0.53,100.0,25,2.0,87.78,75.0,12.78
43.84,38.78,17.39,1.13,2.52,100.0,25,0.5,72.58,75.0,-2.42
67.84,11.12,21.04,6.1,3.22,100.0,70,0.5,81.16,75.0,6.16
29.0,25.01,45.99,1.16,0.63,100.0,25,1.0,90.1,75.0,15.1
33.76,35.07,31.17,0.96,1.08,100.0,40,0.5,74.31,75.0,-0.69
63.34,15.84,20.82,4.0,3.04,100.0,55,2.0,77.96,75.0,2.96
31.51,27.1,41.39,1.16,0.76,100.0,40,0.5,81.45,75.0,6.45
58.47,19.4,22.13,3.01,2.64,100.0,40,5.0,62.5,75.0,-12.5
54.87,35.07,10.07,1.56,5.45,100.0,40,5.0,50.07,75.0,-24.93
52.56,26.21,21.23,2.01,2.48,100.0,40,1.0,72.47,75.0,-2.53
35.11,33.84,31.05,1.04,1.13,100.0,55,2.0,64.52,75.0,-10.48
40.74,14.3,44.96,2.85,0.91,100.0,55,0.5,82.01,75.0,7.01
30.9,10.68,58.43,2.89,0.53,100.0,40,0.5,92.35,75.0,17.35
50.36,39.1,10.54,1.29,4.78,100.0,40,0.5,66.0,75.0,-9.0
55.0,20.79,24.21,2.65,2.27,100.0,25,5.0,63.94,75.0,-11.06
44.05,42.79,13.16,1.03,3.35,100.0,25,2.0,62.37,75.0,-12.63
43.92,37.17,18.91,1.18,2.32,100.0,55,0.5,68.81,75.0,-6.19
27.18,28.82,44.0,0.94,0.62,100.0,25,1.0,80.09,75.0,5.09
29.2,20.61,50.19,1.42,0.58,100.0,55,2.0,72.77,75.0,-2.23
55.17,36.51,8.31,1.51,6.64,100.0,55,2.0,58.49,75.0,-16.51
45.0,25.52,29.48,1.76,1.53,100.0,70,0.5,76.35,75.0,1.35
24.37,25.04,50.6,0.97,0.48,100.0,55,5.0,59.74,75.0,-15.26
21.09,30.12,48.8,0.7,0.43,100.0,25,2.0,70.36,75.0,-4.64
25.93,35.6,38.47,0.73,0.67,100.0,70,1.0,60.33,75.0,-14.67
75.93,15.43,8.64,4.92,8.78,100.0,25,2.0,77.88,75.0,2.88
44.95,29.79,25.25,1.51,1.78,100.0,55,5.0,53.81,75.0,-21.19
38.32,43.97,17.71,0.87,2.16,100.0,55,1.0,63.64,75.0,-11.36
75.35,16.55,8.1,4.55,9.3,100.0,40,5.0,58.45,75.0,-16.55
62.43,21.98,15.59,2.84,4.0,100.0,55,0.5,78.6,75.0,3.6
29.15,14.01,56.84,2.08,0.51,100.0,70,2.0,82.38,75.0,7.38
54.58,20.87,24.55,2.62,2.22,100.0,55,1.0,78.09,75.0,3.09
45.62,36.22,18.16,1.26,2.51,100.0,40,5.0,52.72,75.0,-22.28
45.45,25.13,29.42,1.81,1.54,100.0,55,0.5,79.85,75.0,4.85
64.19,13.54,22.28,4.74,2.88,100.0,55,1.0,79.02,75.0,4.02
42.54,16.82,40.64,2.53,1.05,100.0,55,2.0,75.72,75.0,0.72
65.47,15.45,19.08,4.24,3.43,100.0,40,2.0,78.2,75.0,3.2
47.05,35.19,17.76,1.34,2.65,100.0,25,5.0,52.46,75.0,-22.54
26.79,26.65,46.56,1.01,0.58,100.0,55,1.0,77.75,75.0,2.75
51.81,35.22,12.97,1.47,3.99,100.0,70,0.5,66.37,75.0,-8.63
62.25,22.05,15.71,2.82,3.96,100.0,40,0.5,71.83,75.0,-3.17
27.48,42.83,29.69,0.64,0.93,100.0,70,0.5,57.55,75.0,-17.45
35.61,10.74,53.65,3.31,0.66,100.0,55,5.0,60.28,75.0,-14.72
72.19,12.8,15.0,5.64,4.81,100.0,40,0.5,87.56,75.0,12.56
51.13,12.27,36.6,4.17,1.4,100.0,55,1.0,84.8,75.0,9.8
55.48,14.82,29.71,3.74,1.87,100.0,70,5.0,59.45,75.0,-15.55
43.94,33.23,22.83,1.32,1.92,100.0,40,2.0,63.14,75.0,-11.86
23.29,47.15,29.56,0.49,0.79,100.0,25,5.0,46.97,75.0,-28.03
40.11,29.87,30.02,1.34,1.34,100.0,25,5.0,59.24,75.0,-15.76
50.76,31.68,17.56,1.6,2.89,100.0,25,5.0,50.81,75.0,-24.19
20.28,27.84,51.89,0.73,0.39,100.0,55,1.0,70.31,75.0,-4.69
40.01,38.34,21.65,1.04,1.85,100.0,40,2.0,62.32,75.0,-12.68
43.89,39.27,16.83,1.12,2.61,100.0,70,2.0,60.57,75.0,-14.43
52.24,16.96,30.8,3.08,1.7,100.0,70,5.0,62.31,75.0,-12.69
51.81,19.08,29.12,2.72,1.78,100.0,55,5.0,60.25,75.0,-14.75
40.78,35.49,23.73,1.15,1.72,100.0,55,5.0,44.34,75.0,-30.66
40.82,12.83,46.35,3.18,0.88,100.0,70,1.0,84.32,75.0,9.32
64.25,24.46,11.29,2.63,5.69,100.0,40,1.0,74.65,75.0,-0.35
47.13,31.39,21.47,1.5,2.19,100.0,55,0.5,69.37,75.0,-5.63
33.48,49.85,16.67,0.67,2.01,100.0,40,2.0,47.34,75.0,-27.66
47.15,28.98,23.87,1.63,1.97,100.0,70,0.5,70.91,75.0,-4.09
28.45,42.64,28.91,0.67,0.98,100.0,40,0.5,65.65,75.0,-9.35
30.58,27.28,42.13,1.12,0.73,100.0,25,5.0,60.4,75.0,-14.6
49.9,41.86,8.24,1.19,6.05,100.0,70,1.0,50.63,75.0,-24.37
45.14,33.82,21.05,1.33,2.14,100.0,25,0.5,76.44,75.0,1.44
28.81,40.62,30.57,0.71,0.94,100.0,70,0.5,55.83,75.0,-19.17
41.74,26.44,31.82,1.58,1.31,100.0,25,0.5,85.44,75.0,10.44
54.84,34.17,10.99,1.6,4.99,100.0,40,5.0,50.74,75.0,-24.26
57.94,35.2,6.86,1.65,8.44,100.0,70,5.0,41.21,75.0,-33.79
20.79,26.7,52.52,0.78,0.4,100.0,70,1.0,74.25,75.0,-0.75
59.81,15.77,24.42,3.79,2.45,100.0,25,0.5,85.97,75.0,10.97
30.68,13.74,55.58,2.23,0.55,100.0,40,0.5,90.66,75.0,15.66
77.66,10.67,11.67,7.28,6.66,100.0,70,1.0,82.08,75.0,7.08
28.92,44.94,26.14,0.64,1.11,100.0,55,1.0,50.87,75.0,-24.13
44.88,19.46,35.66,2.31,1.26,100.0,25,1.0,83.6,75.0,8.6
25.12,18.46,56.42,1.36,0.45,100.0,70,2.0,73.65,75.0,-1.35
41.9,38.7,19.4,1.08,2.16,100.0,40,1.0,66.26,75.0,-8.74
50.13,22.8,27.07,2.2,1.85,100.0,40,5.0,63.12,75.0,-11.88
55.72,30.24,14.04,1.84,3.97,100.0,40,2.0,63.86,75.0,-11.14
24.02,16.5,59.47,1.46,0.4,100.0,40,1.0,84.53,75.0,9.53
26.01,40.51,33.48,0.64,0.78,100.0,25,5.0,44.25,75.0,-30.75
32.59,44.06,23.34,0.74,1.4,100.0,70,1.0,62.02,75.0,-12.98
60.42,18.06,21.52,3.35,2.81,100.0,25,1.0,83.77,75.0,8.77
32.31,26.27,41.42,1.23,0.78,100.0,25,2.0,74.44,75.0,-0.56
31.44,40.49,28.06,0.78,1.12,100.0,40,5.0,46.3,75.0,-28.7
22.19,15.76,62.05,1.41,0.36,100.0,55,0.5,88.59,75.0,13.59
48.32,10.34,41.33,4.67,1.17,100.0,40,1.0,89.93,75.0,14.93
53.89,10.8,35.31,4.99,1.53,100.0,55,2.0,87.92,75.0,12.92
23.94,33.46,42.59,0.72,0.56,100.0,25,5.0,57.2,75.0,-17.8
66.53,28.22,5.25,2.36,12.66,100.0,40,1.0,71.38,75.0,-3.62
47.2,30.72,22.08,1.54,2.14,100.0,40,0.5,73.52,75.0,-1.48
51.46,10.3,38.24,5.0,1.35,100.0,25,5.0,70.44,75.0,-4.56
46.45,26.91,26.65,1.73,1.74,100.0,40,5.0,51.32,75.0,-23.68
44.05,38.72,17.23,1.14,2.56,100.0,70,2.0,55.74,75.0,-19.26
53.58,27.71,18.71,1.93,2.86,100.0,55,1.0,73.83,75.0,-1.17
29.31,39.29,31.4,0.75,0.93,100.0,55,1.0,62.8,75.0,-12.2
30.92,19.32,49.76,1.6,0.62,100.0,55,5.0,58.03,75.0,-16.97
20.47,19.37,60.17,1.06,0.34,100.0,40,1.0,89.01,75.0,14.01
48.52,30.85,20.63,1.57,2.35,100.0,70,5.0,42.19,75.0,-32.81
42.4,18.43,39.17,2.3,1.08,100.0,40,0.5,79.31,75.0,4.31
36.24,19.47,44.29,1.86,0.82,100.0,55,2.0,71.34,75.0,-3.66
58.64,35.12,6.24,1.67,9.4,100.0,40,1.0,63.42,75.0,-11.58
44.52,43.2,12.28,1.03,3.63,100.0,55,1.0,61.15,75.0,-13.85
21.52,26.63,51.85,0.81,0.42,100.0,25,2.0,75.47,75.0,0.47
29.37,20.33,50.3,1.44,0.58,100.0,55,0.5,81.64,75.0,6.64
31.57,16.88,51.55,1.87,0.61,100.0,25,0.5,94.29,75.0,19.29
57.64,22.22,20.14,2.59,2.86,100.0,25,0.5,81.89,75.0,6.89
21.63,27.92,50.45,0.77,0.43,100.0,25,0.5,85.32,75.0,10.32
33.32,29.52,37.17,1.13,0.9,100.0,55,0.5,79.09,75.0,4.09
33.86,18.17,47.97,1.86,0.71,100.0,70,5.0,56.71,75.0,-18.29
50.49,27.46,22.05,1.84,2.29,100.0,55,1.0,74.2,75.0,-0.8
21.18,24.35,54.47,0.87,0.39,100.0,40,1.0,79.68,75.0,4.68
26.25,49.83,23.93,0.53,1.1,100.0,40,1.0,62.29,75.0,-12.71
47.86,16.39,35.75,2.92,1.34,100.0,70,5.0,53.39,75.0,-21.61
30.71,29.44,39.85,1.04,0.77,100.0,70,2.0,59.44,75.0,-15.56
59.16,32.63,8.2,1.81,7.21,100.0,70,0.5,65.3,75.0,-9.7
34.29,46.67,19.04,0.73,1.8,100.0,25,2.0,56.57,75.0,-18.43
25.97,42.03,32.0,0.62,0.81,100.0,70,0.5,60.73,75.0,-14.27
34.59,28.05,37.36,1.23,0.93,100.0,70,0.5,71.95,75.0,-3.05
69.05,18.21,12.74,3.79,5.42,100.0,70,2.0,71.69,75.0,-3.31
50.47,41.54,7.99,1.21,6.31,100.0,55,1.0,59.5,75.0,-15.5
49.75,16.69,33.56,2.98,1.48,100.0,40,5.0,61.2,75.0,-13.8
43.83,17.69,38.48,2.48,1.14,100.0,40,2.0,77.41,75.0,2.41
60.09,28.56,11.36,2.1,5.29,100.0,70,1.0,64.84,75.0,-10.16
32.3,19.83,47.87,1.63,0.67,100.0,40,0.5,82.6,75.0,7.6
37.59,46.59,15.82,0.81,2.38,100.0,55,1.0,53.13,75.0,-21.87
75.83,11.14,13.04,6.81,5.82,100.0,40,0.5,88.22,75.0,13.22
20.78,48.09,31.13,0.43,0.67,100.0,25,0.5,65.24,75.0,-9.76
25.13,31.32,43.55,0.8,0.58,100.0,55,1.0,74.33,75.0,-0.67
32.47,35.26,32.27,0.92,1.01,100.0,40,0.5,68.7,75.0,-6.3
21.59,31.72,46.69,0.68,0.46,100.0,40,5.0,52.84,75.0,-22.16
30.89,15.18,53.94,2.04,0.57,100.0,55,1.0,89.21,75.0,14.21
54.98,25.03,19.98,2.2,2.75,100.0,40,2.0,68.66,75.0,-6.34
45.29,13.97,40.75,3.24,1.11,100.0,40,0.5,88.09,75.0,13.09
28.68,42.27,29.05,0.68,0.99,100.0,70,0.5,58.17,75.0,-16.83
56.67,10.66,32.67,5.32,1.73,100.0,25,5.0,66.76,75.0,-8.24
40.51,41.12,18.37,0.99,2.2,100.0,55,5.0,46.7,75.0,-28.3
35.57,18.82,45.62,1.89,0.78,100.0,70,2.0,72.9,75.0,-2.1
42.78,16.58,40.64,2.58,1.05,100.0,40,0.5,87.36,75.0,12.36
55.42,26.25,18.33,2.11,3.02,100.0,55,2.0,62.37,75.0,-12.63
36.08,47.06,16.85,0.77,2.14,100.0,55,2.0,53.82,75.0,-21.18
37.78,23.25,38.98,1.62,0.97,100.0,25,0.5,88.6,75.0,13.6
44.56,26.76,28.68,1.67,1.55,100.0,25,2.0,77.59,75.0,2.59
53.12,30.69,16.19,1.73,3.28,100.0,55,2.0,66.14,75.0,-8.86
46.17,13.37,40.46,3.45,1.14,100.0,25,5.0,66.3,75.0,-8.7
37.67,49.38,12.95,0.76,2.91,100.0,25,5.0,42.67,75.0,-32.33
52.7,14.75,32.55,3.57,1.62,100.0,40,2.0,81.94,75.0,6.94
65.82,21.42,12.77,3.07,5.15,100.0,25,0.5,78.4,75.0,3.4
28.41,33.43,38.16,0.85,0.74,100.0,25,5.0,52.05,75.0,-22.95
72.11,14.38,13.51,5.01,5.34,100.0,70,2.0,74.95,75.0,-0.05
33.43,32.82,33.75,1.02,0.99,100.0,40,1.0,75.03,75.0,0.03
73.67,16.99,9.34,4.34,7.89,100.0,40,1.0,76.39,75.0,1.39
46.64,46.25,7.11,1.01,6.56,100.0,55,2.0,54.72,75.0,-20.28
45.51,19.82,34.67,2.3,1.31,100.0,25,1.0,84.88,75.0,9.88
21.35,38.7,39.95,0.55,0.53,100.0,70,5.0,45.25,75.0,-29.75
36.12,41.07,22.81,0.88,1.58,100.0,70,0.5,60.13,75.0,-14.87
52.5,36.94,10.57,1.42,4.97,100.0,40,2.0,64.14,75.0,-10.86
58.01,34.58,7.41,1.68,7.83,100.0,25,5.0,54.07,75.0,-20.93
35.47,45.7,18.83,0.78,1.88,100.0,70,0.5,57.34,75.0,-17.66
28.36,13.15,58.49,2.16,0.48,100.0,55,1.0,85.7,75.0,10.7
70.1,23.24,6.67,3.02,10.51,100.0,25,1.0,77.46,75.0,2.46
49.05,41.36,9.58,1.19,5.12,100.0,25,1.0,71.96,75.0,-3.04
76.0,17.47,6.53,4.35,11.63,100.0,25,1.0,83.06,75.0,8.06
30.3,25.58,44.12,1.18,0.69,100.0,70,5.0,49.74,75.0,-25.26
36.34,39.3,24.36,0.92,1.49,100.0,40,5.0,44.78,75.0,-30.22
21.1,37.39,41.51,0.56,0.51,100.0,40,0.5,72.86,75.0,-2.14
74.86,18.48,6.66,4.05,11.24,100.0,55,2.0,73.99,75.0,-1.01
27.07,19.56,53.38,1.38,0.51,100.0,70,0.5,76.14,75.0,1.14
54.59,21.25,24.16,2.57,2.26,100.0,25,2.0,83.08,75.0,8.08
36.44,26.45,37.11,1.38,0.98,100.0,55,1.0,75.13,75.0,0.13
53.25,19.37,27.38,2.75,1.95,100.0,55,1.0,79.58,75.0,4.58
59.09,10.79,30.13,5.48,1.96,100.0,40,1.0,87.17,75.0,12.17
31.74,36.2,32.06,0.88,0.99,100.0,25,1.0,72.93,75.0,-2.07
32.39,48.62,18.99,0.67,1.71,100.0,25,5.0,42.42,75.0,-32.58
20.66,23.66,55.68,0.87,0.37,100.0,70,0.5,80.56,75.0,5.56
28.21,23.54,48.25,1.2,0.58,100.0,70,2.0,69.32,75.0,-5.68
74.0,10.28,15.72,7.2,4.71,100.0,70,2.0,77.67,75.0,2.67
44.88,31.68,23.45,1.42,1.91,100.0,55,5.0,47.87,75.0,-27.13
21.06,13.65,65.29,1.54,0.32,100.0,25,1.0,92.56,75.0,17.56
56.03,15.86,28.1,3.53,1.99,100.0,40,0.5,83.79,75.0,8.79
59.9,16.39,23.71,3.66,2.53,100.0,55,1.0,83.55,75.0,8.55
30.52,41.6,27.87,0.73,1.09,100.0,55,5.0,40.16,75.0,-34.84
65.87,25.03,9.1,2.63,7.24,100.0,40,2.0,69.41,75.0,-5.59
45.13,11.79,43.08,3.83,1.05,100.0,40,5.0,67.11,75.0,-7.89
42.99,34.9,22.11,1.23,1.94,100.0,70,2.0,57.72,75.0,-17.28
51.14,22.36,26.51,2.29,1.93,100.0,40,0.5,83.67,75.0,8.67
22.82,24.75,52.43,0.92,0.44,100.0,40,2.0,73.97,75.0,-1.03
29.98,40.79,29.23,0.73,1.03,100.0,40,0.5,73.05,75.0,-1.95
30.46,39.0,30.54,0.78,1.0,100.0,40,1.0,65.3,75.0,-9.7
24.97,26.01,49.02,0.96,0.51,100.0,70,1.0,73.2,75.0,-1.8
21.41,49.3,29.29,0.43,0.73,100.0,55,5.0,35.09,75.0,-39.91
34.72,26.26,39.02,1.32,0.89,100.0,25,0.5,84.28,75.0,9.28
43.36,40.87,15.77,1.06,2.75,100.0,25,1.0,67.92,75.0,-7.08
37.32,29.36,33.32,1.27,1.12,100.0,55,0.5,73.82,75.0,-1.18
41.34,45.9,12.76,0.9,3.24,100.0,25,1.0,67.71,75.0,-7.29
21.5,20.42,58.09,1.05,0.37,100.0,25,1.0,84.55,75.0,9.55
37.83,13.5,48.68,2.8,0.78,100.0,55,2.0,81.18,75.0,6.18
43.97,10.74,45.29,4.09,0.97,100.0,25,5.0,69.71,75.0,-5.29
48.56,43.02,8.42,1.13,5.77,100.0,25,2.0,61.06,75.0,-13.94
42.53,36.62,20.85,1.16,2.04,100.0,55,0.5,64.37,75.0,-10.63
76.21,18.04,5.75,4.23,13.24,100.0,25,1.0,80.96,75.0,5.96
26.04,38.27,35.69,0.68,0.73,100.0,40,5.0,48.53,75.0,-26.47
32.9,44.01,23.1,0.75,1.42,100.0,55,1.0,65.95,75.0,-9.05
21.87,21.57,56.56,1.01,0.39,100.0,70,1.0,76.86,75.0,1.86
35.74,48.09,16.17,0.74,2.21,100.0,25,2.0,62.92,75.0,-12.08
55.7,11.99,32.3,4.64,1.72,100.0,70,0.5,83.99,75.0,8.99
23.09,16.0,60.92,1.44,0.38,100.0,25,5.0,68.73,75.0,-6.27
49.78,31.5,18.71,1.58,2.66,100.0,40,5.0,56.44,75.0,-18.56
55.81,33.03,11.16,1.69,5.0,100.0,55,5.0,48.3,75.0,-26.7
40.05,35.81,24.14,1.12,1.66,100.0,70,0.5,63.92,75.0,-11.08
66.25,10.68,23.07,6.2,2.87,100.0,55,5.0,65.24,75.0,-9.76
26.4,48.41,25.19,0.55,1.05,100.0,70,0.5,56.25,75.0,-18.75
24.51,11.78,63.71,2.08,0.38,100.0,25,5.0,67.16,75.0,-7.84
63.69,15.72,20.59,4.05,3.09,100.0,40,1.0,85.86,75.0,10.86
49.73,10.56,39.71,4.71,1.25,100.0,70,0.5,88.36,75.0,13.36
61.3,32.67,6.02,1.88,10.18,100.0,70,2.0,64.24,75.0,-10.76
46.09,47.29,6.62,0.97,6.96,100.0,40,5.0,40.82,75.0,-34.18
34.78,36.64,28.58,0.95,1.22,100.0,40,2.0,63.47,75.0,-11.53
45.42,41.62,12.96,1.09,3.5,100.0,40,0.5,69.17,75.0,-5.83
67.96,10.53,21.5,6.45,3.16,100.0,40,1.0,89.33,75.0,14.33
61.68,31.68,6.64,1.95,9.29,100.0,40,2.0,70.4,75.0,-4.6
36.33,28.38,35.29,1.28,1.03,100.0,55,2.0,67.53,75.0,-7.47
55.41,29.96,14.63,1.85,3.79,100.0,25,1.0,74.99,75.0,-0.01
41.66,12.89,45.45,3.23,0.92,100.0,25,1.0,88.38,75.0,13.38
25.49,37.38,37.13,0.68,0.69,100.0,70,0.5,67.66,75.0,-7.34
38.43,17.75,43.82,2.16,0.88,100.0,40,5.0,59.31,75.0,-15.69
28.21,40.61,31.18,0.69,0.9,100.0,55,2.0,61.02,75.0,-13.98
74.31,20.47,5.22,3.63,14.22,100.0,55,2.0,71.96,75.0,-3.04
46.76,15.98,37.26,2.93,1.25,100.0,70,0.5,82.8,75.0,7.8
31.11,35.93,32.96,0.87,0.94,100.0,40,5.0,50.56,75.0,-24.44
52.51,16.9,30.59,3.11,1.72,100.0,25,0.5,93.33,75.0,18.33
26.64,48.26,25.09,0.55,1.06,100.0,40,2.0,58.34,75.0,-16.66
34.26,23.22,42.51,1.48,0.81,100.0,55,2.0,70.17,75.0,-4.83
68.39,16.29,15.32,4.2,4.46,100.0,40,1.0,80.36,75.0,5.36
24.87,44.42,30.71,0.56,0.81,100.0,25,1.0,64.34,75.0,-10.66
61.54,30.73,7.73,2.0,7.96,100.0,25,5.0,55.91,75.0,-19.09
70.95,12.92,16.13,5.49,4.4,100.0,70,2.0,70.57,75.0,-4.43
34.98,35.07,29.95,1.0,1.17,100.0,55,2.0,65.69,75.0,-9.31
49.37,20.13,30.51,2.45,1.62,100.0,40,1.0,84.93,75.0,9.93
33.27,42.15,24.58,0.79,1.35,100.0,40,0.5,64.82,75.0,-10.18
57.63,28.95,13.42,1.99,4.29,100.0,70,0.5,69.02,75.0,-5.98
40.18,41.98,17.83,0.96,2.25,100.0,70,2.0,53.45,75.0,-21.55
22.37,30.07,47.56,0.74,0.47,100.0,70,2.0,67.36,75.0,-7.64
62.33,28.2,9.47,2.21,6.58,100.0,55,5.0,55.04,75.0,-19.96
60.33,33.22,6.45,1.82,9.35,100.0,40,5.0,44.33,75.0,-30.67
30.83,15.3,53.87,2.02,0.57,100.0,70,1.0,79.72,75.0,4.72
54.08,31.88,14.05,1.7,3.85,100.0,55,2.0,62.29,75.0,-12.71
21.93,40.92,37.15,0.54,0.59,100.0,40,0.5,65.37,75.0,-9.63
22.04,13.58,64.38,1.62,0.34,100.0,25,5.0,70.48,75.0,-4.52
61.85,26.72,11.44,2.31,5.41,100.0,70,1.0,69.72,75.0,-5.28
37.84,44.13,18.03,0.86,2.1,100.0,55,1.0,59.07,75.0,-15.93
28.0,23.31,48.69,1.2,0.58,100.0,40,0.5,78.42,75.0,3.42
78.26,13.97,7.77,5.6,10.08,100.0,40,5.0,71.62,75.0,-3.38
76.66,13.63,9.72,5.62,7.89,100.0,70,0.5,80.73,75.0,5.73
48.45,20.51,31.04,2.36,1.56,100.0,70,1.0,75.08,75.0,0.08
41.15,18.06,40.79,2.28,1.01,100.0,40,2.0,75.15,75.0,0.15
70.67,15.16,14.17,4.66,4.99,100.0,55,0.5,83.09,75.0,8.09
39.15,38.8,22.05,1.01,1.77,100.0,25,1.0,69.55,75.0,-5.45
69.73,14.05,16.22,4.96,4.3,100.0,40,2.0,73.12,75.0,-1.88
22.22,34.93,42.85,0.64,0.52,100.0,55,2.0,60.63,75.0,-14.37
55.78,24.24,19.98,2.3,2.79,100.0,70,5.0,53.41,75.0,-21.59
33.8,41.56,24.64,0.81,1.37,100.0,40,5.0,51.21,75.0,-23.79
27.23,19.35,53.42,1.41,0.51,100.0,70,1.0,78.9,75.0,3.9
24.62,35.57,39.81,0.69,0.62,100.0,25,0.5,79.89,75.0,4.89
61.78,19.43,18.8,3.18,3.29,100.0,70,2.0,68.81,75.0,-6.19
40.39,38.55,21.06,1.05,1.92,100.0,25,5.0,49.86,75.0,-25.14
32.74,20.98,46.27,1.56,0.71,100.0,70,5.0,59.21,75.0,-15.79
23.92,15.07,61.01,1.59,0.39,100.0,70,0.5,89.04,75.0,14.04
38.92,44.66,16.42,0.87,2.37,100.0,25,5.0,49.28,75.0,-25.72
52.37,33.74,13.89,1.55,3.77,100.0,70,1.0,60.57,75.0,-14.43
67.44,15.08,17.47,4.47,3.86,100.0,55,0.5,82.49,75.0,7.49
39.13,27.1,33.77,1.44,1.16,100.0,70,2.0,66.24,75.0,-8.76
57.55,16.43,26.01,3.5,2.21,100.0,40,1.0,82.32,75.0,7.32
30.41,44.56,25.03,0.68,1.22,100.0,70,2.0,53.48,75.0,-21.52
23.52,18.56,57.92,1.27,0.41,100.0,55,2.0,79.26,75.0,4.26
33.98,14.23,51.79,2.39,0.66,100.0,40,5.0,70.23,75.0,-4.77
21.46,30.25,48.29,0.71,0.44,100.0,55,1.0,77.71,75.0,2.71
32.93,29.02,38.05,1.13,0.87,100.0,40,1.0,74.5,75.0,-0.5
21.28,47.45,31.28,0.45,0.68,100.0,70,0.5,54.32,75.0,-20.68
42.4,22.85,34.75,1.86,1.22,100.0,55,1.0,77.55,75.0,2.55
45.98,20.67,33.35,2.22,1.38,100.0,70,0.5,83.02,75.0,8.02
45.05,49.58,5.37,0.91,8.39,100.0,40,1.0,56.4,75.0,-18.6
67.93,25.77,6.31,2.64,10.77,100.0,55,2.0,68.65,75.0,-6.35
30.96,16.4,52.64,1.89,0.59,100.0,25,0.5,93.37,75.0,18.37
41.04,29.72,29.24,1.38,1.4,100.0,55,1.0,71.69,75.0,-3.31
66.03,28.88,5.09,2.29,12.96,100.0,70,0.5,68.82,75.0,-6.18
44.12,29.61,26.27,1.49,1.68,100.0,25,5.0,54.13,75.0,-20.87
48.79,43.87,7.34,1.11,6.65,100.0,25,5.0,38.18,75.0,-36.82
38.04,16.31,45.66,2.33,0.83,100.0,40,0.5,84.31,75.0,9.31
59.4,30.65,9.95,1.94,5.97,100.0,25,0.5,75.87,75.0,0.87
38.87,10.8,50.34,3.6,0.77,100.0,25,2.0,90.77,75.0,15.77
40.71,33.27,26.02,1.22,1.56,100.0,40,1.0,71.0,75.0,-4.0
45.07,32.91,22.02,1.37,2.05,100.0,55,5.0,46.61,75.0,-28.39
45.28,19.53,35.19,2.32,1.29,100.0,70,5.0,53.17,75.0,-21.83
56.21,20.12,23.68,2.79,2.37,100.0,55,1.0,79.26,75.0,4.26
34.33,29.46,36.21,1.17,0.95,100.0,25,5.0,62.07,75.0,-12.93
26.63,23.36,50.01,1.14,0.53,100.0,70,5.0,57.84,75.0,-17.16
41.28,14.27,44.45,2.89,0.93,100.0,55,0.5,87.77,75.0,12.77
37.23,19.55,43.21,1.9,0.86,100.0,70,5.0,52.21,75.0,-22.79
37.78,47.97,14.25,0.79,2.65,100.0,25,5.0,41.79,75.0,-33.21
34.02,22.2,43.78,1.53,0.78,100.0,55,5.0,63.68,75.0,-11.32
22.53,16.75,60.72,1.34,0.37,100.0,70,1.0,83.71,75.0,8.71
21.07,28.43,50.5,0.74,0.42,100.0,70,2.0,61.54,75.0,-13.46
43.35,11.62,45.03,3.73,0.96,100.0,55,0.5,87.7,75.0,12.7
45.67,11.41,42.93,4.0,1.06,100.0,55,2.0,81.4,75.0,6.4
43.06,22.93,34.01,1.88,1.27,100.0,25,5.0,60.07,75.0,-14.93
60.78,31.76,7.46,1.91,8.15,100.0,40,5.0,43.58,75.0,-31.42
33.1,32.07,34.84,1.03,0.95,100.0,70,5.0,47.33,75.0,-27.67
53.46,26.12,20.43,2.05,2.62,100.0,55,2.0,65.4,75.0,-9.6
44.04,27.31,28.66,1.61,1.54,100.0,55,1.0,70.4,75.0,-4.6
25.36,48.62,26.01,0.52,0.97,100.0,55,1.0,56.5,75.0,-18.5
45.05,25.09,29.85,1.8,1.51,100.0,70,0.5,73.52,75.0,-1.48
72.75,20.33,6.92,3.58,10.51,100.0,25,2.0,76.43,75.0,1.43
29.93,10.47,59.6,2.86,0.5,100.0,40,1.0,87.98,75.0,12.98
48.04,28.31,23.65,1.7,2.03,100.0,70,0.5,70.39,75.0,-4.61
44.16,33.52,22.32,1.32,1.98,100.0,25,5.0,48.5,75.0,-26.5
30.02,18.24,51.74,1.65,0.58,100.0,70,5.0,59.34,75.0,-15.66
40.61,30.06,29.34,1.35,1.38,100.0,70,0.5,61.83,75.0,-13.17
33.9,10.85,55.25,3.13,0.61,100.0,55,1.0,86.06,75.0,11.06
44.05,44.94,11.01,0.98,4.0,100.0,25,2.0,62.4,75.0,-12.6
65.67,13.36,20.97,4.91,3.13,100.0,55,0.5,81.07,75.0,6.07
56.46,23.55,19.99,2.4,2.82,100.0,55,1.0,76.66,75.0,1.66
50.76,32.55,16.69,1.56,3.04,100.0,25,0.5,79.85,75.0,4.85
33.84,18.2,47.96,1.86,0.71,100.0,55,1.0,71.13,75.0,-3.87
30.59,39.68,29.73,0.77,1.03,100.0,55,5.0,43.74,75.0,-31.26
33.23,12.09,54.68,2.75,0.61,100.0,40,0.5,82.88,75.0,7.88
31.19,44.1,24.71,0.71,1.26,100.0,25,2.0,61.25,75.0,-13.75
66.78,17.93,15.3,3.72,4.36,100.0,25,0.5,86.46,75.0,11.46
41.01,44.98,14.02,0.91,2.93,100.0,55,5.0,31.47,75.0,-43.53
23.47,24.1,52.43,0.97,0.45,100.0,55,5.0,63.15,75.0,-11.85
48.95,37.26,13.79,1.31,3.55,100.0,25,1.0,71.15,75.0,-3.85
31.54,28.72,39.74,1.1,0.79,100.0,25,5.0,56.32,75.0,-18.68
37.62,36.76,25.62,1.02,1.47,100.0,70,1.0,67.22,75.0,-7.78
79.69,15.07,5.24,5.29,15.21,100.0,25,5.0,59.59,75.0,-15.41
30.43,17.14,52.43,1.78,0.58,100.0,70,1.0,75.56,75.0,0.56
43.77,29.72,26.5,1.47,1.65,100.0,55,2.0,58.95,75.0,-16.05
65.49,13.28,21.23,4.93,3.09,100.0,40,1.0,90.23,75.0,15.23
61.76,17.84,20.4,3.46,3.03,100.0,40,1.0,82.55,75.0,7.55
29.23,47.75,23.02,0.61,1.27,100.0,70,2.0,51.85,75.0,-23.15
44.94,47.69,7.36,0.94,6.1,100.0,55,1.0,57.25,75.0,-17.75
33.47,25.05,41.48,1.34,0.81,100.0,55,1.0,77.33,75.0,2.33
33.43,46.93,19.64,0.71,1.7,100.0,55,2.0,53.35,75.0,-21.65
52.22,31.79,15.99,1.64,3.27,100.0,25,5.0,55.16,75.0,-19.84
55.58,20.79,23.63,2.67,2.35,100.0,55,0.5,79.63,75.0,4.63
54.81,38.1,7.1,1.44,7.72,100.0,25,1.0,67.22,75.0,-7.78
25.49,36.36,38.15,0.7,0.67,100.0,70,5.0,44.23,75.0,-30.77
36.24,49.45,14.3,0.73,2.53,100.0,40,0.5,62.13,75.0,-12.87
35.94,20.6,43.46,1.74,0.83,100.0,70,2.0,71.26,75.0,-3.74
27.77,36.88,35.35,0.75,0.79,100.0,55,1.0,62.28,75.0,-12.72
73.32,12.08,14.59,6.07,5.02,100.0,55,1.0,77.97,75.0,2.97
77.34,14.55,8.12,5.32,9.53,100.0,70,2.0,74.88,75.0,-0.12
71.73,10.16,18.12,7.06,3.96,100.0,25,1.0,88.78,75.0,13.78
52.76,11.68,35.56,4.52,1.48,100.0,25,0.5,94.63,75.0,19.63
52.82,28.84,18.33,1.83,2.88,100.0,25,0.5,75.87,75.0,0.87
53.05,41.47,5.48,1.28,9.68,100.0,40,2.0,54.1,75.0,-20.9
25.22,30.39,44.39,0.83,0.57,100.0,40,1.0,72.64,75.0,-2.36
44.51,22.0,33.49,2.02,1.33,100.0,55,5.0,56.28,75.0,-18.72
42.36,16.05,41.59,2.64,1.02,100.0,70,1.0,76.93,75.0,1.93
35.59,21.39,43.03,1.66,0.83,100.0,70,2.0,74.21,75.0,-0.79
63.41,25.04,11.56,2.53,5.49,100.0,55,5.0,53.17,75.0,-21.83
49.75,40.25,10.0,1.24,4.98,100.0,25,0.5,75.87,75.0,0.87
24.86,31.59,43.55,0.79,0.57,100.0,40,0.5,77.96,75.0,2.96
33.21,13.1,53.69,2.54,0.62,100.0,70,5.0,54.96,75.0,-20.04
61.0,10.72,28.28,5.69,2.16,100.0,55,5.0,67.49,75.0,-7.51
24.57,14.09,61.34,1.74,0.4,100.0,25,2.0,81.74,75.0,6.74
23.2,25.92,50.88,0.9,0.46,100.0,25,1.0,82.64,75.0,7.64
43.92,22.41,33.68,1.96,1.3,100.0,40,0.5,79.86,75.0,4.86
48.84,35.5,15.67,1.38,3.12,100.0,40,1.0,75.15,75.0,0.15
36.24,28.05,35.7,1.29,1.02,100.0,55,0.5,79.75,75.0,4.75
31.15,30.88,37.96,1.01,0.82,100.0,55,1.0,68.95,75.0,-6.05
40.87,24.47,34.66,1.67,1.18,100.0,25,0.5,83.46,75.0,8.46
60.68,14.34,24.98,4.23,2.43,100.0,25,1.0,88.2,75.0,13.2
38.5,27.29,34.21,1.41,1.13,100.0,70,2.0,67.91,75.0,-7.09
36.02,41.33,22.65,0.87,1.59,100.0,25,0.5,70.92,75.0,-4.08
72.72,16.72,10.56,4.35,6.89,100.0,55,2.0,70.27,75.0,-4.73
54.3,34.16,11.54,1.59,4.71,100.0,40,0.5,69.59,75.0,-5.41
59.51,29.49,11.0,2.02,5.41,100.0,55,0.5,71.94,75.0,-3.06
60.57,13.55,25.88,4.47,2.34,100.0,70,0.5,85.31,75.0,10.31
40.45,46.89,12.66,0.86,3.2,100.0,70,1.0,55.73,75.0,-19.27
52.61,29.21,18.18,1.8,2.89,100.0,40,0.5,73.55,75.0,-1.45
47.3,12.18,40.52,3.88,1.17,100.0,55,2.0,81.47,75.0,6.47
61.85,12.01,26.14,5.15,2.37,100.0,70,1.0,79.04,75.0,4.04
60.81,12.52,26.68,4.86,2.28,100.0,55,1.0,85.58,75.0,10.58
57.12,17.49,25.39,3.26,2.25,100.0,70,0.5,86.37,75.0,11.37
65.16,11.3,23.54,5.77,2.77,100.0,40,5.0,65.37,75.0,-9.63
29.52,39.73,30.75,0.74,0.96,100.0,70,1.0,63.67,75.0,-11.33
28.98,43.69,27.33,0.66,1.06,100.0,55,0.5,61.42,75.0,-13.58
72.31,15.44,12.25,4.68,5.9,100.0,55,2.0,74.08,75.0,-0.92
21.75,43.44,34.8,0.5,0.63,100.0,70,5.0,39.16,75.0,-35.84
69.55,16.19,14.26,4.3,4.88,100.0,25,1.0,84.51,75.0,9.51
27.73,22.05,50.22,1.26,0.55,100.0,40,5.0,68.98,75.0,-6.02
40.11,19.96,39.93,2.01,1.0,100.0,40,1.0,81.1,75.0,6.1
64.61,24.89,10.5,2.6,6.15,100.0,70,5.0,51.39,75.0,-23.61
29.65,20.19,50.17,1.47,0.59,100.0,70,5.0,51.1,75.0,-23.9
29.62,24.42,45.96,1.21,0.64,100.0,25,2.0,78.8,75.0,3.8
40.37,27.22,32.41,1.48,1.25,100.0,40,5.0,59.62,75.0,-15.38
40.11,26.38,33.51,1.52,1.2,100.0,25,2.0,73.3,75.0,-1.7
20.38,12.24,67.38,1.67,0.3,100.0,40,0.5,85.14,75.0,10.14
37.22,15.69,47.09,2.37,0.79,100.0,70,1.0,79.61,75.0,4.61
57.02,12.11,30.87,4.71,1.85,100.0,40,2.0,81.66,75.0,6.66
22.52,24.99,52.49,0.9,0.43,100.0,40,1.0,81.93,75.0,6.93
57.91,12.18,29.91,4.75,1.94,100.0,40,2.0,87.5,75.0,12.5
35.59,43.46,20.95,0.82,1.7,100.0,25,1.0,65.53,75.0,-9.47
58.04,30.48,11.48,1.9,5.05,100.0,25,2.0,67.25,75.0,-7.75
52.4,31.08,16.52,1.69,3.17,100.0,40,1.0,68.4,75.0,-6.6
46.98,35.93,17.09,1.31,2.75,100.0,55,0.5,68.65,75.0,-6.35
26.42,16.83,56.75,1.57,0.47,100.0,25,1.0,90.33,75.0,15.33
65.66,17.91,16.43,3.67,4.0,100.0,70,0.5,75.97,75.0,0.97
52.48,22.75,24.77,2.31,2.12,100.0,70,0.5,77.39,75.0,2.39
36.71,26.16,37.13,1.4,0.99,100.0,40,0.5,81.3,75.0,6.3
40.51,18.4,41.08,2.2,0.99,100.0,70,5.0,57.35,75.0,-17.65
57.96,14.65,27.39,3.95,2.12,100.0,25,1.0,84.77,75.0,9.77
42.89,14.36,42.75,2.99,1.0,100.0,55,5.0,61.78,75.0,-13.22
26.15,10.88,62.97,2.4,0.42,100.0,55,5.0,60.39,75.0,-14.61
64.4,14.32,21.27,4.5,3.03,100.0,55,1.0,81.81,75.0,6.81
57.66,27.11,15.22,2.13,3.79,100.0,70,0.5,71.12,75.0,-3.88
24.07,21.89,54.04,1.1,0.45,100.0,40,5.0,62.65,75.0,-12.35
38.06,15.43,46.52,2.47,0.82,100.0,70,5.0,61.37,75.0,-13.63
62.49,15.83,21.68,3.95,2.88,100.0,40,2.0,79.25,75.0,4.25
24.04,37.9,38.06,0.63,0.63,100.0,55,1.0,65.95,75.0,-9.05
54.93,35.71,9.36,1.54,5.87,100.0,25,5.0,51.08,75.0,-23.92
40.75,41.31,17.94,0.99,2.27,100.0,70,1.0,54.66,75.0,-20.34
42.54,13.95,43.51,3.05,0.98,100.0,25,1.0,87.84,75.0,12.84
22.74,37.68,39.58,0.6,0.57,100.0,55,5.0,46.74,75.0,-28.26
72.29,16.23,11.47,4.45,6.3,100.0,40,1.0,79.58,75.0,4.58
28.46,34.76,36.77,0.82,0.77,100.0,25,0.5,79.42,75.0,4.42
62.56,15.75,21.69,3.97,2.88,100.0,70,5.0,55.17,75.0,-19.83
64.98,18.37,16.65,3.54,3.9,100.0,25,5.0,64.45,75.0,-10.55
27.81,12.9,59.29,2.16,0.47,100.0,25,5.0,72.25,75.0,-2.75
76.59,10.65,12.76,7.19,6.0,100.0,70,2.0,77.06,75.0,2.06
21.48,26.1,52.42,0.82,0.41,100.0,40,2.0,76.67,75.0,1.67
21.33,46.8,31.87,0.46,0.67,100.0,70,2.0,53.51,75.0,-21.49
39.42,36.01,24.57,1.09,1.6,100.0,55,2.0,54.93,75.0,-20.07
49.32,13.62,37.06,3.62,1.33,100.0,40,5.0,69.76,75.0,-5.24
61.15,10.29,28.56,5.94,2.14,100.0,25,0.5,97.74,75.0,22.74
61.0,20.34,18.66,3.0,3.27,100.0,70,1.0,72.18,75.0,-2.82
46.75,23.49,29.76,1.99,1.57,100.0,55,1.0,76.24,75.0,1.24
36.42,26.09,37.49,1.4,0.97,100.0,70,5.0,48.81,75.0,-26.19
79.83,12.05,8.12,6.62,9.83,100.0,40,0.5,81.03,75.0,6.03
45.57,29.86,24.57,1.53,1.85,100.0,55,1.0,68.34,75.0,-6.66
47.08,14.93,37.98,3.15,1.24,100.0,25,0.5,89.23,75.0,14.23
29.82,26.04,44.14,1.15,0.68,100.0,40,5.0,57.12,75.0,-17.88
67.69,24.03,8.28,2.82,8.17,100.0,55,2.0,65.13,75.0,-9.87
21.07,22.66,56.26,0.93,0.37,100.0,40,0.5,82.06,75.0,7.06
33.25,42.13,24.63,0.79,1.35,100.0,25,1.0,67.94,75.0,-7.06
24.94,16.14,58.92,1.55,0.42,100.0,55,1.0,81.29,75.0,6.29
60.83,24.66,14.51,2.47,4.19,100.0,70,1.0,71.82,75.0,-3.18
59.27,24.93,15.8,2.38,3.75,100.0,70,2.0,67.17,75.0,-7.83
36.4,16.06,47.55,2.27,0.77,100.0,25,0.5,98.16,75.0,23.16
32.97,37.09,29.94,0.89,1.1,100.0,55,0.5,71.91,75.0,-3.09
29.06,38.29,32.65,0.76,0.89,100.0,25,1.0,72.19,75.0,-2.81
45.94,17.62,36.44,2.61,1.26,100.0,25,0.5,86.95,75.0,11.95
24.17,29.36,46.47,0.82,0.52,100.0,40,1.0,76.98,75.0,1.98
45.18,14.23,40.58,3.17,1.11,100.0,70,0.5,83.58,75.0,8.58
58.31,35.13,6.56,1.66,8.89,100.0,25,2.0,64.53,75.0,-10.47
43.86,14.85,41.29,2.95,1.06,100.0,40,2.0,83.08,75.0,8.08
36.45,49.44,14.11,0.74,2.58,100.0,25,5.0,37.61,75.0,-37.39
20.29,23.24,56.48,0.87,0.36,100.0,25,5.0,63.65,75.0,-11.35
44.56,25.61,29.83,1.74,1.49,100.0,25,5.0,61.72,75.0,-13.28
25.03,10.51,64.46,2.38,0.39,100.0,70,0.5,86.73,75.0,11.73
33.8,46.45,19.75,0.73,1.71,100.0,55,2.0,52.84,75.0,-22.16
32.79,32.16,35.05,1.02,0.94,100.0,70,2.0,61.58,75.0,-13.42
21.87,16.98,61.15,1.29,0.36,100.0,40,2.0,78.72,75.0,3.72
59.1,25.15,15.75,2.35,3.75,100.0,55,1.0,76.49,75.0,1.49
42.11,43.73,14.16,0.96,2.97,100.0,40,0.5,62.25,75.0,-12.75
26.63,24.36,49.0,1.09,0.54,100.0,25,0.5,86.3,75.0,11.3
48.39,36.03,15.58,1.34,3.11,100.0,55,5.0,46.58,75.0,-28.42
70.3,11.82,17.88,5.95,3.93,100.0,40,1.0,82.67,75.0,7.67
31.13,45.76,23.11,0.68,1.35,100.0,25,1.0,65.5,75.0,-9.5
51.0,10.05,38.95,5.07,1.31,100.0,40,2.0,81.13,75.0,6.13
66.6,13.79,19.61,4.83,3.4,100.0,40,5.0,68.48,75.0,-6.52
33.5,34.64,31.85,0.97,1.05,100.0,70,0.5,64.02,75.0,-10.98
44.65,17.56,37.79,2.54,1.18,100.0,25,1.0,84.53,75.0,9.53
25.02,15.12,59.86,1.65,0.42,100.0,70,2.0,72.73,75.0,-2.27
57.57,34.27,8.16,1.68,7.06,100.0,55,0.5,64.25,75.0,-10.75
27.87,16.67,55.45,1.67,0.5,100.0,25,2.0,88.65,75.0,13.65
21.95,41.9,36.15,0.52,0.61,100.0,70,0.5,64.42,75.0,-10.58
72.61,17.68,9.71,4.11,7.47,100.0,70,2.0,70.02,75.0,-4.98
57.0,13.45,29.56,4.24,1.93,100.0,55,0.5,83.07,75.0,8.07
27.57,20.34,52.09,1.35,0.53,100.0,40,5.0,65.69,75.0,-9.31
48.89,16.96,34.15,2.88,1.43,100.0,40,0.5,83.57,75.0,8.57
27.04,23.5,49.46,1.15,0.55,100.0,40,0.5,85.38,75.0,10.38
27.51,10.72,61.77,2.57,0.45,100.0,55,0.5,87.55,75.0,12.55
61.13,26.01,12.85,2.35,4.76,100.0,70,2.0,62.14,75.0,-12.86
45.82,32.0,22.19,1.43,2.07,100.0,25,1.0,77.1,75.0,2.1
32.03,34.78,33.19,0.92,0.97,100.0,55,0.5,73.06,75.0,-1.94
49.5,36.54,13.96,1.35,3.54,100.0,40,0.5,72.11,75.0,-2.89
23.85,43.45,32.7,0.55,0.73,100.0,40,5.0,41.7,75.0,-33.3
54.92,18.62,26.46,2.95,2.08,100.0,25,0.5,85.77,75.0,10.77
36.14,14.82,49.04,2.44,0.74,100.0,55,5.0,64.0,75.0,-11.0
43.58,38.97,17.45,1.12,2.5,100.0,40,0.5,66.42,75.0,-8.58
38.62,16.26,45.11,2.37,0.86,100.0,55,2.0,81.24,75.0,6.24
51.65,36.13,12.22,1.43,4.23,100.0,70,1.0,54.72,75.0,-20.28
20.7,43.7,35.6,0.47,0.58,100.0,55,1.0,59.63,75.0,-15.37
24.35,30.04,45.62,0.81,0.53,100.0,70,1.0,68.01,75.0,-6.99
43.55,49.26,7.19,0.88,6.05,100.0,25,2.0,47.71,75.0,-27.29
48.8,13.9,37.31,3.51,1.31,100.0,70,5.0,55.82,75.0,-19.18
56.0,22.12,21.88,2.53,2.56,100.0,70,1.0,74.58,75.0,-0.42
37.5,35.53,26.97,1.06,1.39,100.0,25,2.0,67.92,75.0,-7.08
61.7,24.0,14.3,2.57,4.31,100.0,40,2.0,76.35,75.0,1.35
74.38,19.43,6.2,3.83,12.0,100.0,25,0.5,89.16,75.0,14.16
66.79,12.63,20.58,5.29,3.24,100.0,55,5.0,63.52,75.0,-11.48
22.38,31.98,45.65,0.7,0.49,100.0,25,2.0,73.12,75.0,-1.88
48.83,33.63,17.53,1.45,2.78,100.0,55,5.0,47.41,75.0,-27.59
26.3,36.11,37.6,0.73,0.7,100.0,40,1.0,62.52,75.0,-12.48
34.52,20.23,45.25,1.71,0.76,100.0,55,1.0,75.18,75.0,0.18
40.05,12.15,47.8,3.3,0.84,100.0,25,1.0,91.58,75.0,16.58
28.55,43.75,27.7,0.65,1.03,100.0,25,0.5,71.5,75.0,-3.5
49.93,17.8,32.27,2.81,1.55,100.0,40,0.5,86.14,75.0,11.14
55.65,22.38,21.97,2.49,2.53,100.0,25,5.0,58.85,75.0,-16.15
62.15,32.51,5.35,1.91,11.62,100.0,40,5.0,52.59,75.0,-22.41
53.58,40.49,5.93,1.32,9.03,100.0,40,0.5,71.2,75.0,-3.8
20.59,38.54,40.87,0.53,0.5,100.0,25,2.0,69.92,75.0,-5.08
39.59,18.3,42.11,2.16,0.94,100.0,70,5.0,60.37,75.0,-14.63
51.06,32.75,16.18,1.56,3.15,100.0,55,5.0,46.01,75.0,-28.99
25.27,44.71,30.02,0.57,0.84,100.0,70,1.0,60.93,75.0,-14.07
41.04,27.28,31.68,1.5,1.3,100.0,40,5.0,56.51,75.0,-18.49
21.99,48.66,29.34,0.45,0.75,100.0,55,5.0,39.4,75.0,-35.6
24.71,28.09,47.2,0.88,0.52,100.0,70,2.0,67.15,75.0,-7.85
43.82,15.71,40.47,2.79,1.08,100.0,25,5.0,67.68,75.0,-7.32
27.96,25.58,46.46,1.09,0.6,100.0,70,2.0,65.16,75.0,-9.84
32.47,22.54,44.99,1.44,0.72,100.0,55,1.0,77.48,75.0,2.48
61.37,22.79,15.84,2.69,3.87,100.0,55,0.5,80.09,75.0,5.09
69.97,21.25,8.78,3.29,7.96,100.0,55,1.0,73.68,75.0,-1.32
32.01,45.25,22.74,0.71,1.41,100.0,55,2.0,57.28,75.0,-17.72
30.05,24.01,45.94,1.25,0.65,100.0,70,2.0,71.0,75.0,-4.0
26.27,13.33,60.4,1.97,0.44,100.0,25,5.0,70.81,75.0,-4.19
27.29,48.14,24.57,0.57,1.11,100.0,25,5.0,47.93,75.0,-27.07
62.39,22.46,15.15,2.78,4.12,100.0,55,0.5,76.23,75.0,1.23
21.9,41.32,36.79,0.53,0.6,100.0,25,2.0,69.29,75.0,-5.71
68.6,12.14,19.25,5.65,3.56,100.0,70,2.0,75.73,75.0,0.73
23.12,29.41,47.47,0.79,0.49,100.0,25,1.0,79.11,75.0,4.11
52.48,41.12,6.41,1.28,8.19,100.0,40,0.5,63.7,75.0,-11.3
62.54,25.29,12.16,2.47,5.14,100.0,25,1.0,78.25,75.0,3.25
48.88,38.37,12.75,1.27,3.83,100.0,55,5.0,42.8,75.0,-32.2
62.85,25.05,12.11,2.51,5.19,100.0,25,5.0,54.9,75.0,-20.1
68.1,24.69,7.2,2.76,9.45,100.0,25,1.0,77.78,75.0,2.78
40.37,31.04,28.6,1.3,1.41,100.0,25,5.0,53.72,75.0,-21.28
47.04,31.28,21.68,1.5,2.17,100.0,25,1.0,77.03,75.0,2.03
24.81,24.47,50.72,1.01,0.49,100.0,40,2.0,78.86,75.0,3.86
45.43,29.12,25.45,1.56,1.79,100.0,70,2.0,59.48,75.0,-15.52
52.86,36.83,10.32,1.44,5.12,100.0,55,5.0,49.39,75.0,-25.61
69.04,20.78,10.18,3.32,6.78,100.0,55,0.5,77.59,75.0,2.59
47.14,21.1,31.76,2.23,1.48,100.0,25,2.0,75.48,75.0,0.48
50.55,18.94,30.51,2.67,1.66,100.0,70,5.0,58.07,75.0,-16.93
51.58,38.94,9.47,1.32,5.44,100.0,25,0.5,69.85,75.0,-5.15
68.02,15.98,16.0,4.26,4.25,100.0,40,5.0,62.17,75.0,-12.83
24.9,35.91,39.19,0.69,0.64,100.0,70,1.0,63.57,75.0,-11.43
23.62,11.17,65.21,2.11,0.36,100.0,70,5.0,62.25,75.0,-12.75
34.83,34.72,30.45,1.0,1.14,100.0,70,1.0,66.91,75.0,-8.09
29.57,30.38,40.05,0.97,0.74,100.0,70,2.0,62.88,75.0,-12.12
52.89,17.63,29.48,3.0,1.79,100.0,25,2.0,76.29,75.0,1.29
33.15,24.38,42.47,1.36,0.78,100.0,40,5.0,60.84,75.0,-14.16
78.55,13.26,8.19,5.92,9.59,100.0,70,0.5,76.42,75.0,1.42
40.21,17.73,42.05,2.27,0.96,100.0,55,5.0,57.33,75.0,-17.67
30.93,48.03,21.04,0.64,1.47,100.0,55,5.0,41.06,75.0,-33.94
67.38,26.35,6.27,2.56,10.74,100.0,40,2.0,65.59,75.0,-9.41
59.52,28.67,11.81,2.08,5.04,100.0,55,2.0,58.16,75.0,-16.84
49.89,12.11,38.0,4.12,1.31,100.0,25,5.0,72.19,75.0,-2.81
53.32,11.5,35.18,4.64,1.52,100.0,25,2.0,84.55,75.0,9.55
57.47,33.21,9.32,1.73,6.16,100.0,40,1.0,69.03,75.0,-5.97
33.71,31.52,34.77,1.07,0.97,100.0,70,5.0,46.47,75.0,-28.53
30.82,20.13,49.05,1.53,0.63,100.0,55,2.0,75.51,75.0,0.51
48.08,36.47,15.45,1.32,3.11,100.0,55,5.0,42.76,75.0,-32.24
68.73,11.15,20.12,6.17,3.42,100.0,40,2.0,85.64,75.0,10.64
31.97,16.73,51.3,1.91,0.62,100.0,40,1.0,80.99,75.0,5.99
60.81,17.6,21.59,3.46,2.82,100.0,55,1.0,80.18,75.0,5.18
24.33,28.43,47.24,0.86,0.52,100.0,70,5.0,52.75,75.0,-22.25
21.84,21.45,56.71,1.02,0.39,100.0,40,1.0,80.38,75.0,5.38
35.46,19.9,44.64,1.78,0.79,100.0,25,1.0,82.46,75.0,7.46
47.76,35.81,16.43,1.33,2.91,100.0,55,2.0,63.63,75.0,-11.37
60.75,17.99,21.26,3.38,2.86,100.0,40,5.0,58.56,75.0,-16.44
56.42,19.69,23.89,2.86,2.36,100.0,40,2.0,73.78,75.0,-1.22
64.56,26.71,8.73,2.42,7.4,100.0,40,2.0,71.84,75.0,-3.16
45.53,12.92,41.55,3.52,1.1,100.0,55,0.5,86.71,75.0,11.71
40.76,20.95,38.3,1.95,1.06,100.0,25,1.0,78.78,75.0,3.78
42.26,49.2,8.54,0.86,4.95,100.0,25,2.0,61.65,75.0,-13.35
53.89,26.56,19.55,2.03,2.76,100.0,55,2.0,65.77,75.0,-9.23
22.41,38.39,39.2,0.58,0.57,100.0,40,2.0,62.84,75.0,-12.16
72.02,10.29,17.68,7.0,4.07,100.0,55,1.0,84.33,75.0,9.33
54.72,30.73,14.55,1.78,3.76,100.0,55,1.0,70.82,75.0,-4.18
46.32,11.5,42.18,4.03,1.1,100.0,40,1.0,94.05,75.0,19.05
71.66,19.31,9.03,3.71,7.93,100.0,55,5.0,51.41,75.0,-23.59
33.05,38.85,28.11,0.85,1.18,100.0,70,2.0,59.1,75.0,-15.9
27.34,44.9,27.76,0.61,0.98,100.0,25,1.0,68.58,75.0,-6.42
40.05,20.21,39.74,1.98,1.01,100.0,70,2.0,70.42,75.0,-4.58
45.3,28.33,26.37,1.6,1.72,100.0,70,5.0,51.17,75.0,-23.83
36.61,47.8,15.59,0.77,2.35,100.0,70,0.5,59.4,75.0,-15.6
55.54,36.94,7.51,1.5,7.39,100.0,55,5.0,39.74,75.0,-35.26
74.74,12.6,12.66,5.93,5.9,100.0,40,1.0,89.7,75.0,14.7
32.64,28.63,38.73,1.14,0.84,100.0,55,1.0,68.16,75.0,-6.84
57.38,19.61,23.01,2.93,2.49,100.0,25,5.0,60.17,75.0,-14.83
57.89,28.79,13.31,2.01,4.35,100.0,55,2.0,64.39,75.0,-10.61
63.99,28.22,7.79,2.27,8.21,100.0,55,1.0,75.8,75.0,0.8
27.89,33.29,38.82,0.84,0.72,100.0,55,1.0,68.66,75.0,-6.34
62.95,24.27,12.78,2.59,4.93,100.0,55,5.0,53.19,75.0,-21.81
74.54,16.57,8.89,4.5,8.39,100.0,70,2.0,74.59,75.0,-0.41
30.78,30.15,39.07,1.02,0.79,100.0,40,5.0,53.9,75.0,-21.1
34.25,43.21,22.54,0.79,1.52,100.0,25,5.0,43.47,75.0,-31.53
44.84,33.2,21.96,1.35,2.04,100.0,25,2.0,67.71,75.0,-7.29
30.86,23.53,45.61,1.31,0.68,100.0,25,2.0,82.2,75.0,7.2
35.22,13.56,51.22,2.6,0.69,100.0,55,0.5,87.34,75.0,12.34
77.59,13.57,8.84,5.72,8.78,100.0,25,5.0,72.18,75.0,-2.82
34.83,18.37,46.79,1.9,0.74,100.0,70,2.0,75.03,75.0,0.03
72.24,11.58,16.18,6.24,4.47,100.0,40,1.0,83.58,75.0,8.58
46.72,39.65,13.63,1.18,3.43,100.0,55,0.5,65.26,75.0,-9.74
50.89,43.1,6.01,1.18,8.47,100.0,55,5.0,36.87,75.0,-38.13
41.55,48.71,9.73,0.85,4.27,100.0,70,2.0,45.87,75.0,-29.13
45.92,16.66,37.42,2.76,1.23,100.0,25,0.5,100.0,75.0,25.0
29.81,34.02,36.17,0.88,0.82,100.0,55,0.5,74.36,75.0,-0.64
43.46,31.2,25.33,1.39,1.72,100.0,55,1.0,72.28,75.0,-2.72
78.16,11.11,10.72,7.03,7.29,100.0,70,0.5,79.92,75.0,4.92
35.49,19.87,44.65,1.79,0.79,100.0,70,5.0,61.27,75.0,-13.73
59.4,28.38,12.21,2.09,4.86,100.0,25,2.0,74.65,75.0,-0.35
39.51,35.14,25.35,1.12,1.56,100.0,40,0.5,78.08,75.0,3.08
51.21,13.15,35.65,3.89,1.44,100.0,40,0.5,94.36,75.0,19.36
27.85,39.71,32.44,0.7,0.86,100.0,25,5.0,46.01,75.0,-28.99
35.8,20.0,44.19,1.79,0.81,100.0,40,1.0,79.09,75.0,4.09
47.23,32.6,20.17,1.45,2.34,100.0,70,1.0,62.19,75.0,-12.81
34.16,13.53,52.31,2.53,0.65,100.0,70,2.0,73.93,75.0,-1.07
24.41,26.55,49.04,0.92,0.5,100.0,70,5.0,53.29,75.0,-21.71
30.19,40.01,29.81,0.75,1.01,100.0,40,1.0,65.28,75.0,-9.72
51.19,37.74,11.08,1.36,4.62,100.0,40,2.0,67.91,75.0,-7.09
40.22,49.63,10.15,0.81,3.96,100.0,55,2.0,55.99,75.0,-19.01
69.73,21.12,9.15,3.3,7.62,100.0,55,1.0,75.11,75.0,0.11
45.85,29.93,24.22,1.53,1.89,100.0,55,5.0,56.34,75.0,-18.66
34.92,23.18,41.9,1.51,0.83,100.0,40,0.5,86.93,75.0,11.93
57.03,27.62,15.35,2.06,3.72,100.0,55,1.0,69.85,75.0,-5.15
20.24,26.68,53.08,0.76,0.38,100.0,70,0.5,69.1,75.0,-5.9
30.02,37.37,32.61,0.8,0.92,100.0,40,0.5,70.95,75.0,-4.05
30.06,45.3,24.65,0.66,1.22,100.0,25,5.0,43.82,75.0,-31.18
22.2,18.14,59.66,1.22,0.37,100.0,40,5.0,65.89,75.0,-9.11
49.73,24.02,26.25,2.07,1.89,100.0,55,2.0,70.08,75.0,-4.92
59.83,12.39,27.78,4.83,2.15,100.0,40,5.0,66.29,75.0,-8.71
48.48,45.54,5.98,1.06,8.11,100.0,55,2.0,54.29,75.0,-20.71
70.65,23.16,6.19,3.05,11.42,100.0,55,1.0,69.77,75.0,-5.23
68.34,22.58,9.08,3.03,7.53,100.0,25,0.5,83.83,75.0,8.83
55.12,30.48,14.4,1.81,3.83,100.0,25,5.0,53.78,75.0,-21.22
26.01,44.35,29.63,0.59,0.88,100.0,70,1.0,58.52,75.0,-16.48
32.35,11.91,55.74,2.72,0.58,100.0,55,2.0,84.11,75.0,9.11
26.72,24.09,49.2,1.11,0.54,100.0,40,5.0,56.38,75.0,-18.62
36.18,44.26,19.55,0.82,1.85,100.0,25,0.5,67.63,75.0,-7.37
23.43,25.84,50.73,0.91,0.46,100.0,25,1.0,81.63,75.0,6.63
51.87,17.97,30.16,2.89,1.72,100.0,55,5.0,57.9,75.0,-17.1
65.26,15.06,19.68,4.33,3.32,100.0,40,5.0,66.12,75.0,-8.88
22.36,25.42,52.22,0.88,0.43,100.0,25,1.0,80.27,75.0,5.27
27.33,46.62,26.06,0.59,1.05,100.0,25,2.0,58.31,75.0,-16.69
47.13,40.48,12.39,1.16,3.8,100.0,40,2.0,57.78,75.0,-17.22
36.56,32.63,30.81,1.12,1.19,100.0,25,5.0,58.52,75.0,-16.48
38.97,49.53,11.5,0.79,3.39,100.0,40,2.0,52.0,75.0,-23.0
50.43,28.61,20.95,1.76,2.41,100.0,55,2.0,67.45,75.0,-7.55
22.49,12.33,65.18,1.82,0.35,100.0,25,1.0,98.81,75.0,23.81
28.9,20.49,50.61,1.41,0.57,100.0,55,2.0,74.49,75.0,-0.51
46.62,15.68,37.7,2.97,1.24,100.0,40,2.0,83.13,75.0,8.13
77.91,16.28,5.82,4.79,13.39,100.0,55,1.0,83.2,75.0,8.2
20.3,47.9,31.8,0.42,0.64,100.0,55,5.0,41.73,75.0,-33.27
25.22,38.19,36.59,0.66,0.69,100.0,55,5.0,45.87,75.0,-29.13
58.35,20.73,20.92,2.81,2.79,100.0,70,1.0,75.51,75.0,0.51
37.2,46.2,16.6,0.81,2.24,100.0,40,0.5,59.96,75.0,-15.04
47.28,38.86,13.86,1.22,3.41,100.0,40,1.0,63.85,75.0,-11.15
66.89,27.38,5.73,2.44,11.68,100.0,40,0.5,74.09,75.0,-0.91
49.33,45.27,5.4,1.09,9.13,100.0,40,2.0,62.58,75.0,-12.42
60.01,30.61,9.38,1.96,6.4,100.0,40,5.0,49.07,75.0,-25.93
28.38,40.99,30.63,0.69,0.93,100.0,25,0.5,69.39,75.0,-5.61
21.8,32.49,45.72,0.67,0.48,100.0,25,0.5,76.2,75.0,1.2
38.48,32.11,29.42,1.2,1.31,100.0,25,2.0,72.15,75.0,-2.85
62.28,14.59,23.13,4.27,2.69,100.0,55,5.0,61.53,75.0,-13.47
32.11,15.05,52.84,2.13,0.61,100.0,55,2.0,82.01,75.0,7.01
60.41,31.18,8.41,1.94,7.18,100.0,40,5.0,53.03,75.0,-21.97
29.1,29.52,41.38,0.99,0.7,100.0,70,5.0,45.33,75.0,-29.67
25.63,10.84,63.52,2.36,0.4,100.0,40,2.0,83.34,75.0,8.34
44.04,27.05,28.91,1.63,1.52,100.0,25,0.5,85.55,75.0,10.55
46.63,11.3,42.08,4.13,1.11,100.0,40,1.0,87.69,75.0,12.69
50.55,31.7,17.76,1.59,2.85,100.0,55,5.0,52.15,75.0,-22.85
30.63,31.57,37.8,0.97,0.81,100.0,40,5.0,53.23,75.0,-21.77
60.79,29.5,9.71,2.06,6.26,100.0,25,1.0,72.41,75.0,-2.59
66.74,18.71,14.55,3.57,4.59,100.0,40,1.0,79.45,75.0,4.45
76.68,12.54,10.78,6.11,7.11,100.0,55,2.0,73.39,75.0,-1.61
60.99,32.07,6.94,1.9,8.79,100.0,70,5.0,42.55,75.0,-32.45
49.83,43.64,6.53,1.14,7.63,100.0,25,2.0,60.7,75.0,-14.3
26.54,37.57,35.89,0.71,0.74,100.0,40,1.0,70.83,75.0,-4.17
35.04,14.28,50.68,2.45,0.69,100.0,55,2.0,74.3,75.0,-0.7
54.24,22.81,22.95,2.38,2.36,100.0,25,5.0,61.27,75.0,-13.73
21.82,46.27,31.91,0.47,0.68,100.0,25,0.5,66.54,75.0,-8.46
75.86,17.65,6.49,4.3,11.68,100.0,55,0.5,77.85,75.0,2.85
40.41,20.27,39.32,1.99,1.03,100.0,40,5.0,62.14,75.0,-12.86
60.59,26.23,13.18,2.31,4.6,100.0,40,2.0,68.31,75.0,-6.69
32.94,11.64,55.42,2.83,0.59,100.0,40,1.0,93.54,75.0,18.54
59.53,23.89,16.58,2.49,3.59,100.0,25,1.0,83.5,75.0,8.5
43.63,20.61,35.76,2.12,1.22,100.0,70,0.5,81.19,75.0,6.19
62.91,27.42,9.67,2.29,6.5,100.0,25,2.0,70.29,75.0,-4.71
26.4,47.95,25.65,0.55,1.03,100.0,40,1.0,58.11,75.0,-16.89
59.47,20.72,19.81,2.87,3.0,100.0,25,1.0,82.72,75.0,7.72
58.37,12.89,28.73,4.53,2.03,100.0,70,5.0,59.4,75.0,-15.6
22.89,12.21,64.89,1.87,0.35,100.0,25,2.0,86.11,75.0,11.11
30.72,14.04,55.24,2.19,0.56,100.0,55,2.0,76.17,75.0,1.17
44.41,12.82,42.76,3.46,1.04,100.0,40,1.0,87.18,75.0,12.18
44.85,25.08,30.07,1.79,1.49,100.0,40,2.0,71.24,75.0,-3.76
22.67,14.01,63.31,1.62,0.36,100.0,40,2.0,85.59,75.0,10.59
54.02,36.32,9.66,1.49,5.59,100.0,25,2.0,67.54,75.0,-7.46
55.1,34.22,10.68,1.61,5.16,100.0,25,5.0,55.41,75.0,-19.59
51.95,22.68,25.37,2.29,2.05,100.0,25,1.0,77.88,75.0,2.88
44.25,48.76,6.99,0.91,6.33,100.0,40,0.5,62.27,75.0,-12.73
39.62,38.56,21.82,1.03,1.82,100.0,25,2.0,63.01,75.0,-11.99
48.37,45.51,6.12,1.06,7.9,100.0,40,1.0,57.09,75.0,-17.91
69.5,18.24,12.26,3.81,5.67,100.0,25,0.5,84.67,75.0,9.67
65.74,14.68,19.58,4.48,3.36,100.0,40,5.0,66.89,75.0,-8.11
40.17,44.71,15.12,0.9,2.66,100.0,55,1.0,58.1,75.0,-16.9
46.13,15.07,38.79,3.06,1.19,100.0,25,5.0,73.02,75.0,-1.98
37.66,10.09,52.26,3.73,0.72,100.0,40,1.0,91.81,75.0,16.81
27.21,29.3,43.49,0.93,0.63,100.0,55,5.0,51.66,75.0,-23.34
52.67,34.9,12.43,1.51,4.24,100.0,55,1.0,69.29,75.0,-5.71
20.35,10.4,69.25,1.96,0.29,100.0,70,5.0,66.98,75.0,-8.02
39.48,17.79,42.73,2.22,0.92,100.0,25,0.5,86.52,75.0,11.52
41.99,29.65,28.36,1.42,1.48,100.0,40,1.0,79.66,75.0,4.66
43.77,48.02,8.21,0.91,5.33,100.0,70,0.5,56.49,75.0,-18.51
61.73,25.34,12.93,2.44,4.77,100.0,25,2.0,73.61,75.0,-1.39
43.31,26.97,29.71,1.61,1.46,100.0,55,0.5,73.02,75.0,-1.98
46.92,38.59,14.49,1.22,3.24,100.0,25,1.0,72.98,75.0,-2.02
34.25,34.15,31.6,1.0,1.08,100.0,40,0.5,75.31,75.0,0.31
42.4,21.96,35.65,1.93,1.19,100.0,55,1.0,79.08,75.0,4.08
33.64,26.43,39.93,1.27,0.84,100.0,70,5.0,49.97,75.0,-25.03
24.39,18.71,56.9,1.3,0.43,100.0,25,2.0,85.1,75.0,10.1
50.27,36.19,13.53,1.39,3.71,100.0,25,0.5,76.25,75.0,1.25
60.09,15.23,24.68,3.95,2.43,100.0,70,2.0,70.8,75.0,-4.2
57.17,24.87,17.96,2.3,3.18,100.0,25,0.5,77.63,75.0,2.63
47.81,11.03,41.16,4.33,1.16,100.0,25,1.0,93.14,75.0,18.14
42.79,18.87,38.34,2.27,1.12,100.0,25,0.5,83.4,75.0,8.4
42.27,29.46,28.27,1.43,1.5,100.0,55,2.0,66.66,75.0,-8.34
51.14,18.05,30.81,2.83,1.66,100.0,55,0.5,80.61,75.0,5.61
48.75,13.2,38.05,3.69,1.28,100.0,40,2.0,85.22,75.0,10.22
21.54,28.98,49.48,0.74,0.44,100.0,25,2.0,73.49,75.0,-1.51
40.47,10.4,49.13,3.89,0.82,100.0,40,1.0,92.96,75.0,17.96
42.81,13.39,43.8,3.2,0.98,100.0,55,5.0,62.46,75.0,-12.54
43.93,42.31,13.77,1.04,3.19,100.0,25,5.0,49.76,75.0,-25.24
50.9,24.65,24.45,2.06,2.08,100.0,40,0.5,85.87,75.0,10.87
27.84,34.06,38.09,0.82,0.73,100.0,25,2.0,66.76,75.0,-8.24
32.9,34.25,32.84,0.96,1.0,100.0,25,1.0,75.18,75.0,0.18
59.37,24.6,16.03,2.41,3.7,100.0,70,5.0,58.63,75.0,-16.37
68.78,12.09,19.13,5.69,3.6,100.0,40,1.0,85.65,75.0,10.65
43.1,46.18,10.72,0.93,4.02,100.0,55,1.0,57.93,75.0,-17.07
24.52,15.38,60.1,1.59,0.41,100.0,40,2.0,84.61,75.0,9.61
21.09,41.96,36.94,0.5,0.57,100.0,40,0.5,68.94,75.0,-6.06
31.75,30.34,37.91,1.05,0.84,100.0,40,2.0,64.43,75.0,-10.57
20.45,19.32,60.23,1.06,0.34,100.0,70,5.0,61.9,75.0,-13.1
74.99,11.74,13.28,6.39,5.65,100.0,25,5.0,62.1,75.0,-12.9
46.1,36.5,17.4,1.26,2.65,100.0,55,1.0,63.94,75.0,-11.06
34.61,49.23,16.16,0.7,2.14,100.0,70,2.0,51.78,75.0,-23.22
75.62,16.23,8.15,4.66,9.28,100.0,55,2.0,72.39,75.0,-2.61
23.62,19.03,57.36,1.24,0.41,100.0,70,1.0,76.34,75.0,1.34
76.07,18.47,5.46,4.12,13.92,100.0,25,0.5,87.75,75.0,12.75
41.1,41.7,17.2,0.99,2.39,100.0,55,1.0,58.98,75.0,-16.02
26.09,17.48,56.44,1.49,0.46,100.0,40,1.0,81.74,75.0,6.74
49.15,12.67,38.18,3.88,1.29,100.0,70,5.0,61.78,75.0,-13.22
35.41,49.94,14.65,0.71,2.42,100.0,55,2.0,49.96,75.0,-25.04
37.09,10.99,51.91,3.37,0.71,100.0,25,5.0,68.77,75.0,-6.23
38.44,43.41,18.15,0.89,2.12,100.0,55,1.0,62.34,75.0,-12.66
68.18,24.61,7.2,2.77,9.46,100.0,70,2.0,65.88,75.0,-9.12
42.65,29.74,27.61,1.43,1.54,100.0,25,1.0,75.86,75.0,0.86
38.68,32.18,29.14,1.2,1.33,100.0,40,1.0,71.51,75.0,-3.49
67.32,17.14,15.54,3.93,4.33,100.0,70,0.5,79.47,75.0,4.47
41.09,30.52,28.39,1.35,1.45,100.0,70,5.0,51.04,75.0,-23.96
36.36,10.36,53.28,3.51,0.68,100.0,25,5.0,72.22,75.0,-2.78
44.81,13.02,42.17,3.44,1.06,100.0,70,1.0,83.07,75.0,8.07
27.31,20.01,52.67,1.36,0.52,100.0,55,0.5,84.45,75.0,9.45
30.87,36.77,32.36,0.84,0.95,100.0,40,1.0,72.13,75.0,-2.87
30.03,42.56,27.41,0.71,1.1,100.0,55,1.0,62.07,75.0,-12.93
30.89,28.4,40.72,1.09,0.76,100.0,25,1.0,76.46,75.0,1.46
51.51,34.28,14.21,1.5,3.62,100.0,70,0.5,64.54,75.0,-10.46
62.54,17.54,19.92,3.57,3.14,100.0,40,2.0,77.74,75.0,2.74
26.41,42.2,31.39,0.63,0.84,100.0,25,0.5,76.56,75.0,1.56
22.0,41.07,36.92,0.54,0.6,100.0,55,1.0,62.49,75.0,-12.51
35.39,20.74,43.86,1.71,0.81,100.0,70,2.0,73.28,75.0,-1.72
43.14,41.54,15.31,1.04,2.82,100.0,70,1.0,57.47,75.0,-17.53
49.01,13.44,37.54,3.65,1.31,100.0,25,0.5,92.17,75.0,17.17
57.4,34.52,8.08,1.66,7.1,100.0,55,0.5,72.69,75.0,-2.31
53.01,30.11,16.88,1.76,3.14,100.0,70,2.0,63.9,75.0,-11.1
22.6,15.78,61.62,1.43,0.37,100.0,55,0.5,82.89,75.0,7.89
57.99,27.68,14.33,2.09,4.05,100.0,40,1.0,72.34,75.0,-2.66
34.34,20.17,45.49,1.7,0.75,100.0,70,2.0,75.2,75.0,0.2
56.1,30.87,13.03,1.82,4.3,100.0,40,5.0,52.12,75.0,-22.88
32.39,44.48,23.13,0.73,1.4,100.0,70,1.0,53.73,75.0,-21.27
73.05,10.34,16.61,7.06,4.4,100.0,25,5.0,66.97,75.0,-8.03
33.68,40.44,25.87,0.83,1.3,100.0,70,2.0,57.39,75.0,-17.61
32.72,38.52,28.76,0.85,1.14,100.0,70,2.0,59.89,75.0,-15.11
56.66,24.65,18.69,2.3,3.03,100.0,55,1.0,73.67,75.0,-1.33
44.66,12.12,43.22,3.69,1.03,100.0,55,0.5,94.77,75.0,19.77
59.98,31.24,8.78,1.92,6.83,100.0,40,1.0,73.48,75.0,-1.52
21.5,17.77,60.73,1.21,0.35,100.0,40,0.5,87.41,75.0,12.41
41.21,19.61,39.19,2.1,1.05,100.0,40,0.5,82.25,75.0,7.25
34.21,22.94,42.85,1.49,0.8,100.0,70,1.0,71.3,75.0,-3.7
66.83,17.35,15.82,3.85,4.23,100.0,70,2.0,71.44,75.0,-3.56
36.49,33.08,30.43,1.1,1.2,100.0,40,1.0,70.42,75.0,-4.58
69.36,16.19,14.45,4.28,4.8,100.0,25,5.0,70.13,75.0,-4.87
45.42,24.25,30.33,1.87,1.5,100.0,25,2.0,80.46,75.0,5.46
67.15,15.22,17.63,4.41,3.81,100.0,70,0.5,81.51,75.0,6.51
25.73,32.4,41.86,0.79,0.61,100.0,25,2.0,67.97,75.0,-7.03
57.43,25.46,17.11,2.26,3.36,100.0,25,1.0,76.87,75.0,1.87
47.11,26.81,26.08,1.76,1.81,100.0,40,2.0,74.61,75.0,-0.39
55.2,32.48,12.32,1.7,4.48,100.0,25,0.5,74.3,75.0,-0.7
30.08,10.23,59.68,2.94,0.5,100.0,25,0.5,99.67,75.0,24.67
64.21,13.14,22.65,4.89,2.84,100.0,70,2.0,75.49,75.0,0.49
39.28,49.02,11.69,0.8,3.36,100.0,70,5.0,33.01,75.0,-41.99
33.0,13.12,53.88,2.52,0.61,100.0,70,0.5,82.6,75.0,7.6
25.74,38.27,35.98,0.67,0.72,100.0,25,5.0,51.53,75.0,-23.47
21.42,46.8,31.78,0.46,0.67,100.0,40,0.5,65.49,75.0,-9.51
58.52,20.83,20.65,2.81,2.83,100.0,55,2.0,74.58,75.0,-0.42
56.43,24.82,18.75,2.27,3.01,100.0,70,0.5,70.34,75.0,-4.66
52.8,32.76,14.44,1.61,3.66,100.0,70,5.0,43.73,75.0,-31.27
33.92,45.27,20.81,0.75,1.63,100.0,70,5.0,36.53,75.0,-38.47
43.45,47.68,8.87,0.91,4.9,100.0,40,2.0,56.5,75.0,-18.5
22.25,44.73,33.02,0.5,0.67,100.0,55,5.0,38.26,75.0,-36.74
49.81,13.46,36.73,3.7,1.36,100.0,55,5.0,59.3,75.0,-15.7
52.79,37.32,9.89,1.41,5.34,100.0,70,2.0,57.89,75.0,-17.11
28.19,26.41,45.4,1.07,0.62,100.0,25,0.5,79.0,75.0,4.0
61.71,28.83,9.46,2.14,6.52,100.0,70,2.0,65.62,75.0,-9.38
44.26,11.97,43.77,3.7,1.01,100.0,70,0.5,84.03,75.0,9.03
45.69,17.64,36.67,2.59,1.25,100.0,25,0.5,84.17,75.0,9.17
28.38,45.46,26.17,0.62,1.08,100.0,25,0.5,66.86,75.0,-8.14
61.55,28.16,10.3,2.19,5.98,100.0,70,1.0,68.46,75.0,-6.54
53.11,31.67,15.23,1.68,3.49,100.0,40,0.5,72.26,75.0,-2.74
27.7,25.36,46.94,1.09,0.59,100.0,40,2.0,74.0,75.0,-1.0
26.25,44.18,29.58,0.59,0.89,100.0,25,2.0,64.25,75.0,-10.75
36.44,35.86,27.7,1.02,1.32,100.0,70,2.0,58.06,75.0,-16.94
54.7,20.89,24.4,2.62,2.24,100.0,40,1.0,77.0,75.0,2.0
36.45,14.7,48.85,2.48,0.75,100.0,70,5.0,59.7,75.0,-15.3
24.77,20.08,55.15,1.23,0.45,100.0,70,1.0,81.7,75.0,6.7
25.14,46.83,28.03,0.54,0.9,100.0,70,2.0,56.08,75.0,-18.92
23.91,31.81,44.27,0.75,0.54,100.0,40,2.0,63.1,75.0,-11.9
31.51,31.34,37.15,1.01,0.85,100.0,55,5.0,54.05,75.0,-20.95
39.4,33.86,26.74,1.16,1.47,100.0,70,1.0,65.73,75.0,-9.27
33.6,24.64,41.76,1.36,0.8,100.0,40,2.0,76.7,75.0,1.7
41.3,42.28,16.42,0.98,2.52,100.0,55,0.5,61.89,75.0,-13.11
24.17,30.93,44.9,0.78,0.54,100.0,25,0.5,75.03,75.0,0.03
51.14,14.67,34.19,3.49,1.5,100.0,40,2.0,81.9,75.0,6.9
24.06,15.16,60.78,1.59,0.4,100.0,55,0.5,84.14,75.0,9.14
23.0,12.05,64.96,1.91,0.35,100.0,40,5.0,65.9,75.0,-9.1
34.02,47.46,18.51,0.72,1.84,100.0,55,2.0,48.67,75.0,-26.33
52.4,22.33,25.27,2.35,2.07,100.0,55,1.0,77.7,75.0,2.7
26.93,39.82,33.25,0.68,0.81,100.0,40,2.0,62.87,75.0,-12.13
24.28,30.21,45.5,0.8,0.53,100.0,25,5.0,60.75,75.0,-14.25
51.98,19.91,28.11,2.61,1.85,100.0,70,1.0,76.88,75.0,1.88
39.46,11.45,49.09,3.44,0.8,100.0,55,5.0,64.63,75.0,-10.37
39.98,14.07,45.95,2.84,0.87,100.0,70,0.5,83.03,75.0,8.03
32.32,35.5,32.19,0.91,1.0,100.0,25,0.5,74.34,75.0,-0.66
49.13,30.11,20.76,1.63,2.37,100.0,70,0.5,68.87,75.0,-6.13
59.71,24.85,15.44,2.4,3.87,100.0,70,5.0,47.25,75.0,-27.75
53.47,30.07,16.47,1.78,3.25,100.0,40,5.0,53.77,75.0,-21.23
40.57,29.67,29.75,1.37,1.36,100.0,40,2.0,72.43,75.0,-2.57
47.91,14.53,37.56,3.3,1.28,100.0,25,1.0,86.14,75.0,11.14
23.61,26.25,50.14,0.9,0.47,100.0,40,1.0,82.48,75.0,7.48
53.74,29.4,16.86,1.83,3.19,100.0,55,5.0,50.44,75.0,-24.56
45.1,16.87,38.03,2.67,1.19,100.0,25,5.0,67.72,75.0,-7.28
30.52,42.73,26.75,0.71,1.14,100.0,40,0.5,62.16,75.0,-12.84
61.4,16.87,21.73,3.64,2.83,100.0,40,5.0,56.94,75.0,-18.06
32.06,42.31,25.63,0.76,1.25,100.0,25,0.5,70.88,75.0,-4.12
52.15,37.72,10.14,1.38,5.14,100.0,55,5.0,45.98,75.0,-29.02
25.8,32.23,41.96,0.8,0.61,100.0,25,1.0,74.62,75.0,-0.38
47.02,37.98,15.0,1.24,3.14,100.0,40,2.0,66.92,75.0,-8.08
65.37,26.48,8.15,2.47,8.02,100.0,40,5.0,56.48,75.0,-18.52
40.85,15.54,43.61,2.63,0.94,100.0,25,0.5,88.26,75.0,13.26
57.69,12.66,29.66,4.56,1.94,100.0,55,2.0,78.2,75.0,3.2
74.65,16.35,9.0,4.56,8.29,100.0,55,0.5,88.38,75.0,13.38
62.94,17.83,19.23,3.53,3.27,100.0,70,0.5,74.22,75.0,-0.78
34.08,23.52,42.4,1.45,0.8,100.0,55,2.0,73.36,75.0,-1.64
43.96,46.27,9.77,0.95,4.5,100.0,25,2.0,57.62,75.0,-17.38
29.14,33.49,37.36,0.87,0.78,100.0,55,2.0,66.41,75.0,-8.59
79.55,13.42,7.03,5.93,11.31,100.0,55,5.0,64.11,75.0,-10.89
26.85,31.58,41.56,0.85,0.65,100.0,70,2.0,61.89,75.0,-13.11
52.4,40.25,7.35,1.3,7.13,100.0,55,5.0,44.91,75.0,-30.09
39.18,16.12,44.7,2.43,0.88,100.0,70,1.0,85.85,75.0,10.85
51.26,29.78,18.96,1.72,2.7,100.0,70,1.0,67.25,75.0,-7.75
42.87,20.77,36.36,2.06,1.18,100.0,55,0.5,82.95,75.0,7.95
25.35,20.71,53.95,1.22,0.47,100.0,40,0.5,83.63,75.0,8.63
65.32,26.42,8.26,2.47,7.91,100.0,25,5.0,57.39,75.0,-17.61
27.66,45.94,26.39,0.6,1.05,100.0,25,0.5,67.45,75.0,-7.55
56.82,33.62,9.55,1.69,5.95,100.0,55,1.0,68.81,75.0,-6.19
57.42,34.41,8.18,1.67,7.02,100.0,25,5.0,55.35,75.0,-19.65
48.9,16.16,34.94,3.03,1.4,100.0,25,5.0,66.85,75.0,-8.15
22.17,13.55,64.28,1.64,0.34,100.0,70,2.0,82.54,75.0,7.54
38.19,44.6,17.21,0.86,2.22,100.0,40,5.0,47.09,75.0,-27.91
35.79,22.82,41.39,1.57,0.86,100.0,25,0.5,88.2,75.0,13.2
41.61,17.13,41.26,2.43,1.01,100.0,40,1.0,82.58,75.0,7.58
25.26,19.57,55.17,1.29,0.46,100.0,25,0.5,87.48,75.0,12.48
44.04,41.75,14.21,1.05,3.1,100.0,40,1.0,61.76,75.0,-13.24
53.23,20.05,26.72,2.65,1.99,100.0,40,2.0,78.49,75.0,3.49
38.33,22.82,38.85,1.68,0.99,100.0,25,1.0,79.27,75.0,4.27
43.82,15.4,40.78,2.85,1.07,100.0,70,2.0,76.33,75.0,1.33
46.83,21.85,31.32,2.14,1.5,100.0,40,0.5,79.1,75.0,4.1
56.04,32.89,11.07,1.7,5.06,100.0,40,2.0,67.55,75.0,-7.45
50.94,27.67,21.39,1.84,2.38,100.0,25,5.0,57.82,75.0,-17.18
53.18,41.14,5.68,1.29,9.37,100.0,40,5.0,47.77,75.0,-27.23
49.82,39.86,10.32,1.25,4.82,100.0,40,1.0,68.56,75.0,-6.44
69.27,19.49,11.24,3.55,6.16,100.0,70,0.5,80.28,75.0,5.28
46.1,21.55,32.35,2.14,1.42,100.0,40,0.5,87.04,75.0,12.04
32.51,23.28,44.21,1.4,0.74,100.0,70,1.0,74.56,75.0,-0.44
49.31,19.95,30.74,2.47,1.6,100.0,40,5.0,57.63,75.0,-17.37
26.98,16.08,56.94,1.68,0.47,100.0,40,2.0,78.28,75.0,3.28
69.05,15.21,15.74,4.54,4.39,100.0,70,1.0,70.66,75.0,-4.34
42.84,23.83,33.34,1.8,1.28,100.0,70,2.0,64.41,75.0,-10.59
36.17,43.03,20.8,0.84,1.74,100.0,55,2.0,56.17,75.0,-18.83
72.08,19.85,8.06,3.63,8.94,100.0,40,0.5,79.73,75.0,4.73
68.36,12.53,19.11,5.45,3.58,100.0,70,5.0,58.6,75.0,-16.4
67.4,15.27,17.33,4.41,3.89,100.0,40,2.0,79.52,75.0,4.52
38.28,44.35,17.37,0.86,2.2,100.0,40,5.0,41.78,75.0,-33.22
24.86,35.35,39.79,0.7,0.62,100.0,40,0.5,70.37,75.0,-4.63
44.18,20.13,35.69,2.19,1.24,100.0,25,1.0,84.32,75.0,9.32
30.41,32.21,37.38,0.94,0.81,100.0,55,1.0,67.49,75.0,-7.51
61.7,31.1,7.2,1.98,8.57,100.0,25,0.5,75.64,75.0,0.64
40.77,36.22,23.02,1.13,1.77,100.0,55,0.5,72.48,75.0,-2.52
26.01,37.91,36.08,0.69,0.72,100.0,40,2.0,63.26,75.0,-11.74
41.15,13.29,45.56,3.1,0.9,100.0,40,0.5,95.07,75.0,20.07
69.35,22.37,8.28,3.1,8.38,100.0,70,1.0,75.46,75.0,0.46
27.95,37.77,34.28,0.74,0.82,100.0,55,5.0,44.25,75.0,-30.75
71.72,10.64,17.63,6.74,4.07,100.0,55,5.0,59.98,75.0,-15.02
44.18,26.73,29.09,1.65,1.52,100.0,25,5.0,59.04,75.0,-15.96
49.22,24.07,26.71,2.05,1.84,100.0,55,5.0,58.28,75.0,-16.72
56.38,31.74,11.89,1.78,4.74,100.0,40,0.5,72.0,75.0,-3.0
65.89,12.91,21.2,5.1,3.11,100.0,70,0.5,84.31,75.0,9.31
30.49,41.61,27.9,0.73,1.09,100.0,25,5.0,52.29,75.0,-22.71
50.15,18.71,31.13,2.68,1.61,100.0,70,0.5,76.19,75.0,1.19
43.92,37.08,19.0,1.18,2.31,100.0,55,2.0,57.91,75.0,-17.09
28.78,42.13,29.09,0.68,0.99,100.0,55,0.5,67.06,75.0,-7.94
42.05,32.48,25.47,1.29,1.65,100.0,25,2.0,70.27,75.0,-4.73
24.09,39.64,36.27,0.61,0.66,100.0,55,2.0,57.82,75.0,-17.18
21.55,36.47,41.98,0.59,0.51,100.0,70,0.5,66.11,75.0,-8.89
28.11,24.22,47.67,1.16,0.59,100.0,40,5.0,59.6,75.0,-15.4
20.99,32.37,46.64,0.65,0.45,100.0,25,2.0,67.31,75.0,-7.69
52.97,21.79,25.24,2.43,2.1,100.0,55,0.5,81.07,75.0,6.07
68.89,17.5,13.62,3.94,5.06,100.0,70,1.0,73.68,75.0,-1.32
45.95,39.82,14.23,1.15,3.23,100.0,40,5.0,37.2,75.0,-37.8
38.71,25.16,36.13,1.54,1.07,100.0,55,1.0,74.93,75.0,-0.07
50.37,22.11,27.52,2.28,1.83,100.0,25,2.0,75.05,75.0,0.05
46.37,28.37,25.26,1.63,1.84,100.0,55,1.0,76.73,75.0,1.73
26.34,42.72,30.94,0.62,0.85,100.0,55,0.5,62.93,75.0,-12.07
41.55,27.93,30.52,1.49,1.36,100.0,55,5.0,49.21,75.0,-25.79
32.96,31.8,35.23,1.04,0.94,100.0,40,2.0,69.78,75.0,-5.22
57.18,36.46,6.37,1.57,8.98,100.0,40,0.5,67.63,75.0,-7.37
54.83,34.04,11.13,1.61,4.92,100.0,55,5.0,43.95,75.0,-31.05
29.12,13.94,56.94,2.09,0.51,100.0,55,2.0,81.46,75.0,6.46
23.68,19.28,57.04,1.23,0.42,100.0,25,2.0,79.08,75.0,4.08
24.44,23.1,52.47,1.06,0.47,100.0,55,2.0,68.71,75.0,-6.29
47.59,42.95,9.46,1.11,5.03,100.0,70,2.0,57.06,75.0,-17.94
23.49,44.28,32.23,0.53,0.73,100.0,70,1.0,59.96,75.0,-15.04
30.5,41.24,28.26,0.74,1.08,100.0,25,1.0,68.17,75.0,-6.83
23.47,13.57,62.96,1.73,0.37,100.0,40,1.0,88.78,75.0,13.78
61.7,27.51,10.79,2.24,5.72,100.0,55,2.0,67.34,75.0,-7.66
26.84,37.13,36.04,0.72,0.74,100.0,25,1.0,75.53,75.0,0.53
34.35,21.65,44.0,1.59,0.78,100.0,40,5.0,58.98,75.0,-16.02
28.53,40.89,30.57,0.7,0.93,100.0,25,2.0,65.53,75.0,-9.47
27.28,13.02,59.7,2.1,0.46,100.0,40,5.0,67.33,75.0,-7.67
38.2,43.1,18.7,0.89,2.04,100.0,55,5.0,40.13,75.0,-34.87
26.06,27.11,46.83,0.96,0.56,100.0,25,1.0,81.19,75.0,6.19
56.52,22.94,20.53,2.46,2.75,100.0,55,2.0,69.97,75.0,-5.03
23.74,13.59,62.68,1.75,0.38,100.0,25,1.0,93.96,75.0,18.96
50.57,23.49,25.94,2.15,1.95,100.0,40,1.0,79.61,75.0,4.61
79.8,13.59,6.61,5.87,12.07,100.0,25,1.0,81.62,75.0,6.62
25.04,46.09,28.88,0.54,0.87,100.0,70,2.0,47.55,75.0,-27.45
79.93,14.14,5.93,5.65,13.47,100.0,70,2.0,70.58,75.0,-4.42
38.38,28.39,33.24,1.35,1.15,100.0,25,1.0,83.94,75.0,8.94
57.43,18.94,23.62,3.03,2.43,100.0,70,5.0,52.55,75.0,-22.45
42.31,43.51,14.18,0.97,2.98,100.0,55,5.0,39.34,75.0,-35.66
45.57,23.78,30.65,1.92,1.49,100.0,70,2.0,65.81,75.0,-9.19
27.84,16.44,55.72,1.69,0.5,100.0,70,0.5,80.9,75.0,5.9
37.93,16.11,45.96,2.35,0.83,100.0,55,1.0,82.85,75.0,7.85
46.99,47.75,5.26,0.98,8.93,100.0,55,1.0,60.3,75.0,-14.7
31.68,10.15,58.17,3.12,0.54,100.0,40,0.5,94.58,75.0,19.58
42.07,19.52,38.41,2.15,1.1,100.0,55,2.0,71.76,75.0,-3.24
44.85,47.54,7.61,0.94,5.89,100.0,25,5.0,50.74,75.0,-24.26
69.65,16.84,13.5,4.14,5.16,100.0,70,2.0,70.8,75.0,-4.2
64.02,14.53,21.45,4.41,2.98,100.0,40,5.0,62.24,75.0,-12.76
71.5,13.32,15.18,5.37,4.71,100.0,55,5.0,65.43,75.0,-9.57
20.66,44.47,34.86,0.46,0.59,100.0,70,2.0,51.95,75.0,-23.05
44.97,29.08,25.95,1.55,1.73,100.0,25,1.0,82.22,75.0,7.22
40.37,25.43,34.2,1.59,1.18,100.0,25,1.0,78.01,75.0,3.01
21.15,37.17,41.68,0.57,0.51,100.0,40,1.0,74.44,75.0,-0.56
35.59,12.96,51.45,2.75,0.69,100.0,25,5.0,71.67,75.0,-3.33
57.78,28.88,13.34,2.0,4.33,100.0,70,1.0,70.99,75.0,-4.01
28.23,26.32,45.46,1.07,0.62,100.0,55,5.0,60.83,75.0,-14.17
52.12,21.5,26.39,2.42,1.98,100.0,25,1.0,79.19,75.0,4.19
32.91,32.32,34.77,1.02,0.95,100.0,55,2.0,68.68,75.0,-6.32
20.73,22.17,57.1,0.93,0.36,100.0,70,0.5,74.46,75.0,-0.54
34.47,13.46,52.07,2.56,0.66,100.0,70,5.0,58.64,75.0,-16.36
78.55,10.06,11.39,7.81,6.9,100.0,55,2.0,75.69,75.0,0.69
38.65,41.16,20.19,0.94,1.91,100.0,70,5.0,40.71,75.0,-34.29
66.9,24.53,8.57,2.73,7.81,100.0,40,5.0,55.79,75.0,-19.21
49.27,32.89,17.84,1.5,2.76,100.0,25,2.0,68.26,75.0,-6.74
26.58,49.97,23.45,0.53,1.13,100.0,40,1.0,59.81,75.0,-15.19
52.88,21.47,25.65,2.46,2.06,100.0,40,5.0,61.31,75.0,-13.69
47.26,21.22,31.52,2.23,1.5,100.0,40,0.5,84.8,75.0,9.8
70.66,16.39,12.95,4.31,5.46,100.0,55,0.5,84.6,75.0,9.6
25.88,16.56,57.55,1.56,0.45,100.0,55,2.0,83.62,75.0,8.62
49.29,21.41,29.3,2.3,1.68,100.0,70,0.5,76.38,75.0,1.38
29.0,41.71,29.28,0.7,0.99,100.0,55,2.0,56.17,75.0,-18.83
39.48,46.23,14.29,0.85,2.76,100.0,70,2.0,51.91,75.0,-23.09
41.32,21.49,37.19,1.92,1.11,100.0,55,5.0,54.25,75.0,-20.75
48.56,19.29,32.15,2.52,1.51,100.0,70,2.0,68.67,75.0,-6.33
42.55,45.25,12.19,0.94,3.49,100.0,25,2.0,62.54,75.0,-12.46
43.67,23.13,33.2,1.89,1.32,100.0,70,1.0,72.76,75.0,-2.24
47.57,14.51,37.92,3.28,1.25,100.0,25,5.0,65.01,75.0,-9.99
54.46,30.03,15.51,1.81,3.51,100.0,70,0.5,64.56,75.0,-10.44
28.9,14.2,56.9,2.04,0.51,100.0,55,1.0,84.9,75.0,9.9
77.32,16.59,6.09,4.66,12.69,100.0,55,1.0,81.42,75.0,6.42
67.21,27.19,5.59,2.47,12.02,100.0,25,5.0,59.91,75.0,-15.09
38.92,21.49,39.59,1.81,0.98,100.0,40,5.0,61.25,75.0,-13.75
61.29,23.78,14.94,2.58,4.1,100.0,40,1.0,82.88,75.0,7.88
46.26,28.14,25.61,1.64,1.81,100.0,70,5.0,48.55,75.0,-26.45
35.28,49.57,15.15,0.71,2.33,100.0,55,5.0,35.4,75.0,-39.6
70.45,12.19,17.36,5.78,4.06,100.0,40,2.0,72.5,75.0,-2.5
22.31,24.2,53.49,0.92,0.42,100.0,55,5.0,56.07,75.0,-18.93
21.27,37.75,40.98,0.56,0.52,100.0,55,2.0,64.23,75.0,-10.77
47.69,30.13,22.19,1.58,2.15,100.0,55,1.0,74.82,75.0,-0.18
58.23,22.64,19.13,2.57,3.04,100.0,70,1.0,69.58,75.0,-5.42
40.2,40.38,19.42,1.0,2.07,100.0,25,0.5,72.56,75.0,-2.44
28.67,44.12,27.21,0.65,1.05,100.0,70,5.0,40.98,75.0,-34.02
33.98,48.91,17.11,0.69,1.99,100.0,40,1.0,59.5,75.0,-15.5
74.33,20.67,5.0,3.6,14.85,100.0,25,2.0,69.18,75.0,-5.82
24.0,44.02,31.98,0.55,0.75,100.0,40,1.0,65.12,75.0,-9.88
51.1,32.02,16.87,1.6,3.03,100.0,25,5.0,56.56,75.0,-18.44
29.01,43.04,27.95,0.67,1.04,100.0,25,0.5,67.33,75.0,-7.67
64.25,22.14,13.61,2.9,4.72,100.0,70,0.5,73.6,75.0,-1.4
50.73,25.94,23.33,1.96,2.17,100.0,55,1.0,69.71,75.0,-5.29
60.81,22.68,16.51,2.68,3.68,100.0,55,0.5,69.57,75.0,-5.43
22.5,28.7,48.8,0.78,0.46,100.0,25,5.0,62.87,75.0,-12.13
25.09,21.42,53.49,1.17,0.47,100.0,70,5.0,56.34,75.0,-18.66
22.21,38.64,39.14,0.57,0.57,100.0,40,0.5,76.16,75.0,1.16
24.33,22.51,53.16,1.08,0.46,100.0,40,2.0,79.13,75.0,4.13
24.28,13.92,61.8,1.74,0.39,100.0,55,0.5,86.87,75.0,11.87
20.73,31.07,48.2,0.67,0.43,100.0,55,0.5,74.32,75.0,-0.68
77.39,12.28,10.33,6.3,7.49,100.0,40,1.0,86.13,75.0,11.13
64.25,14.42,21.33,4.45,3.01,100.0,40,2.0,81.94,75.0,6.94
41.2,18.78,40.03,2.19,1.03,100.0,70,0.5,80.33,75.0,5.33
37.79,28.57,33.63,1.32,1.12,100.0,40,1.0,78.68,75.0,3.68
40.98,27.33,31.69,1.5,1.29,100.0,70,1.0,69.15,75.0,-5.85
33.19,25.77,41.04,1.29,0.81,100.0,55,1.0,72.07,75.0,-2.93
38.57,37.08,24.34,1.04,1.58,100.0,40,5.0,48.28,75.0,-26.72
31.11,27.05,41.84,1.15,0.74,100.0,55,1.0,74.86,75.0,-0.14
30.45,23.35,46.21,1.3,0.66,100.0,25,1.0,79.67,75.0,4.67
25.9,22.66,51.44,1.14,0.5,100.0,25,5.0,60.27,75.0,-14.73
57.01,29.04,13.95,1.96,4.09,100.0,25,5.0,57.41,75.0,-17.59
65.86,12.08,22.05,5.45,2.99,100.0,40,1.0,84.53,75.0,9.53
35.9,10.51,53.58,3.41,0.67,100.0,55,0.5,89.0,75.0,14.0
21.26,41.82,36.92,0.51,0.58,100.0,40,2.0,60.34,75.0,-14.66
24.93,29.09,45.98,0.86,0.54,100.0,55,5.0,57.8,75.0,-17.2
78.07,15.24,6.69,5.12,11.66,100.0,70,2.0,74.79,75.0,-0.21
37.73,19.42,42.85,1.94,0.88,100.0,40,5.0,58.98,75.0,-16.02
67.02,12.38,20.6,5.41,3.25,100.0,25,1.0,86.8,75.0,11.8
33.1,39.16,27.75,0.85,1.19,100.0,70,5.0,43.92,75.0,-31.08
42.92,38.39,18.69,1.12,2.3,100.0,55,1.0,65.8,75.0,-9.2
32.34,29.29,38.37,1.1,0.84,100.0,40,2.0,70.21,75.0,-4.79
27.28,30.81,41.9,0.89,0.65,100.0,55,0.5,70.71,75.0,-4.29
29.85,48.1,22.05,0.62,1.35,100.0,55,1.0,55.49,75.0,-19.51
34.21,43.4,22.39,0.79,1.53,100.0,40,2.0,57.31,75.0,-17.69
58.63,18.61,22.75,3.15,2.58,100.0,40,2.0,77.08,75.0,2.08
51.82,42.44,5.74,1.22,9.03,100.0,55,5.0,44.97,75.0,-30.03
22.52,17.89,59.59,1.26,0.38,100.0,55,1.0,80.38,75.0,5.38
59.6,33.26,7.14,1.79,8.34,100.0,70,2.0,55.35,75.0,-19.65
36.27,42.58,21.15,0.85,1.71,100.0,25,0.5,69.49,75.0,-5.51
37.57,26.2,36.23,1.43,1.04,100.0,55,5.0,57.38,75.0,-17.62
51.06,15.21,33.73,3.36,1.51,100.0,25,5.0,63.39,75.0,-11.61
56.11,13.56,30.33,4.14,1.85,100.0,70,2.0,78.9,75.0,3.9
54.95,30.46,14.59,1.8,3.76,100.0,25,1.0,74.62,75.0,-0.38
47.83,20.07,32.1,2.38,1.49,100.0,25,5.0,61.96,75.0,-13.04
23.53,24.81,51.66,0.95,0.46,100.0,70,1.0,69.0,75.0,-6.0
59.39,16.26,24.35,3.65,2.44,100.0,55,2.0,77.17,75.0,2.17
27.69,24.67,47.65,1.12,0.58,100.0,25,2.0,76.99,75.0,1.99
40.3,34.76,24.94,1.16,1.62,100.0,55,1.0,67.67,75.0,-7.33
75.69,16.38,7.94,4.62,9.53,100.0,55,0.5,78.13,75.0,3.13
33.48,48.72,17.8,0.69,1.88,100.0,40,5.0,38.72,75.0,-36.28
42.33,46.59,11.08,0.91,3.82,100.0,55,2.0,51.04,75.0,-23.96
45.92,16.68,37.4,2.75,1.23,100.0,55,0.5,83.26,75.0,8.26
46.36,14.85,38.79,3.12,1.2,100.0,25,0.5,88.98,75.0,13.98
56.78,13.42,29.81,4.23,1.9,100.0,55,1.0,77.99,75.0,2.99
63.76,10.81,25.43,5.9,2.51,100.0,55,1.0,92.16,75.0,17.16
34.44,17.74,47.81,1.94,0.72,100.0,40,1.0,80.27,75.0,5.27
27.29,26.65,46.06,1.02,0.59,100.0,40,0.5,80.99,75.0,5.99
31.85,27.95,40.2,1.14,0.79,100.0,25,5.0,54.14,75.0,-20.86
39.73,30.96,29.31,1.28,1.36,100.0,25,1.0,70.27,75.0,-4.73
58.75,12.87,28.38,4.56,2.07,100.0,40,5.0,66.12,75.0,-8.88
37.15,19.07,43.78,1.95,0.85,100.0,40,1.0,83.55,75.0,8.55
59.21,30.2,10.59,1.96,5.59,100.0,70,0.5,72.2,75.0,-2.8
36.78,31.01,32.21,1.19,1.14,100.0,55,5.0,51.71,75.0,-23.29
30.04,48.69,21.27,0.62,1.41,100.0,25,5.0,42.59,75.0,-32.41
75.14,10.78,14.09,6.97,5.33,100.0,25,0.5,88.52,75.0,13.52
35.13,23.08,41.79,1.52,0.84,100.0,55,5.0,61.52,75.0,-13.48
71.32,10.89,17.79,6.55,4.01,100.0,55,0.5,88.44,75.0,13.44
47.63,21.01,31.36,2.27,1.52,100.0,25,0.5,82.19,75.0,7.19
75.68,16.47,7.85,4.6,9.64,100.0,40,2.0,76.37,75.0,1.37
35.67,24.76,39.58,1.44,0.9,100.0,40,1.0,79.06,75.0,4.06
66.59,12.88,20.54,5.17,3.24,100.0,55,2.0,76.0,75.0,1.0
40.09,26.96,32.95,1.49,1.22,100.0,25,0.5,84.24,75.0,9.24
30.65,48.31,21.04,0.63,1.46,100.0,55,0.5,62.28,75.0,-12.72
52.7,13.11,34.19,4.02,1.54,100.0,40,5.0,65.67,75.0,-9.33
47.86,24.42,27.72,1.96,1.73,100.0,70,0.5,73.33,75.0,-1.67
42.5,14.39,43.11,2.95,0.99,100.0,70,0.5,87.24,75.0,12.24
22.59,25.71,51.7,0.88,0.44,100.0,40,0.5,84.47,75.0,9.47
29.89,17.19,52.93,1.74,0.56,100.0,55,1.0,82.48,75.0,7.48
27.9,33.12,38.97,0.84,0.72,100.0,70,2.0,56.82,75.0,-18.18
26.42,14.87,58.71,1.78,0.45,100.0,40,2.0,83.49,75.0,8.49
25.39,32.88,41.72,0.77,0.61,100.0,25,1.0,78.25,75.0,3.25
32.81,13.32,53.87,2.46,0.61,100.0,55,1.0,76.8,75.0,1.8
50.35,34.8,14.85,1.45,3.39,100.0,55,1.0,66.88,75.0,-8.12
70.44,23.61,5.95,2.98,11.84,100.0,70,2.0,63.82,75.0,-11.18
27.92,44.12,27.96,0.63,1.0,100.0,55,2.0,55.25,75.0,-19.75
52.53,27.39,20.08,1.92,2.62,100.0,70,0.5,68.61,75.0,-6.39
55.42,17.71,26.87,3.13,2.06,100.0,70,2.0,70.84,75.0,-4.16
50.5,17.64,31.85,2.86,1.59,100.0,40,5.0,67.01,75.0,-7.99
37.85,40.75,21.4,0.93,1.77,100.0,70,2.0,53.28,75.0,-21.72
53.9,20.62,25.48,2.61,2.12,100.0,25,1.0,86.01,75.0,11.01
49.73,42.24,8.03,1.18,6.19,100.0,55,2.0,52.82,75.0,-22.18
72.4,18.24,9.37,3.97,7.73,100.0,70,0.5,78.95,75.0,3.95
58.18,22.87,18.96,2.54,3.07,100.0,55,2.0,69.89,75.0,-5.11
65.67,28.62,5.71,2.29,11.49,100.0,70,1.0,67.59,75.0,-7.41
29.6,47.73,22.67,0.62,1.31,100.0,40,5.0,40.88,75.0,-34.12
47.69,47.27,5.04,1.01,9.47,100.0,25,1.0,64.34,75.0,-10.66
20.56,18.27,61.17,1.12,0.34,100.0,55,5.0,54.62,75.0,-20.38
34.8,24.33,40.87,1.43,0.85,100.0,40,0.5,77.3,75.0,2.3
63.59,15.98,20.44,3.98,3.11,100.0,55,0.5,83.61,75.0,8.61
26.4,15.29,58.31,1.73,0.45,100.0,40,2.0,76.0,75.0,1.0
25.95,28.42,45.63,0.91,0.57,100.0,25,0.5,80.57,75.0,5.57
44.09,46.03,9.88,0.96,4.46,100.0,70,0.5,57.1,75.0,-17.9
40.73,38.56,20.71,1.06,1.97,100.0,40,1.0,64.6,75.0,-10.4
32.24,25.34,42.42,1.27,0.76,100.0,55,1.0,73.43,75.0,-1.57
53.31,29.67,17.03,1.8,3.13,100.0,55,2.0,65.75,75.0,-9.25
28.9,27.42,43.68,1.05,0.66,100.0,40,2.0,75.2,75.0,0.2
58.16,21.79,20.05,2.67,2.9,100.0,25,2.0,73.88,75.0,-1.12
31.28,10.15,58.57,3.08,0.53,100.0,25,2.0,87.03,75.0,12.03
41.32,22.8,35.87,1.81,1.15,100.0,70,1.0,71.43,75.0,-3.57
67.03,26.87,6.1,2.49,10.98,100.0,70,2.0,55.54,75.0,-19.46
53.25,19.19,27.56,2.78,1.93,100.0,55,2.0,73.75,75.0,-1.25
20.31,17.98,61.7,1.13,0.33,100.0,55,0.5,87.89,75.0,12.89
65.66,11.51,22.83,5.7,2.88,100.0,70,2.0,78.27,75.0,3.27
22.12,35.73,42.15,0.62,0.52,100.0,70,5.0,42.59,75.0,-32.41
64.74,20.5,14.76,3.16,4.39,100.0,70,0.5,71.87,75.0,-3.13
32.15,12.09,55.76,2.66,0.58,100.0,40,1.0,89.17,75.0,14.17
76.97,12.0,11.03,6.41,6.98,100.0,70,5.0,61.19,75.0,-13.81
42.08,42.08,15.85,1.0,2.66,100.0,40,2.0,59.6,75.0,-15.4
39.62,44.06,16.32,0.9,2.43,100.0,40,0.5,66.16,75.0,-8.84
28.93,29.32,41.74,0.99,0.69,100.0,70,2.0,68.07,75.0,-6.93
38.34,26.64,35.02,1.44,1.09,100.0,25,0.5,80.13,75.0,5.13
49.63,33.78,16.59,1.47,2.99,100.0,25,2.0,67.35,75.0,-7.65
42.51,24.22,33.27,1.76,1.28,100.0,55,5.0,60.28,75.0,-14.72
42.1,18.61,39.29,2.26,1.07,100.0,70,1.0,76.31,75.0,1.31
46.92,21.67,31.41,2.16,1.49,100.0,55,5.0,53.17,75.0,-21.83
63.32,16.91,19.77,3.74,3.2,100.0,70,5.0,54.13,75.0,-20.87
55.94,20.06,24.0,2.79,2.33,100.0,55,1.0,74.54,75.0,-0.46
60.51,16.86,22.63,3.59,2.67,100.0,40,0.5,86.03,75.0,11.03
43.49,34.61,21.89,1.26,1.99,100.0,70,0.5,63.77,75.0,-11.23
44.76,26.48,28.76,1.69,1.56,100.0,25,1.0,80.16,75.0,5.16
27.05,40.78,32.17,0.66,0.84,100.0,70,2.0,53.46,75.0,-21.54
20.19,11.94,67.87,1.69,0.3,100.0,55,0.5,83.56,75.0,8.56
57.18,18.41,24.41,3.11,2.34,100.0,55,5.0,59.47,75.0,-15.53
41.33,32.64,26.03,1.27,1.59,100.0,55,1.0,69.2,75.0,-5.8
61.37,19.79,18.83,3.1,3.26,100.0,55,5.0,58.58,75.0,-16.42
25.58,11.58,62.84,2.21,0.41,100.0,55,0.5,87.66,75.0,12.66
55.29,26.12,18.59,2.12,2.97,100.0,55,1.0,70.23,75.0,-4.77
48.86,35.97,15.18,1.36,3.22,100.0,25,1.0,72.55,75.0,-2.45
44.53,11.98,43.49,3.72,1.02,100.0,55,0.5,92.02,75.0,17.02
23.89,35.53,40.58,0.67,0.59,100.0,25,0.5,76.72,75.0,1.72
54.8,22.82,22.38,2.4,2.45,100.0,70,1.0,73.54,75.0,-1.46
53.69,13.74,32.57,3.91,1.65,100.0,40,2.0,79.67,75.0,4.67
53.64,27.08,19.28,1.98,2.78,100.0,25,1.0,73.34,75.0,-1.66
56.21,15.15,28.64,3.71,1.96,100.0,70,2.0,76.16,75.0,1.16
32.37,43.95,23.68,0.74,1.37,100.0,40,5.0,46.33,75.0,-28.67
44.17,10.4,45.44,4.25,0.97,100.0,25,2.0,89.4,75.0,14.4
36.19,22.69,41.12,1.59,0.88,100.0,25,2.0,77.68,75.0,2.68
24.56,47.48,27.96,0.52,0.88,100.0,70,0.5,59.85,75.0,-15.15
49.9,29.92,20.19,1.67,2.47,100.0,55,1.0,72.76,75.0,-2.24
24.62,22.4,52.98,1.1,0.46,100.0,25,5.0,69.48,75.0,-5.52
23.51,42.48,34.01,0.55,0.69,100.0,25,1.0,71.63,75.0,-3.37
40.05,44.69,15.26,0.9,2.62,100.0,70,2.0,51.44,75.0,-23.56
73.24,11.4,15.37,6.43,4.77,100.0,55,2.0,73.63,75.0,-1.37
62.46,11.88,25.66,5.26,2.43,100.0,40,2.0,81.72,75.0,6.72
35.16,22.87,41.96,1.54,0.84,100.0,55,1.0,77.95,75.0,2.95
51.04,40.53,8.43,1.26,6.05,100.0,55,2.0,58.6,75.0,-16.4
46.41,15.46,38.13,3.0,1.22,100.0,70,1.0,83.05,75.0,8.05
28.85,19.15,52.01,1.51,0.55,100.0,55,5.0,60.51,75.0,-14.49
39.69,45.3,15.01,0.88,2.64,100.0,70,5.0,42.09,75.0,-32.91
46.04,10.8,43.15,4.26,1.07,100.0,40,1.0,83.47,75.0,8.47
25.32,40.11,34.57,0.63,0.73,100.0,25,5.0,51.64,75.0,-23.36
33.24,28.95,37.81,1.15,0.88,100.0,25,0.5,78.62,75.0,3.62
55.89,27.87,16.24,2.01,3.44,100.0,70,2.0,57.39,75.0,-17.61
64.14,10.28,25.58,6.24,2.51,100.0,70,2.0,75.75,75.0,0.75
38.68,19.86,41.46,1.95,0.93,100.0,55,2.0,69.87,75.0,-5.13
27.26,10.36,62.37,2.63,0.44,100.0,55,0.5,90.0,75.0,15.0
58.55,31.63,9.82,1.85,5.96,100.0,25,2.0,68.94,75.0,-6.06
45.27,37.09,17.63,1.22,2.57,100.0,25,1.0,74.15,75.0,-0.85
71.88,19.42,8.7,3.7,8.26,100.0,25,2.0,72.75,75.0,-2.25
49.61,15.51,34.88,3.2,1.42,100.0,70,1.0,81.36,75.0,6.36
27.1,31.25,41.65,0.87,0.65,100.0,40,5.0,54.58,75.0,-20.42
44.59,25.99,29.42,1.72,1.52,100.0,40,1.0,79.84,75.0,4.84
54.33,34.49,11.18,1.58,4.86,100.0,70,1.0,61.68,75.0,-13.32
43.03,35.68,21.29,1.21,2.02,100.0,55,1.0,62.15,75.0,-12.85
54.31,21.93,23.76,2.48,2.29,100.0,40,2.0,70.38,75.0,-4.62
55.27,15.06,29.68,3.67,1.86,100.0,55,0.5,80.05,75.0,5.05
31.07,43.7,25.23,0.71,1.23,100.0,25,0.5,70.86,75.0,-4.14
41.73,24.49,33.78,1.7,1.24,100.0,25,1.0,85.67,75.0,10.67
40.07,36.42,23.51,1.1,1.7,100.0,55,2.0,59.16,75.0,-15.84
21.57,28.83,49.6,0.75,0.43,100.0,25,0.5,84.16,75.0,9.16
21.45,17.96,60.59,1.19,0.35,100.0,70,5.0,54.92,75.0,-20.08
54.17,16.66,29.17,3.25,1.86,100.0,55,5.0,60.79,75.0,-14.21
36.38,12.43,51.19,2.93,0.71,100.0,55,2.0,82.43,75.0,7.43
51.08,26.53,22.38,1.93,2.28,100.0,55,5.0,48.32,75.0,-26.68
37.92,31.86,30.21,1.19,1.26,100.0,40,5.0,52.1,75.0,-22.9
44.63,31.15,24.23,1.43,1.84,100.0,55,5.0,51.77,75.0,-23.23
35.56,39.95,24.5,0.89,1.45,100.0,55,0.5,57.19,75.0,-17.81
45.78,43.12,11.1,1.06,4.12,100.0,55,5.0,43.93,75.0,-31.07
31.55,33.6,34.84,0.94,0.91,100.0,40,1.0,73.02,75.0,-1.98
70.52,11.55,17.93,6.1,3.93,100.0,25,1.0,90.86,75.0,15.86
31.17,17.77,51.07,1.75,0.61,100.0,40,5.0,63.43,75.0,-11.57
64.71,21.92,13.37,2.95,4.84,100.0,70,1.0,66.82,75.0,-8.18
47.49,47.39,5.12,1.0,9.28,100.0,55,0.5,60.44,75.0,-14.56
48.98,43.4,7.62,1.13,6.42,100.0,70,2.0,51.14,75.0,-23.86
28.01,43.7,28.29,0.64,0.99,100.0,40,1.0,64.33,75.0,-10.67
24.84,22.13,53.04,1.12,0.47,100.0,25,5.0,68.08,75.0,-6.92
63.68,27.18,9.15,2.34,6.96,100.0,25,2.0,74.18,75.0,-0.82
49.79,28.83,21.38,1.73,2.33,100.0,55,2.0,71.72,75.0,-3.28
46.21,16.29,37.49,2.84,1.23,100.0,25,5.0,67.8,75.0,-7.2
63.77,11.24,24.99,5.67,2.55,100.0,40,1.0,84.56,75.0,9.56
27.62,11.4,60.97,2.42,0.45,100.0,40,0.5,92.05,75.0,17.05
29.53,19.63,50.84,1.5,0.58,100.0,25,1.0,87.59,75.0,12.59
56.61,19.6,23.79,2.89,2.38,100.0,55,1.0,80.71,75.0,5.71
28.12,13.34,58.54,2.11,0.48,100.0,55,0.5,83.62,75.0,8.62
26.23,11.49,62.28,2.28,0.42,100.0,40,2.0,85.21,75.0,10.21
59.42,33.19,7.39,1.79,8.04,100.0,25,0.5,79.84,75.0,4.84
62.61,11.05,26.34,5.66,2.38,100.0,40,0.5,88.68,75.0,13.68
24.14,46.46,29.4,0.52,0.82,100.0,40,5.0,45.21,75.0,-29.79
23.42,23.82,52.75,0.98,0.44,100.0,70,5.0,56.08,75.0,-18.92
36.93,34.86,28.21,1.06,1.31,100.0,40,1.0,73.29,75.0,-1.71
35.7,11.55,52.75,3.09,0.68,100.0,55,5.0,63.76,75.0,-11.24
34.82,17.47,47.71,1.99,0.73,100.0,25,0.5,87.63,75.0,12.63
32.53,39.56,27.9,0.82,1.17,100.0,25,0.5,72.66,75.0,-2.34
34.97,40.67,24.36,0.86,1.44,100.0,70,5.0,35.37,75.0,-39.63
36.32,24.03,39.66,1.51,0.92,100.0,70,5.0,52.34,75.0,-22.66
65.56,25.07,9.36,2.61,7.0,100.0,55,5.0,53.14,75.0,-21.86
46.98,31.34,21.67,1.5,2.17,100.0,70,0.5,74.08,75.0,-0.92
66.6,10.01,23.39,6.65,2.85,100.0,40,2.0,83.54,75.0,8.54
23.92,19.65,56.43,1.22,0.42,100.0,40,2.0,80.76,75.0,5.76
49.25,18.33,32.42,2.69,1.52,100.0,55,5.0,62.9,75.0,-12.1
22.02,20.02,57.96,1.1,0.38,100.0,25,1.0,83.89,75.0,8.89
23.76,42.24,34.0,0.56,0.7,100.0,55,1.0,62.34,75.0,-12.66
38.41,22.72,38.87,1.69,0.99,100.0,70,2.0,76.26,75.0,1.26
28.35,17.66,53.98,1.61,0.53,100.0,25,5.0,67.8,75.0,-7.2
51.95,30.17,17.88,1.72,2.9,100.0,25,0.5,81.52,75.0,6.52
44.67,44.63,10.71,1.0,4.17,100.0,25,1.0,67.72,75.0,-7.28
40.84,19.65,39.51,2.08,1.03,100.0,70,1.0,71.76,75.0,-3.24
73.99,13.14,12.87,5.63,5.75,100.0,40,0.5,87.52,75.0,12.52
21.31,24.26,54.43,0.88,0.39,100.0,40,0.5,83.4,75.0,8.4
48.51,41.85,9.63,1.16,5.03,100.0,70,5.0,38.66,75.0,-36.34
46.96,27.27,25.77,1.72,1.82,100.0,70,0.5,69.73,75.0,-5.27
62.51,28.12,9.37,2.22,6.67,100.0,55,0.5,69.4,75.0,-5.6
57.41,30.52,12.08,1.88,4.75,100.0,55,0.5,69.92,75.0,-5.08
23.14,41.71,35.16,0.55,0.66,100.0,40,2.0,61.03,75.0,-13.97
45.13,34.15,20.72,1.32,2.18,100.0,70,0.5,70.22,75.0,-4.78
35.61,29.73,34.66,1.2,1.03,100.0,55,1.0,77.1,75.0,2.1
63.85,11.6,24.55,5.5,2.6,100.0,70,5.0,64.52,75.0,-10.48
20.66,31.67,47.68,0.65,0.43,100.0,70,5.0,51.18,75.0,-23.82
35.39,25.34,39.27,1.4,0.9,100.0,40,5.0,55.18,75.0,-19.82
59.25,16.09,24.66,3.68,2.4,100.0,40,2.0,76.98,75.0,1.98
31.89,36.67,31.45,0.87,1.01,100.0,70,1.0,64.11,75.0,-10.89
53.92,21.37,24.71,2.52,2.18,100.0,25,0.5,83.11,75.0,8.11
47.84,33.43,18.73,1.43,2.55,100.0,25,1.0,75.2,75.0,0.2
62.84,20.94,16.22,3.0,3.87,100.0,70,5.0,55.13,75.0,-19.87
56.51,27.83,15.66,2.03,3.61,100.0,40,0.5,78.19,75.0,3.19
40.97,43.44,15.58,0.94,2.63,100.0,25,5.0,49.22,75.0,-25.78
26.85,20.6,52.56,1.3,0.51,100.0,40,5.0,60.12,75.0,-14.88
29.07,27.95,42.98,1.04,0.68,100.0,25,5.0,62.53,75.0,-12.47
33.52,31.51,34.97,1.06,0.96,100.0,70,1.0,65.36,75.0,-9.64
35.06,36.54,28.4,0.96,1.23,100.0,55,1.0,63.44,75.0,-11.56
37.56,14.86,47.58,2.53,0.79,100.0,55,5.0,64.95,75.0,-10.05
53.67,25.79,20.53,2.08,2.61,100.0,40,5.0,59.65,75.0,-15.35
51.4,35.84,12.75,1.43,4.03,100.0,40,0.5,72.15,75.0,-2.85
26.89,16.02,57.09,1.68,0.47,100.0,25,5.0,69.55,75.0,-5.45
39.34,32.24,28.42,1.22,1.38,100.0,70,5.0,47.2,75.0,-27.8
63.37,25.32,11.31,2.5,5.6,100.0,25,5.0,58.81,75.0,-16.19
24.06,39.18,36.76,0.61,0.65,100.0,70,5.0,38.87,75.0,-36.13
62.47,10.81,26.72,5.78,2.34,100.0,70,1.0,77.37,75.0,2.37
52.61,18.21,29.18,2.89,1.8,100.0,40,5.0,61.94,75.0,-13.06
24.9,29.48,45.61,0.84,0.55,100.0,55,2.0,68.16,75.0,-6.84
47.5,45.13,7.37,1.05,6.44,100.0,55,5.0,38.18,75.0,-36.82
49.08,31.09,19.83,1.58,2.48,100.0,40,1.0,74.25,75.0,-0.75
29.95,47.19,22.86,0.63,1.31,100.0,55,2.0,52.6,75.0,-22.4
46.28,23.08,30.64,2.01,1.51,100.0,40,2.0,75.6,75.0,0.6
38.45,27.7,33.85,1.39,1.14,100.0,25,5.0,58.56,75.0,-16.44
60.14,14.79,25.07,4.07,2.4,100.0,70,5.0,63.62,75.0,-11.38
47.74,42.11,10.16,1.13,4.7,100.0,55,1.0,60.78,75.0,-14.22
44.71,19.88,35.42,2.25,1.26,100.0,55,2.0,80.65,75.0,5.65
30.21,32.59,37.19,0.93,0.81,100.0,25,2.0,71.96,75.0,-3.04
36.29,14.04,49.67,2.58,0.73,100.0,25,1.0,89.5,75.0,14.5
23.74,47.73,28.53,0.5,0.83,100.0,55,5.0,35.74,75.0,-39.26
50.75,30.81,18.44,1.65,2.75,100.0,55,0.5,67.45,75.0,-7.55
29.88,34.81,35.31,0.86,0.85,100.0,40,0.5,70.69,75.0,-4.31
47.55,41.14,11.3,1.16,4.21,100.0,40,2.0,56.69,75.0,-18.31
23.12,15.24,61.64,1.52,0.38,100.0,55,2.0,80.68,75.0,5.68
20.34,31.77,47.9,0.64,0.42,100.0,40,5.0,52.97,75.0,-22.03
32.08,11.37,56.55,2.82,0.57,100.0,25,0.5,95.76,75.0,20.76
35.52,29.9,34.58,1.19,1.03,100.0,70,2.0,67.37,75.0,-7.63
29.88,16.19,53.92,1.85,0.55,100.0,40,5.0,65.79,75.0,-9.21
39.81,17.32,42.87,2.3,0.93,100.0,70,0.5,86.9,75.0,11.9
65.41,24.6,9.99,2.66,6.54,100.0,40,1.0,72.25,75.0,-2.75
51.16,27.3,21.54,1.87,2.38,100.0,55,2.0,66.59,75.0,-8.41
32.29,34.93,32.78,0.92,0.99,100.0,40,1.0,69.21,75.0,-5.79
72.67,12.98,14.35,5.6,5.06,100.0,70,0.5,83.66,75.0,8.66
22.57,39.59,37.84,0.57,0.6,100.0,70,5.0,35.35,75.0,-39.65
72.23,17.31,10.46,4.17,6.9,100.0,55,5.0,53.6,75.0,-21.4
34.33,32.96,32.71,1.04,1.05,100.0,70,0.5,68.38,75.0,-6.62
47.07,35.5,17.43,1.33,2.7,100.0,55,1.0,70.55,75.0,-4.45
34.64,38.24,27.12,0.91,1.28,100.0,55,5.0,45.62,75.0,-29.38
26.86,31.37,41.77,0.86,0.64,100.0,70,2.0,59.17,75.0,-15.83
21.63,23.42,54.95,0.92,0.39,100.0,25,1.0,80.51,75.0,5.51
23.91,40.6,35.48,0.59,0.67,100.0,70,1.0,66.14,75.0,-8.86
47.84,27.31,24.85,1.75,1.92,100.0,70,2.0,62.5,75.0,-12.5
52.0,37.16,10.84,1.4,4.8,100.0,40,0.5,66.75,75.0,-8.25
52.32,35.92,11.75,1.46,4.45,100.0,70,5.0,46.46,75.0,-28.54
49.87,10.73,39.4,4.65,1.27,100.0,40,1.0,91.46,75.0,16.46
26.33,36.16,37.51,0.73,0.7,100.0,40,5.0,54.26,75.0,-20.74
59.41,34.74,5.85,1.71,10.15,100.0,70,5.0,39.41,75.0,-35.59
69.33,22.39,8.28,3.1,8.37,100.0,55,1.0,69.58,75.0,-5.42
42.83,13.43,43.74,3.19,0.98,100.0,25,0.5,92.87,75.0,17.87
66.54,13.64,19.83,4.88,3.36,100.0,70,1.0,79.44,75.0,4.44
22.34,42.08,35.58,0.53,0.63,100.0,70,0.5,63.7,75.0,-11.3
32.23,37.57,30.2,0.86,1.07,100.0,55,2.0,65.16,75.0,-9.84
51.4,15.08,33.52,3.41,1.53,100.0,40,0.5,82.09,75.0,7.09
37.23,24.27,38.5,1.53,0.97,100.0,55,0.5,80.94,75.0,5.94
64.21,27.29,8.5,2.35,7.55,100.0,55,1.0,67.46,75.0,-7.54
32.94,26.51,40.55,1.24,0.81,100.0,40,5.0,60.07,75.0,-14.93
58.07,11.75,30.18,4.94,1.92,100.0,70,5.0,59.37,75.0,-15.63
67.87,19.47,12.66,3.49,5.36,100.0,55,0.5,76.7,75.0,1.7
43.76,45.59,10.65,0.96,4.11,100.0,55,0.5,58.82,75.0,-16.18
74.91,10.37,14.73,7.22,5.09,100.0,70,1.0,75.88,75.0,0.88
51.98,18.06,29.96,2.88,1.73,100.0,70,0.5,78.98,75.0,3.98
29.48,48.36,22.16,0.61,1.33,100.0,25,1.0,61.05,75.0,-13.95
43.96,40.57,15.47,1.08,2.84,100.0,55,2.0,59.51,75.0,-15.49
67.6,20.47,11.94,3.3,5.66,100.0,25,0.5,86.29,75.0,11.29
39.01,12.68,48.31,3.08,0.81,100.0,40,2.0,88.02,75.0,13.02
71.43,11.13,17.44,6.42,4.1,100.0,70,0.5,83.55,75.0,8.55
74.37,19.79,5.84,3.76,12.73,100.0,70,0.5,76.79,75.0,1.79
36.61,45.26,18.13,0.81,2.02,100.0,25,2.0,64.33,75.0,-10.67
50.47,33.3,16.22,1.52,3.11,100.0,55,2.0,60.43,75.0,-14.57
28.44,38.81,32.74,0.73,0.87,100.0,40,1.0,63.64,75.0,-11.36
32.12,46.73,21.15,0.69,1.52,100.0,55,1.0,59.0,75.0,-16.0
31.05,26.32,42.62,1.18,0.73,100.0,55,2.0,65.57,75.0,-9.43
73.64,17.65,8.71,4.17,8.45,100.0,25,0.5,93.38,75.0,18.38
59.26,30.68,10.06,1.93,5.89,100.0,55,1.0,72.89,75.0,-2.11
29.13,46.32,24.55,0.63,1.19,100.0,25,0.5,74.02,75.0,-0.98
46.42,42.17,11.41,1.1,4.07,100.0,70,5.0,37.81,75.0,-37.19
56.92,12.63,30.45,4.51,1.87,100.0,70,1.0,81.85,75.0,6.85
25.01,37.7,37.29,0.66,0.67,100.0,70,1.0,61.96,75.0,-13.04
68.61,12.84,18.55,5.34,3.7,100.0,40,1.0,87.52,75.0,12.52
31.39,38.13,30.48,0.82,1.03,100.0,40,5.0,44.71,75.0,-30.29
50.31,14.9,34.79,3.38,1.45,100.0,55,2.0,69.42,75.0,-5.58
74.58,11.23,14.19,6.64,5.26,100.0,25,0.5,88.68,75.0,13.68
45.07,45.18,9.76,1.0,4.62,100.0,55,5.0,33.98,75.0,-41.02
50.55,39.94,9.51,1.27,5.32,100.0,70,2.0,58.43,75.0,-16.57
60.08,29.28,10.65,2.05,5.64,100.0,55,1.0,75.02,75.0,0.02
58.08,12.82,29.1,4.53,2.0,100.0,55,2.0,73.73,75.0,-1.27
29.96,21.13,48.92,1.42,0.61,100.0,55,2.0,77.98,75.0,2.98
75.59,18.1,6.31,4.18,11.98,100.0,70,2.0,71.82,75.0,-3.18
45.65,47.8,6.55,0.95,6.97,100.0,25,0.5,59.98,75.0,-15.02
29.73,21.31,48.96,1.4,0.61,100.0,55,2.0,72.81,75.0,-2.19
20.76,28.43,50.81,0.73,0.41,100.0,70,2.0,64.44,75.0,-10.56
53.59,36.85,9.56,1.45,5.6,100.0,40,2.0,64.4,75.0,-10.6
51.64,16.49,31.87,3.13,1.62,100.0,25,2.0,77.96,75.0,2.96
63.16,29.46,7.38,2.14,8.56,100.0,70,5.0,45.82,75.0,-29.18
26.71,48.12,25.17,0.55,1.06,100.0,55,5.0,35.77,75.0,-39.23
24.76,44.67,30.56,0.55,0.81,100.0,70,2.0,54.2,75.0,-20.8
53.92,12.17,33.92,4.43,1.59,100.0,25,2.0,84.23,75.0,9.23
31.24,36.76,31.99,0.85,0.98,100.0,55,2.0,59.86,75.0,-15.14
71.49,15.05,13.46,4.75,5.31,100.0,40,1.0,82.17,75.0,7.17
34.92,33.87,31.2,1.03,1.12,100.0,40,2.0,72.52,75.0,-2.48
52.45,15.3,32.25,3.43,1.63,100.0,40,2.0,78.26,75.0,3.26
45.9,27.11,26.98,1.69,1.7,100.0,70,5.0,46.6,75.0,-28.4
38.86,20.59,40.55,1.89,0.96,100.0,25,5.0,66.39,75.0,-8.61
58.04,23.23,18.73,2.5,3.1,100.0,40,5.0,57.18,75.0,-17.82
35.42,13.61,50.97,2.6,0.69,100.0,55,0.5,82.82,75.0,7.82
47.56,40.15,12.29,1.18,3.87,100.0,55,1.0,68.82,75.0,-6.18
41.47,18.76,39.77,2.21,1.04,100.0,55,2.0,73.79,75.0,-1.21
49.65,27.72,22.63,1.79,2.19,100.0,70,5.0,47.72,75.0,-27.28
23.13,32.51,44.36,0.71,0.52,100.0,25,0.5,79.66,75.0,4.66
40.11,40.8,19.09,0.98,2.1,100.0,25,2.0,68.54,75.0,-6.46
30.43,14.16,55.42,2.15,0.55,100.0,40,2.0,77.59,75.0,2.59
20.61,29.16,50.22,0.71,0.41,100.0,25,5.0,60.44,75.0,-14.56
21.33,14.18,64.49,1.5,0.33,100.0,55,2.0,86.78,75.0,11.78
26.04,20.81,53.15,1.25,0.49,100.0,55,2.0,75.13,75.0,0.13
34.39,42.91,22.7,0.8,1.52,100.0,70,2.0,49.53,75.0,-25.47
28.52,30.73,40.75,0.93,0.7,100.0,55,5.0,49.71,75.0,-25.29
40.88,28.47,30.65,1.44,1.33,100.0,25,0.5,81.26,75.0,6.26
47.02,22.58,30.4,2.08,1.55,100.0,55,2.0,75.23,75.0,0.23
20.5,34.5,45.0,0.59,0.46,100.0,40,0.5,73.83,75.0,-1.17
26.62,39.52,33.86,0.67,0.79,100.0,70,2.0,59.2,75.0,-15.8
57.26,26.44,16.31,2.17,3.51,100.0,70,5.0,44.82,75.0,-30.18
41.14,35.17,23.69,1.17,1.74,100.0,25,0.5,70.92,75.0,-4.08
34.37,40.69,24.94,0.84,1.38,100.0,55,5.0,41.56,75.0,-33.44
48.28,38.44,13.28,1.26,3.64,100.0,55,1.0,67.73,75.0,-7.27
78.75,12.08,9.18,6.52,8.58,100.0,25,2.0,82.67,75.0,7.67
33.27,46.21,20.51,0.72,1.62,100.0,25,1.0,65.57,75.0,-9.43
27.58,28.33,44.09,0.97,0.63,100.0,40,1.0,77.41,75.0,2.41
60.57,20.5,18.93,2.96,3.2,100.0,25,1.0,85.87,75.0,10.87
39.51,19.67,40.82,2.01,0.97,100.0,55,2.0,72.48,75.0,-2.52
61.18,29.32,9.5,2.09,6.44,100.0,40,5.0,54.49,75.0,-20.51
24.18,45.47,30.35,0.53,0.8,100.0,70,1.0,54.71,75.0,-20.29
30.49,25.13,44.37,1.21,0.69,100.0,55,0.5,84.29,75.0,9.29
21.93,36.73,41.34,0.6,0.53,100.0,70,2.0,57.02,75.0,-17.98
33.63,13.87,52.5,2.42,0.64,100.0,70,5.0,58.89,75.0,-16.11
38.36,48.12,13.52,0.8,2.84,100.0,70,5.0,35.31,75.0,-39.69
36.76,49.67,13.58,0.74,2.71,100.0,55,1.0,55.83,75.0,-19.17
27.65,44.62,27.74,0.62,1.0,100.0,70,2.0,53.52,75.0,-21.48
61.65,18.42,19.93,3.35,3.09,100.0,55,1.0,78.78,75.0,3.78
50.76,30.06,19.18,1.69,2.65,100.0,70,0.5,66.11,75.0,-8.89
38.32,19.34,42.34,1.98,0.91,100.0,25,5.0,70.53,75.0,-4.47
32.76,26.38,40.86,1.24,0.8,100.0,25,5.0,63.3,75.0,-11.7
21.99,41.2,36.81,0.53,0.6,100.0,55,2.0,62.92,75.0,-12.08
38.24,40.85,20.91,0.94,1.83,100.0,70,5.0,37.91,75.0,-37.09
59.19,19.12,21.69,3.09,2.73,100.0,70,2.0,71.03,75.0,-3.97
52.73,21.86,25.41,2.41,2.08,100.0,70,1.0,73.83,75.0,-1.17
71.48,16.37,12.15,4.37,5.88,100.0,25,0.5,90.64,75.0,15.64
65.96,25.2,8.84,2.62,7.46,100.0,70,2.0,67.73,75.0,-7.27
60.68,27.42,11.9,2.21,5.1,100.0,70,1.0,68.58,75.0,-6.42
59.9,34.2,5.9,1.75,10.15,100.0,55,0.5,63.59,75.0,-11.41
35.62,32.4,31.99,1.1,1.11,100.0,70,5.0,51.86,75.0,-23.14
37.76,26.08,36.16,1.45,1.04,100.0,25,0.5,84.53,75.0,9.53
60.24,30.2,9.56,1.99,6.3,100.0,70,0.5,66.49,75.0,-8.51
53.63,17.06,29.32,3.14,1.83,100.0,25,0.5,89.71,75.0,14.71
26.66,42.51,30.83,0.63,0.86,100.0,25,5.0,43.79,75.0,-31.21
46.82,31.67,21.51,1.48,2.18,100.0,40,2.0,70.15,75.0,-4.85
47.62,15.24,37.14,3.12,1.28,100.0,25,2.0,78.63,75.0,3.63
53.7,33.03,13.27,1.63,4.04,100.0,40,0.5,72.04,75.0,-2.96
54.47,18.66,26.87,2.92,2.03,100.0,40,1.0,82.36,75.0,7.36
42.82,47.89,9.28,0.89,4.61,100.0,70,1.0,56.52,75.0,-18.48
68.79,20.54,10.67,3.35,6.45,100.0,40,0.5,81.51,75.0,6.51
26.64,15.42,57.94,1.73,0.46,100.0,55,0.5,88.4,75.0,13.4
45.35,30.74,23.91,1.48,1.9,100.0,25,1.0,75.79,75.0,0.79
22.52,14.5,62.97,1.55,0.36,100.0,55,0.5,87.55,75.0,12.55
59.99,30.4,9.61,1.97,6.24,100.0,40,0.5,74.44,75.0,-0.56
75.08,17.34,7.57,4.33,9.91,100.0,70,2.0,69.05,75.0,-5.95
36.8,20.11,43.09,1.83,0.85,100.0,25,2.0,75.17,75.0,0.17
72.25,14.19,13.56,5.09,5.33,100.0,55,0.5,80.62,75.0,5.62
37.53,25.33,37.14,1.48,1.01,100.0,70,0.5,75.22,75.0,0.22
67.18,18.34,14.48,3.66,4.64,100.0,40,5.0,59.86,75.0,-15.14
65.24,28.25,6.51,2.31,10.02,100.0,70,2.0,61.41,75.0,-13.59
68.29,16.83,14.87,4.06,4.59,100.0,55,0.5,80.24,75.0,5.24
21.08,20.69,58.23,1.02,0.36,100.0,70,5.0,54.75,75.0,-20.25
54.74,22.39,22.87,2.44,2.39,100.0,55,5.0,54.13,75.0,-20.87
63.6,15.9,20.5,4.0,3.1,100.0,70,5.0,56.0,75.0,-19.0
38.29,34.47,27.25,1.11,1.4,100.0,25,5.0,53.61,75.0,-21.39
45.79,48.85,5.36,0.94,8.55,100.0,70,2.0,48.52,75.0,-26.48
36.89,38.59,24.52,0.96,1.5,100.0,25,5.0,49.9,75.0,-25.1
58.49,14.71,26.79,3.98,2.18,100.0,55,2.0,73.29,75.0,-1.71
26.75,46.49,26.75,0.58,1.0,100.0,25,5.0,40.94,75.0,-34.06
47.75,17.3,34.95,2.76,1.37,100.0,70,5.0,65.18,75.0,-9.82
52.44,19.79,27.77,2.65,1.89,100.0,25,1.0,80.54,75.0,5.54
25.79,15.26,58.95,1.69,0.44,100.0,55,2.0,77.65,75.0,2.65
34.51,22.09,43.4,1.56,0.8,100.0,70,1.0,76.43,75.0,1.43
20.74,45.8,33.45,0.45,0.62,100.0,25,1.0,67.37,75.0,-7.63
20.34,13.64,66.02,1.49,0.31,100.0,25,5.0,73.62,75.0,-1.38
38.08,44.37,17.55,0.86,2.17,100.0,40,2.0,56.37,75.0,-18.63
55.9,14.4,29.7,3.88,1.88,100.0,25,0.5,91.1,75.0,16.1
37.83,47.9,14.27,0.79,2.65,100.0,40,5.0,40.08,75.0,-34.92
38.0,26.93,35.07,1.41,1.08,100.0,55,2.0,67.72,75.0,-7.28
64.59,10.37,25.04,6.23,2.58,100.0,40,1.0,87.98,75.0,12.98
22.89,27.7,49.42,0.83,0.46,100.0,55,2.0,72.72,75.0,-2.28
74.17,11.84,13.98,6.26,5.3,100.0,25,5.0,68.04,75.0,-6.96
38.81,34.54,26.65,1.12,1.46,100.0,25,2.0,68.44,75.0,-6.56
60.07,23.54,16.39,2.55,3.66,100.0,40,1.0,80.36,75.0,5.36
55.59,28.94,15.47,1.92,3.59,100.0,55,2.0,68.17,75.0,-6.83
30.97,11.86,57.16,2.61,0.54,100.0,25,2.0,92.16,75.0,17.16
31.12,44.75,24.13,0.7,1.29,100.0,40,1.0,57.82,75.0,-17.18
24.74,36.48,38.79,0.68,0.64,100.0,40,5.0,53.06,75.0,-21.94
34.37,27.36,38.27,1.26,0.9,100.0,40,0.5,80.98,75.0,5.98
48.21,38.2,13.58,1.26,3.55,100.0,25,1.0,66.96,75.0,-8.04
22.08,46.22,31.7,0.48,0.7,100.0,55,1.0,60.57,75.0,-14.43
54.97,14.79,30.24,3.72,1.82,100.0,25,5.0,70.82,75.0,-4.18
59.9,26.48,13.62,2.26,4.4,100.0,70,5.0,46.34,75.0,-28.66
71.34,21.38,7.28,3.34,9.8,100.0,70,2.0,68.09,75.0,-6.91
51.29,11.88,36.83,4.32,1.39,100.0,25,1.0,92.98,75.0,17.98
23.82,36.74,39.44,0.65,0.6,100.0,55,2.0,59.01,75.0,-15.99
33.5,27.36,39.13,1.22,0.86,100.0,40,2.0,71.33,75.0,-3.67
55.94,16.52,27.55,3.39,2.03,100.0,70,5.0,58.1,75.0,-16.9
26.9,42.5,30.61,0.63,0.88,100.0,70,5.0,36.92,75.0,-38.08
25.63,44.14,30.23,0.58,0.85,100.0,25,2.0,59.49,75.0,-15.51
52.96,37.64,9.41,1.41,5.63,100.0,70,1.0,60.19,75.0,-14.81
60.15,20.61,19.24,2.92,3.13,100.0,70,1.0,75.9,75.0,0.9
27.95,33.61,38.43,0.83,0.73,100.0,40,2.0,69.25,75.0,-5.75
43.7,35.2,21.1,1.24,2.07,100.0,40,0.5,69.39,75.0,-5.61
54.31,32.09,13.6,1.69,3.99,100.0,55,0.5,72.35,75.0,-2.65
51.05,12.02,36.93,4.25,1.38,100.0,70,5.0,58.77,75.0,-16.23
45.83,11.76,42.42,3.9,1.08,100.0,55,1.0,80.18,75.0,5.18
39.02,38.81,22.17,1.01,1.76,100.0,55,2.0,57.94,75.0,-17.06
46.08,27.78,26.15,1.66,1.76,100.0,40,2.0,73.54,75.0,-1.46
66.43,20.25,13.32,3.28,4.99,100.0,40,1.0,81.12,75.0,6.12
56.12,17.62,26.27,3.19,2.14,100.0,25,5.0,65.29,75.0,-9.71
30.63,43.82,25.56,0.7,1.2,100.0,40,5.0,42.63,75.0,-32.37
46.6,10.02,43.38,4.65,1.07,100.0,55,0.5,87.66,75.0,12.66
41.82,21.87,36.31,1.91,1.15,100.0,70,1.0,74.65,75.0,-0.35
57.88,13.17,28.95,4.39,2.0,100.0,55,1.0,79.47,75.0,4.47
55.5,17.66,26.84,3.14,2.07,100.0,55,2.0,73.28,75.0,-1.72
62.16,25.45,12.39,2.44,5.02,100.0,55,1.0,71.78,75.0,-3.22
34.25,29.39,36.36,1.17,0.94,100.0,40,0.5,73.51,75.0,-1.49
50.74,24.2,25.06,2.1,2.02,100.0,55,1.0,72.05,75.0,-2.95
26.25,22.83,50.92,1.15,0.52,100.0,25,2.0,80.34,75.0,5.34
43.07,48.56,8.37,0.89,5.14,100.0,70,0.5,55.38,75.0,-19.62
49.26,35.66,15.08,1.38,3.27,100.0,40,2.0,62.62,75.0,-12.38
59.13,10.94,29.93,5.41,1.98,100.0,55,1.0,81.6,75.0,6.6
42.41,24.17,33.42,1.75,1.27,100.0,25,5.0,66.15,75.0,-8.85
26.99,35.55,37.46,0.76,0.72,100.0,70,1.0,62.35,75.0,-12.65
64.62,22.06,13.33,2.93,4.85,100.0,55,1.0,75.65,75.0,0.65
50.38,13.78,35.84,3.65,1.41,100.0,70,2.0,73.47,75.0,-1.53
41.62,49.8,8.58,0.84,4.85,100.0,40,5.0,38.1,75.0,-36.9
24.26,34.24,41.5,0.71,0.58,100.0,40,1.0,73.55,75.0,-1.45
35.26,32.81,31.92,1.07,1.1,100.0,25,0.5,73.61,75.0,-1.39
41.71,12.14,46.15,3.43,0.9,100.0,40,0.5,90.59,75.0,15.59
48.35,15.62,36.03,3.1,1.34,100.0,25,2.0,86.24,75.0,11.24
22.74,34.9,42.36,0.65,0.54,100.0,55,2.0,69.09,75.0,-5.91
28.4,18.31,53.29,1.55,0.53,100.0,70,5.0,58.12,75.0,-16.88
36.61,30.16,33.23,1.21,1.1,100.0,40,2.0,69.33,75.0,-5.67
26.89,49.06,24.05,0.55,1.12,100.0,70,5.0,40.7,75.0,-34.3
39.88,21.34,38.78,1.87,1.03,100.0,70,1.0,78.34,75.0,3.34
49.99,27.03,22.98,1.85,2.18,100.0,55,0.5,73.02,75.0,-1.98
31.77,43.7,24.54,0.73,1.29,100.0,55,0.5,61.51,75.0,-13.49
23.1,15.09,61.8,1.53,0.37,100.0,40,0.5,92.98,75.0,17.98
36.84,13.12,50.04,2.81,0.74,100.0,55,2.0,76.79,75.0,1.79
32.42,14.25,53.34,2.28,0.61,100.0,70,2.0,79.63,75.0,4.63
50.99,29.71,19.29,1.72,2.64,100.0,25,1.0,77.13,75.0,2.13
20.33,16.43,63.24,1.24,0.32,100.0,25,2.0,86.38,75.0,11.38
20.46,49.13,30.41,0.42,0.67,100.0,25,5.0,42.88,75.0,-32.12
33.14,16.34,50.52,2.03,0.66,100.0,40,0.5,86.22,75.0,11.22
22.2,29.5,48.3,0.75,0.46,100.0,55,1.0,77.57,75.0,2.57
26.48,24.56,48.95,1.08,0.54,100.0,55,5.0,55.96,75.0,-19.04
40.33,35.58,24.09,1.13,1.67,100.0,55,5.0,45.27,75.0,-29.73
68.16,15.16,16.68,4.49,4.08,100.0,55,2.0,74.81,75.0,-0.19
54.32,27.21,18.46,2.0,2.94,100.0,70,2.0,64.38,75.0,-10.62
50.76,20.99,28.25,2.42,1.8,100.0,25,0.5,82.54,75.0,7.54
37.61,45.51,16.88,0.83,2.23,100.0,70,1.0,54.14,75.0,-20.86
75.91,11.62,12.47,6.53,6.09,100.0,40,5.0,63.26,75.0,-11.74
43.82,46.55,9.63,0.94,4.55,100.0,25,2.0,60.91,75.0,-14.09
25.23,43.32,31.45,0.58,0.8,100.0,25,2.0,60.16,75.0,-14.84
57.02,21.9,21.07,2.6,2.71,100.0,70,1.0,67.51,75.0,-7.49
26.83,41.57,31.6,0.65,0.85,100.0,40,1.0,60.16,75.0,-14.84
40.71,11.25,48.04,3.62,0.85,100.0,40,2.0,79.52,75.0,4.52
21.81,42.95,35.24,0.51,0.62,100.0,25,2.0,67.54,75.0,-7.46
26.32,26.39,47.29,1.0,0.56,100.0,55,0.5,77.8,75.0,2.8
49.61,22.13,28.26,2.24,1.76,100.0,40,1.0,80.84,75.0,5.84
62.14,24.5,13.36,2.54,4.65,100.0,70,5.0,51.79,75.0,-23.21
79.57,12.66,7.77,6.29,10.23,100.0,40,2.0,79.09,75.0,4.09
27.89,49.57,22.54,0.56,1.24,100.0,25,2.0,57.33,75.0,-17.67
36.48,11.57,51.94,3.15,0.7,100.0,55,2.0,84.23,75.0,9.23
43.67,36.2,20.13,1.21,2.17,100.0,40,2.0,64.11,75.0,-10.89
45.31,27.71,26.98,1.64,1.68,100.0,25,0.5,85.0,75.0,10.0
44.66,47.96,7.38,0.93,6.05,100.0,40,1.0,61.03,75.0,-13.97
74.46,19.84,5.7,3.75,13.05,100.0,55,2.0,68.83,75.0,-6.17
62.84,31.28,5.87,2.01,10.7,100.0,70,1.0,63.2,75.0,-11.8
56.47,29.29,14.23,1.93,3.97,100.0,25,5.0,53.73,75.0,-21.27
38.56,38.11,23.32,1.01,1.65,100.0,25,5.0,54.3,75.0,-20.7
69.43,12.72,17.85,5.46,3.89,100.0,55,5.0,60.67,75.0,-14.33
43.25,13.01,43.73,3.32,0.99,100.0,25,5.0,67.87,75.0,-7.13
69.27,18.58,12.15,3.73,5.7,100.0,55,1.0,78.17,75.0,3.17
20.09,39.53,40.38,0.51,0.5,100.0,25,5.0,51.08,75.0,-23.92
58.18,17.57,24.25,3.31,2.4,100.0,55,5.0,60.01,75.0,-14.99
23.07,32.94,43.99,0.7,0.52,100.0,40,2.0,74.01,75.0,-0.99
35.46,18.61,45.93,1.91,0.77,100.0,40,2.0,81.31,75.0,6.31
23.57,44.46,31.96,0.53,0.74,100.0,40,2.0,59.15,75.0,-15.85
56.78,11.26,31.96,5.04,1.78,100.0,25,0.5,88.59,75.0,13.59
61.2,30.74,8.06,1.99,7.59,100.0,55,2.0,61.79,75.0,-13.21
26.87,24.09,49.04,1.12,0.55,100.0,55,5.0,59.17,75.0,-15.83
43.03,19.36,37.61,2.22,1.14,100.0,70,1.0,72.69,75.0,-2.31
47.37,11.99,40.63,3.95,1.17,100.0,40,5.0,74.09,75.0,-0.91
42.14,20.74,37.12,2.03,1.14,100.0,70,1.0,75.24,75.0,0.24
27.26,36.17,36.57,0.75,0.75,100.0,40,5.0,50.48,75.0,-24.52
45.14,31.34,23.52,1.44,1.92,100.0,70,0.5,66.91,75.0,-8.09
31.64,32.15,36.21,0.98,0.87,100.0,40,2.0,69.6,75.0,-5.4
24.26,25.85,49.89,0.94,0.49,100.0,55,5.0,52.42,75.0,-22.58
24.81,37.75,37.43,0.66,0.66,100.0,40,2.0,70.81,75.0,-4.19
41.29,29.57,29.14,1.4,1.42,100.0,25,0.5,83.67,75.0,8.67
29.7,31.19,39.11,0.95,0.76,100.0,40,0.5,79.53,75.0,4.53
60.11,20.71,19.17,2.9,3.13,100.0,40,2.0,70.25,75.0,-4.75
60.72,28.2,11.08,2.15,5.48,100.0,55,2.0,65.99,75.0,-9.01
41.72,28.83,29.45,1.45,1.42,100.0,25,1.0,81.39,75.0,6.39
55.62,38.27,6.11,1.45,9.09,100.0,55,2.0,59.6,75.0,-15.4
20.61,47.63,31.77,0.43,0.65,100.0,70,2.0,47.83,75.0,-27.17
58.17,23.17,18.66,2.51,3.12,100.0,70,1.0,69.69,75.0,-5.31
74.8,11.69,13.51,6.4,5.53,100.0,25,5.0,66.81,75.0,-8.19
56.75,29.85,13.39,1.9,4.24,100.0,70,1.0,64.63,75.0,-10.37
34.43,22.87,42.7,1.51,0.81,100.0,25,5.0,67.85,75.0,-7.15
63.44,16.74,19.82,3.79,3.2,100.0,40,5.0,56.5,75.0,-18.5
27.23,40.42,32.35,0.67,0.84,100.0,70,5.0,42.91,75.0,-32.09
50.93,13.0,36.07,3.92,1.41,100.0,40,1.0,82.63,75.0,7.63
23.99,47.83,28.18,0.5,0.85,100.0,55,1.0,55.45,75.0,-19.55
52.04,17.88,30.08,2.91,1.73,100.0,70,0.5,72.96,75.0,-2.04
28.53,45.01,26.46,0.63,1.08,100.0,55,5.0,38.49,75.0,-36.51
20.7,38.18,41.12,0.54,0.5,100.0,55,1.0,70.92,75.0,-4.08
45.32,28.15,26.52,1.61,1.71,100.0,25,0.5,81.24,75.0,6.24
37.7,31.62,30.67,1.19,1.23,100.0,55,5.0,46.34,75.0,-28.66
49.16,43.98,6.86,1.12,7.17,100.0,25,1.0,67.95,75.0,-7.05
54.63,29.21,16.16,1.87,3.38,100.0,25,1.0,79.87,75.0,4.87
22.62,24.93,52.45,0.91,0.43,100.0,25,1.0,83.11,75.0,8.11
27.38,29.73,42.89,0.92,0.64,100.0,25,2.0,79.58,75.0,4.58
53.52,33.17,13.32,1.61,4.02,100.0,25,0.5,78.08,75.0,3.08
40.59,17.56,41.85,2.31,0.97,100.0,40,1.0,85.94,75.0,10.94
23.36,37.82,38.82,0.62,0.6,100.0,25,2.0,65.0,75.0,-10.0
33.3,42.11,24.6,0.79,1.35,100.0,70,0.5,63.37,75.0,-11.63
65.4,15.58,19.02,4.2,3.44,100.0,25,0.5,89.15,75.0,14.15
61.55,13.98,24.47,4.4,2.52,100.0,40,2.0,81.22,75.0,6.22
45.8,34.17,20.04,1.34,2.29,100.0,70,0.5,64.53,75.0,-10.47
60.38,14.84,24.78,4.07,2.44,100.0,70,2.0,73.48,75.0,-1.52
36.52,13.15,50.33,2.78,0.73,100.0,40,5.0,65.38,75.0,-9.62
38.38,31.09,30.53,1.23,1.26,100.0,70,1.0,60.85,75.0,-14.15
67.34,26.11,6.55,2.58,10.28,100.0,40,2.0,72.37,75.0,-2.63
46.79,33.55,19.66,1.39,2.38,100.0,55,0.5,65.47,75.0,-9.53
67.9,13.57,18.53,5.0,3.66,100.0,55,0.5,84.18,75.0,9.18
38.57,41.07,20.36,0.94,1.89,100.0,25,5.0,49.29,75.0,-25.71
71.45,16.99,11.55,4.21,6.18,100.0,25,5.0,65.24,75.0,-9.76
50.39,27.54,22.08,1.83,2.28,100.0,25,5.0,57.08,75.0,-17.92
45.86,32.45,21.69,1.41,2.11,100.0,25,5.0,55.27,75.0,-19.73
39.13,37.5,23.37,1.04,1.67,100.0,40,5.0,49.5,75.0,-25.5
54.93,23.02,22.05,2.39,2.49,100.0,55,1.0,77.3,75.0,2.3
42.27,13.79,43.94,3.07,0.96,100.0,40,2.0,86.94,75.0,11.94
59.4,26.37,14.23,2.25,4.17,100.0,70,5.0,49.67,75.0,-25.33
62.34,21.45,16.21,2.91,3.84,100.0,70,5.0,52.8,75.0,-22.2
61.3,26.95,11.74,2.27,5.22,100.0,70,1.0,65.59,75.0,-9.41
42.47,35.99,21.53,1.18,1.97,100.0,70,2.0,59.26,75.0,-15.74
30.01,10.99,59.0,2.73,0.51,100.0,70,5.0,66.21,75.0,-8.79
45.83,42.41,11.76,1.08,3.9,100.0,55,2.0,54.91,75.0,-20.09
28.56,31.46,39.98,0.91,0.71,100.0,40,2.0,70.61,75.0,-4.39
73.41,21.13,5.47,3.47,13.43,100.0,70,1.0,70.88,75.0,-4.12
40.75,12.46,46.78,3.27,0.87,100.0,25,1.0,92.97,75.0,17.97
29.27,16.5,54.23,1.77,0.54,100.0,55,5.0,65.61,75.0,-9.39
21.53,45.8,32.67,0.47,0.66,100.0,25,0.5,71.4,75.0,-3.6
46.18,20.16,33.66,2.29,1.37,100.0,55,1.0,78.61,75.0,3.61
58.21,20.0,21.79,2.91,2.67,100.0,55,2.0,69.06,75.0,-5.94
40.44,12.62,46.94,3.2,0.86,100.0,25,2.0,84.02,75.0,9.02
24.3,37.62,38.07,0.65,0.64,100.0,25,5.0,54.26,75.0,-20.74
44.58,32.9,22.53,1.36,1.98,100.0,70,5.0,52.57,75.0,-22.43
38.67,26.18,35.15,1.48,1.1,100.0,25,5.0,59.17,75.0,-15.83
60.63,24.54,14.83,2.47,4.09,100.0,40,2.0,72.67,75.0,-2.33
56.35,18.67,24.98,3.02,2.26,100.0,55,1.0,76.76,75.0,1.76
41.88,36.78,21.34,1.14,1.96,100.0,55,0.5,64.96,75.0,-10.04
33.07,48.83,18.1,0.68,1.83,100.0,70,1.0,51.6,75.0,-23.4
45.61,47.51,6.87,0.96,6.64,100.0,55,0.5,52.68,75.0,-22.32
47.24,33.88,18.88,1.39,2.5,100.0,25,1.0,77.23,75.0,2.23
61.3,26.97,11.74,2.27,5.22,100.0,55,5.0,44.61,75.0,-30.39
28.43,27.87,43.7,1.02,0.65,100.0,55,2.0,68.07,75.0,-6.93
49.14,20.17,30.7,2.44,1.6,100.0,25,0.5,82.92,75.0,7.92
21.65,43.01,35.34,0.5,0.61,100.0,25,1.0,65.78,75.0,-9.22
50.33,29.41,20.26,1.71,2.48,100.0,55,2.0,69.57,75.0,-5.43
32.81,32.31,34.89,1.02,0.94,100.0,40,0.5,75.98,75.0,0.98
43.05,22.19,34.76,1.94,1.24,100.0,25,0.5,82.55,75.0,7.55
22.34,17.27,60.39,1.29,0.37,100.0,40,2.0,79.18,75.0,4.18
21.86,13.44,64.71,1.63,0.34,100.0,40,5.0,66.77,75.0,-8.23
43.28,38.56,18.16,1.12,2.38,100.0,70,2.0,55.69,75.0,-19.31
29.6,17.85,52.55,1.66,0.56,100.0,40,5.0,65.28,75.0,-9.72
21.4,37.6,41.0,0.57,0.52,100.0,70,1.0,69.46,75.0,-5.54
65.37,25.62,9.01,2.55,7.25,100.0,40,1.0,69.22,75.0,-5.78
47.51,26.63,25.86,1.78,1.84,100.0,70,2.0,64.84,75.0,-10.16
37.35,28.77,33.88,1.3,1.1,100.0,25,5.0,57.3,75.0,-17.7
37.43,31.91,30.66,1.17,1.22,100.0,55,1.0,72.57,75.0,-2.43
26.97,14.02,59.01,1.92,0.46,100.0,55,5.0,66.15,75.0,-8.85
40.38,34.38,25.23,1.17,1.6,100.0,70,5.0,46.23,75.0,-28.77
38.84,36.55,24.61,1.06,1.58,100.0,25,5.0,52.91,75.0,-22.09
76.16,13.64,10.2,5.58,7.47,100.0,70,2.0,69.67,75.0,-5.33
56.18,21.45,22.37,2.62,2.51,100.0,70,5.0,56.86,75.0,-18.14
29.88,28.96,41.16,1.03,0.73,100.0,25,2.0,76.24,75.0,1.24
22.53,17.75,59.72,1.27,0.38,100.0,40,1.0,88.3,75.0,13.3
37.3,18.41,44.28,2.03,0.84,100.0,40,1.0,87.33,75.0,12.33
77.67,10.92,11.41,7.11,6.81,100.0,25,0.5,92.25,75.0,17.25
43.37,45.87,10.76,0.95,4.03,100.0,70,0.5,61.91,75.0,-13.09
43.13,18.43,38.44,2.34,1.12,100.0,55,1.0,81.08,75.0,6.08
40.42,19.1,40.48,2.12,1.0,100.0,70,5.0,56.02,75.0,-18.98
52.48,21.18,26.33,2.48,1.99,100.0,40,5.0,59.78,75.0,-15.22
29.25,15.1,55.65,1.94,0.53,100.0,25,1.0,89.93,75.0,14.93
53.22,35.57,11.21,1.5,4.75,100.0,25,1.0,69.66,75.0,-5.34
52.5,13.01,34.49,4.04,1.52,100.0,25,0.5,96.74,75.0,21.74
65.71,15.37,18.92,4.28,3.47,100.0,40,5.0,64.02,75.0,-10.98
47.24,18.34,34.42,2.58,1.37,100.0,70,1.0,76.89,75.0,1.89
46.43,23.59,29.99,1.97,1.55,100.0,25,0.5,85.15,75.0,10.15
38.14,38.32,23.54,1.0,1.62,100.0,55,0.5,75.97,75.0,0.97
35.56,32.3,32.14,1.1,1.11,100.0,25,5.0,52.21,75.0,-22.79
31.68,20.24,48.08,1.56,0.66,100.0,70,0.5,76.6,75.0,1.6
23.46,36.03,40.51,0.65,0.58,100.0,40,0.5,69.19,75.0,-5.81
40.55,14.65,44.8,2.77,0.91,100.0,55,2.0,77.53,75.0,2.53
36.21,31.46,32.33,1.15,1.12,100.0,55,1.0,70.95,75.0,-4.05
45.58,21.1,33.32,2.16,1.37,100.0,25,5.0,62.17,75.0,-12.83
53.46,20.71,25.82,2.58,2.07,100.0,70,1.0,72.46,75.0,-2.54
40.84,34.16,25.0,1.2,1.63,100.0,25,2.0,69.02,75.0,-5.98
78.92,10.17,10.91,7.76,7.23,100.0,55,5.0,61.47,75.0,-13.53
28.35,49.96,21.69,0.57,1.31,100.0,25,1.0,63.13,75.0,-11.87
46.64,34.31,19.05,1.36,2.45,100.0,70,0.5,69.73,75.0,-5.27
57.57,26.19,16.24,2.2,3.55,100.0,40,5.0,57.32,75.0,-17.68
49.33,19.01,31.66,2.6,1.56,100.0,55,2.0,76.5,75.0,1.5
44.11,20.28,35.61,2.17,1.24,100.0,70,0.5,81.12,75.0,6.12
45.71,28.83,25.46,1.59,1.8,100.0,25,2.0,73.21,75.0,-1.79
51.99,18.31,29.7,2.84,1.75,100.0,55,0.5,81.18,75.0,6.18
26.0,35.95,38.05,0.72,0.68,100.0,25,1.0,71.32,75.0,-3.68
54.16,24.73,21.11,2.19,2.57,100.0,25,1.0,78.62,75.0,3.62
57.24,24.94,17.82,2.3,3.21,100.0,40,1.0,74.75,75.0,-0.25
32.08,25.34,42.58,1.27,0.75,100.0,25,2.0,78.71,75.0,3.71
43.71,43.46,12.83,1.01,3.41,100.0,25,5.0,46.9,75.0,-28.1
22.37,36.03,41.6,0.62,0.54,100.0,70,1.0,67.03,75.0,-7.97
48.53,34.57,16.9,1.4,2.87,100.0,25,2.0,64.01,75.0,-10.99
52.58,23.37,24.05,2.25,2.19,100.0,40,0.5,84.84,75.0,9.84
33.66,42.72,23.62,0.79,1.43,100.0,25,1.0,66.18,75.0,-8.82
77.84,11.53,10.62,6.75,7.33,100.0,25,0.5,87.19,75.0,12.19
41.5,25.54,32.96,1.63,1.26,100.0,25,1.0,79.1,75.0,4.1
63.33,30.51,6.16,2.08,10.28,100.0,55,0.5,78.21,75.0,3.21
52.0,25.93,22.07,2.01,2.36,100.0,40,2.0,69.89,75.0,-5.11
46.43,42.83,10.74,1.08,4.32,100.0,55,1.0,59.12,75.0,-15.88
27.84,36.7,35.46,0.76,0.78,100.0,40,2.0,64.28,75.0,-10.72
67.43,10.51,22.06,6.41,3.06,100.0,40,2.0,81.4,75.0,6.4
27.49,44.86,27.65,0.61,0.99,100.0,70,0.5,57.52,75.0,-17.48
25.6,44.75,29.65,0.57,0.86,100.0,55,1.0,61.07,75.0,-13.93
36.55,23.72,39.74,1.54,0.92,100.0,40,5.0,62.6,75.0,-12.4
72.63,15.53,11.84,4.68,6.13,100.0,40,5.0,63.26,75.0,-11.74
30.36,31.46,38.18,0.96,0.8,100.0,70,2.0,59.46,75.0,-15.54
28.93,29.85,41.22,0.97,0.7,100.0,55,0.5,73.69,75.0,-1.31
47.76,26.15,26.09,1.83,1.83,100.0,25,0.5,80.15,75.0,5.15
20.74,40.08,39.19,0.52,0.53,100.0,70,0.5,64.53,75.0,-10.47
49.0,26.84,24.16,1.83,2.03,100.0,40,1.0,79.62,75.0,4.62
55.62,15.6,28.78,3.56,1.93,100.0,55,1.0,80.51,75.0,5.51
55.32,33.97,10.71,1.63,5.17,100.0,40,0.5,71.53,75.0,-3.47
42.52,42.3,15.18,1.01,2.8,100.0,70,5.0,43.24,75.0,-31.76
37.15,14.37,48.48,2.58,0.77,100.0,70,5.0,63.41,75.0,-11.59
32.19,25.89,41.91,1.24,0.77,100.0,55,1.0,76.79,75.0,1.79
65.71,23.47,10.82,2.8,6.07,100.0,70,0.5,79.02,75.0,4.02
43.19,32.78,24.03,1.32,1.8,100.0,70,5.0,46.93,75.0,-28.07
51.17,28.05,20.79,1.82,2.46,100.0,25,5.0,51.49,75.0,-23.51
49.54,13.13,37.33,3.77,1.33,100.0,40,1.0,89.04,75.0,14.04
54.64,12.9,32.46,4.23,1.68,100.0,25,1.0,84.44,75.0,9.44
60.24,25.58,14.18,2.35,4.25,100.0,25,5.0,59.87,75.0,-15.13
57.92,34.15,7.93,1.7,7.3,100.0,55,0.5,63.25,75.0,-11.75
44.46,36.75,18.79,1.21,2.37,100.0,70,5.0,40.75,75.0,-34.25
23.78,47.16,29.05,0.5,0.82,100.0,40,5.0,40.8,75.0,-34.2
20.08,26.85,53.07,0.75,0.38,100.0,40,0.5,78.7,75.0,3.7
54.41,15.0,30.58,3.63,1.78,100.0,40,1.0,83.51,75.0,8.51
77.36,15.19,7.45,5.09,10.39,100.0,70,0.5,81.71,75.0,6.71
32.03,32.27,35.7,0.99,0.9,100.0,40,0.5,73.34,75.0,-1.66
26.56,47.86,25.59,0.55,1.04,100.0,40,0.5,65.2,75.0,-9.8
68.84,15.38,15.77,4.48,4.36,100.0,70,0.5,76.41,75.0,1.41
46.35,23.08,30.57,2.01,1.52,100.0,55,1.0,75.33,75.0,0.33
38.85,16.91,44.23,2.3,0.88,100.0,40,5.0,65.56,75.0,-9.44
47.13,44.65,8.22,1.06,5.73,100.0,70,2.0,47.58,75.0,-27.42
23.75,43.48,32.78,0.55,0.72,100.0,25,1.0,63.91,75.0,-11.09
37.28,21.63,41.09,1.72,0.91,100.0,70,0.5,78.94,75.0,3.94
46.9,10.9,42.2,4.3,1.11,100.0,25,5.0,74.96,75.0,-0.04
50.63,14.51,34.86,3.49,1.45,100.0,70,5.0,59.09,75.0,-15.91
57.6,34.38,8.03,1.68,7.18,100.0,40,0.5,69.87,75.0,-5.13
73.83,12.66,13.51,5.83,5.47,100.0,55,1.0,81.96,75.0,6.96
21.15,21.41,57.44,0.99,0.37,100.0,55,0.5,82.42,75.0,7.42
48.61,19.57,31.82,2.48,1.53,100.0,40,5.0,62.21,75.0,-12.79
52.02,20.8,27.18,2.5,1.91,100.0,25,5.0,55.57,75.0,-19.43
63.36,12.26,24.38,5.17,2.6,100.0,70,1.0,76.65,75.0,1.65
61.55,24.78,13.67,2.48,4.5,100.0,40,2.0,68.49,75.0,-6.51
28.07,30.23,41.7,0.93,0.67,100.0,70,0.5,71.96,75.0,-3.04
37.96,32.41,29.62,1.17,1.28,100.0,40,2.0,67.83,75.0,-7.17
41.52,39.14,19.33,1.06,2.15,100.0,40,5.0,48.44,75.0,-26.56
68.27,24.19,7.54,2.82,9.05,100.0,70,2.0,65.59,75.0,-9.41
36.73,34.51,28.77,1.06,1.28,100.0,55,0.5,66.32,75.0,-8.68
32.64,33.42,33.94,0.98,0.96,100.0,55,0.5,75.84,75.0,0.84
40.31,11.4,48.29,3.54,0.83,100.0,25,5.0,75.67,75.0,0.67
20.53,35.62,43.85,0.58,0.47,100.0,70,1.0,61.68,75.0,-13.32
53.81,36.14,10.05,1.49,5.35,100.0,25,1.0,71.7,75.0,-3.3
60.61,13.39,26.0,4.53,2.33,100.0,40,5.0,63.44,75.0,-11.56
69.71,14.77,15.52,4.72,4.49,100.0,25,0.5,89.13,75.0,14.13
37.68,18.98,43.34,1.98,0.87,100.0,40,1.0,86.21,75.0,11.21
20.86,30.01,49.13,0.7,0.42,100.0,70,2.0,71.3,75.0,-3.7
27.2,43.53,29.27,0.62,0.93,100.0,70,5.0,40.71,75.0,-34.29
51.92,31.01,17.07,1.67,3.04,100.0,70,2.0,61.89,75.0,-13.11
41.41,18.33,40.26,2.26,1.03,100.0,70,0.5,78.67,75.0,3.67
28.57,24.04,47.39,1.19,0.6,100.0,25,1.0,83.46,75.0,8.46
65.21,26.19,8.61,2.49,7.57,100.0,40,0.5,81.11,75.0,6.11
66.14,25.75,8.12,2.57,8.15,100.0,55,2.0,66.65,75.0,-8.35
59.51,17.67,22.81,3.37,2.61,100.0,70,0.5,75.75,75.0,0.75
65.97,12.45,21.58,5.3,3.06,100.0,70,0.5,77.09,75.0,2.09
59.48,20.44,20.08,2.91,2.96,100.0,40,5.0,61.24,75.0,-13.76
63.06,21.15,15.79,2.98,3.99,100.0,55,5.0,56.52,75.0,-18.48
25.32,16.67,58.01,1.52,0.44,100.0,70,0.5,80.69,75.0,5.69
49.26,11.87,38.87,4.15,1.27,100.0,55,5.0,67.66,75.0,-7.34
24.66,41.18,34.16,0.6,0.72,100.0,70,0.5,61.82,75.0,-13.18
44.45,20.1,35.44,2.21,1.25,100.0,25,2.0,79.07,75.0,4.07
44.43,43.19,12.39,1.03,3.59,100.0,25,5.0,45.96,75.0,-29.04
23.96,38.16,37.88,0.63,0.63,100.0,55,0.5,67.53,75.0,-7.47
40.93,47.83,11.24,0.86,3.64,100.0,40,5.0,40.35,75.0,-34.65
26.66,26.36,46.98,1.01,0.57,100.0,40,0.5,84.2,75.0,9.2
46.33,48.12,5.55,0.96,8.34,100.0,25,5.0,38.44,75.0,-36.56
20.89,18.8,60.31,1.11,0.35,100.0,40,1.0,86.34,75.0,11.34
24.34,35.22,40.44,0.69,0.6,100.0,40,0.5,74.4,75.0,-0.6
68.55,24.73,6.72,2.77,10.2,100.0,40,1.0,75.82,75.0,0.82
51.35,17.55,31.1,2.93,1.65,100.0,55,0.5,84.94,75.0,9.94
37.97,30.32,31.71,1.25,1.2,100.0,55,1.0,71.1,75.0,-3.9
24.61,31.14,44.24,0.79,0.56,100.0,40,0.5,78.56,75.0,3.56
50.04,42.42,7.54,1.18,6.64,100.0,25,5.0,48.2,75.0,-26.8
23.4,35.97,40.63,0.65,0.58,100.0,40,1.0,69.37,75.0,-5.63
30.19,13.27,56.54,2.28,0.53,100.0,70,5.0,63.26,75.0,-11.74
23.01,14.54,62.45,1.58,0.37,100.0,25,0.5,92.82,75.0,17.82
24.37,38.82,36.8,0.63,0.66,100.0,55,5.0,45.1,75.0,-29.9
44.17,30.01,25.82,1.47,1.71,100.0,70,0.5,69.11,75.0,-5.89
37.72,45.76,16.52,0.82,2.28,100.0,40,5.0,43.03,75.0,-31.97
33.94,46.79,19.26,0.73,1.76,100.0,40,1.0,61.41,75.0,-13.59
36.86,12.21,50.93,3.02,0.72,100.0,25,0.5,95.23,75.0,20.23
27.81,27.76,44.43,1.0,0.63,100.0,25,5.0,59.96,75.0,-15.04
75.75,11.51,12.74,6.58,5.95,100.0,40,0.5,82.91,75.0,7.91
44.31,24.69,31.01,1.79,1.43,100.0,40,0.5,80.41,75.0,5.41
24.88,40.2,34.92,0.62,0.71,100.0,25,0.5,73.04,75.0,-1.96
39.29,15.92,44.79,2.47,0.88,100.0,70,2.0,75.06,75.0,0.06
48.59,39.85,11.56,1.22,4.2,100.0,55,0.5,62.98,75.0,-12.02
33.56,10.33,56.1,3.25,0.6,100.0,25,5.0,69.79,75.0,-5.21
58.43,16.74,24.83,3.49,2.35,100.0,70,2.0,73.64,75.0,-1.36
21.25,40.03,38.72,0.53,0.55,100.0,40,5.0,47.03,75.0,-27.97
56.21,38.58,5.21,1.46,10.78,100.0,55,2.0,58.03,75.0,-16.97
41.47,46.67,11.87,0.89,3.49,100.0,70,0.5,56.18,75.0,-18.82
57.72,20.62,21.65,2.8,2.67,100.0,55,1.0,76.71,75.0,1.71
27.38,36.87,35.75,0.74,0.77,100.0,55,1.0,65.42,75.0,-9.58
57.78,32.87,9.34,1.76,6.18,100.0,55,0.5,66.52,75.0,-8.48
50.19,10.05,39.76,4.99,1.26,100.0,70,2.0,79.36,75.0,4.36
46.96,14.81,38.23,3.17,1.23,100.0,70,5.0,57.65,75.0,-17.35
55.15,31.38,13.47,1.76,4.1,100.0,40,1.0,71.87,75.0,-3.13
57.49,37.01,5.51,1.55,10.44,100.0,55,0.5,67.38,75.0,-7.62
24.31,26.7,49.0,0.91,0.5,100.0,25,0.5,81.95,75.0,6.95
37.12,15.42,47.47,2.41,0.78,100.0,25,2.0,80.34,75.0,5.34
34.52,30.87,34.61,1.12,1.0,100.0,25,1.0,84.13,75.0,9.13
62.84,12.97,24.2,4.85,2.6,100.0,70,0.5,80.26,75.0,5.26
69.35,17.68,12.97,3.92,5.35,100.0,40,1.0,82.79,75.0,7.79
43.88,29.01,27.11,1.51,1.62,100.0,70,5.0,54.22,75.0,-20.78
53.15,39.0,7.85,1.36,6.77,100.0,55,0.5,67.36,75.0,-7.64
39.91,47.8,12.28,0.83,3.25,100.0,25,0.5,64.36,75.0,-10.64
28.57,14.7,56.73,1.94,0.5,100.0,70,5.0,61.18,75.0,-13.82
57.47,18.58,23.96,3.09,2.4,100.0,25,0.5,84.39,75.0,9.39
36.28,18.38,45.34,1.97,0.8,100.0,70,2.0,75.32,75.0,0.32
49.8,10.47,39.73,4.76,1.25,100.0,25,5.0,73.34,75.0,-1.66
37.06,49.9,13.05,0.74,2.84,100.0,55,2.0,48.83,75.0,-26.17
28.03,21.24,50.73,1.32,0.55,100.0,25,5.0,62.08,75.0,-12.92
57.77,36.72,5.51,1.57,10.49,100.0,55,5.0,39.88,75.0,-35.12
23.26,17.07,59.67,1.36,0.39,100.0,55,2.0,80.98,75.0,5.98
69.54,12.97,17.5,5.36,3.97,100.0,70,5.0,59.03,75.0,-15.97
39.06,46.16,14.78,0.85,2.64,100.0,70,1.0,55.81,75.0,-19.19
20.01,22.81,57.18,0.88,0.35,100.0,70,2.0,68.28,75.0,-6.72
50.67,36.81,12.52,1.38,4.05,100.0,55,5.0,40.09,75.0,-34.91
22.81,17.52,59.67,1.3,0.38,100.0,40,2.0,83.59,75.0,8.59
36.57,34.99,28.44,1.05,1.29,100.0,40,5.0,50.48,75.0,-24.52
62.42,23.46,14.12,2.66,4.42,100.0,55,5.0,56.71,75.0,-18.29
23.76,18.45,57.79,1.29,0.41,100.0,55,1.0,80.71,75.0,5.71
70.36,22.53,7.11,3.12,9.89,100.0,70,1.0,70.23,75.0,-4.77
20.23,17.15,62.62,1.18,0.32,100.0,70,1.0,82.39,75.0,7.39
34.81,46.08,19.11,0.76,1.82,100.0,70,5.0,37.85,75.0,-37.15
64.45,25.89,9.66,2.49,6.67,100.0,40,1.0,77.24,75.0,2.24
38.98,19.81,41.21,1.97,0.95,100.0,40,2.0,76.37,75.0,1.37
26.11,27.94,45.95,0.93,0.57,100.0,55,5.0,55.88,75.0,-19.12
41.61,22.82,35.56,1.82,1.17,100.0,40,2.0,77.91,75.0,2.91
36.22,39.78,24.0,0.91,1.51,100.0,70,1.0,60.24,75.0,-14.76
36.96,16.23,46.82,2.28,0.79,100.0,70,5.0,57.78,75.0,-17.22
38.8,27.52,33.68,1.41,1.15,100.0,70,2.0,69.13,75.0,-5.87
34.04,21.27,44.68,1.6,0.76,100.0,70,0.5,76.11,75.0,1.11
21.1,39.42,39.48,0.54,0.53,100.0,70,2.0,59.25,75.0,-15.75
46.03,16.29,37.68,2.83,1.22,100.0,25,5.0,67.19,75.0,-7.81
44.71,25.28,30.01,1.77,1.49,100.0,55,0.5,71.28,75.0,-3.72
42.64,30.54,26.82,1.4,1.59,100.0,55,1.0,73.69,75.0,-1.31
35.92,47.63,16.45,0.75,2.18,100.0,40,1.0,52.03,75.0,-22.97
25.36,45.59,29.06,0.56,0.87,100.0,70,2.0,46.04,75.0,-28.96
61.22,27.62,11.16,2.22,5.48,100.0,25,1.0,78.37,75.0,3.37
49.44,43.08,7.49,1.15,6.6,100.0,70,2.0,53.18,75.0,-21.82
43.26,40.03,16.71,1.08,2.59,100.0,70,2.0,52.74,75.0,-22.26
57.96,29.54,12.49,1.96,4.64,100.0,40,2.0,68.01,75.0,-6.99
33.0,43.78,23.22,0.75,1.42,100.0,25,2.0,54.08,75.0,-20.92
20.26,23.02,56.71,0.88,0.36,100.0,25,5.0,66.68,75.0,-8.32
30.02,49.34,20.64,0.61,1.45,100.0,55,5.0,37.27,75.0,-37.73
30.18,32.77,37.05,0.92,0.81,100.0,70,0.5,69.13,75.0,-5.87
59.98,11.75,28.26,5.1,2.12,100.0,25,0.5,92.16,75.0,17.16
20.01,25.29,54.7,0.79,0.37,100.0,55,1.0,78.24,75.0,3.24
38.6,18.07,43.33,2.14,0.89,100.0,25,5.0,66.6,75.0,-8.4
77.05,12.25,10.7,6.29,7.2,100.0,70,0.5,75.37,75.0,0.37
62.15,10.96,26.89,5.67,2.31,100.0,55,5.0,70.61,75.0,-4.39
37.88,28.0,34.12,1.35,1.11,100.0,25,5.0,62.41,75.0,-12.59
26.32,23.31,50.37,1.13,0.52,100.0,40,1.0,76.87,75.0,1.87
66.91,27.53,5.56,2.43,12.03,100.0,25,1.0,75.25,75.0,0.25
58.65,20.51,20.84,2.86,2.81,100.0,70,2.0,68.02,75.0,-6.98
22.89,16.59,60.52,1.38,0.38,100.0,40,5.0,69.68,75.0,-5.32
41.6,37.57,20.83,1.11,2.0,100.0,25,2.0,59.31,75.0,-15.69
26.67,27.28,46.05,0.98,0.58,100.0,25,2.0,74.01,75.0,-0.99
50.02,18.01,31.97,2.78,1.56,100.0,55,2.0,69.31,75.0,-5.69
45.96,22.78,31.25,2.02,1.47,100.0,70,5.0,52.32,75.0,-22.68
47.46,33.67,18.87,1.41,2.52,100.0,25,5.0,51.9,75.0,-23.1
32.53,12.89,54.58,2.52,0.6,100.0,25,2.0,86.67,75.0,11.67
42.12,15.9,41.98,2.65,1.0,100.0,25,5.0,66.25,75.0,-8.75
42.19,12.93,44.88,3.26,0.94,100.0,70,2.0,74.18,75.0,-0.82
23.14,42.49,34.37,0.54,0.67,100.0,40,0.5,70.05,75.0,-4.95
34.63,31.55,33.82,1.1,1.02,100.0,70,5.0,48.66,75.0,-26.34
44.99,40.13,14.88,1.12,3.02,100.0,55,1.0,64.05,75.0,-10.95
37.87,27.84,34.28,1.36,1.1,100.0,55,1.0,72.41,75.0,-2.59
53.62,32.59,13.78,1.65,3.89,100.0,70,2.0,57.85,75.0,-17.15
32.72,29.08,38.2,1.13,0.86,100.0,25,0.5,80.61,75.0,5.61
43.88,28.82,27.3,1.52,1.61,100.0,25,5.0,59.06,75.0,-15.94
48.34,11.53,40.13,4.19,1.2,100.0,40,2.0,76.41,75.0,1.41
60.48,11.92,27.6,5.07,2.19,100.0,70,0.5,84.1,75.0,9.1
32.94,41.12,25.94,0.8,1.27,100.0,70,0.5,63.24,75.0,-11.76
60.67,30.01,9.32,2.02,6.51,100.0,25,5.0,55.11,75.0,-19.89
56.47,24.3,19.23,2.32,2.94,100.0,55,1.0,73.47,75.0,-1.53
37.72,21.1,41.18,1.79,0.92,100.0,55,1.0,70.65,75.0,-4.35
28.2,35.71,36.09,0.79,0.78,100.0,40,0.5,71.79,75.0,-3.21
23.34,45.28,31.38,0.52,0.74,100.0,40,1.0,68.81,75.0,-6.19
27.44,27.78,44.79,0.99,0.61,100.0,55,0.5,76.57,75.0,1.57
38.94,23.69,37.37,1.64,1.04,100.0,70,0.5,74.73,75.0,-0.27
49.95,33.56,16.49,1.49,3.03,100.0,40,0.5,72.71,75.0,-2.29
43.71,32.45,23.84,1.35,1.83,100.0,25,1.0,75.73,75.0,0.73
40.22,15.57,44.21,2.58,0.91,100.0,70,2.0,76.5,75.0,1.5
31.95,31.11,36.93,1.03,0.87,100.0,25,1.0,76.23,75.0,1.23
37.75,10.14,52.12,3.72,0.72,100.0,40,2.0,86.39,75.0,11.39
37.24,33.12,29.64,1.12,1.26,100.0,55,1.0,73.81,75.0,-1.19
42.07,39.97,17.96,1.05,2.34,100.0,40,5.0,48.83,75.0,-26.17
23.49,48.59,27.93,0.48,0.84,100.0,55,5.0,44.8,75.0,-30.2
26.69,12.94,60.37,2.06,0.44,100.0,70,1.0,81.01,75.0,6.01
50.95,12.14,36.91,4.2,1.38,100.0,40,5.0,72.22,75.0,-2.78
36.06,47.5,16.44,0.76,2.19,100.0,40,5.0,38.02,75.0,-36.98
24.02,19.81,56.17,1.21,0.43,100.0,40,5.0,64.81,75.0,-10.19
20.88,34.6,44.52,0.6,0.47,100.0,70,5.0,48.43,75.0,-26.57
42.75,29.3,27.96,1.46,1.53,100.0,25,2.0,70.76,75.0,-4.24
40.24,13.75,46.01,2.93,0.87,100.0,25,0.5,92.74,75.0,17.74
21.16,40.72,38.12,0.52,0.56,100.0,55,2.0,62.04,75.0,-12.96
27.46,39.89,32.65,0.69,0.84,100.0,40,0.5,67.71,75.0,-7.29
44.82,22.47,32.71,1.99,1.37,100.0,25,0.5,90.05,75.0,15.05
49.57,22.25,28.18,2.23,1.76,100.0,70,1.0,69.09,75.0,-5.91
44.26,43.51,12.23,1.02,3.62,100.0,40,1.0,68.58,75.0,-6.42
51.86,12.89,35.25,4.02,1.47,100.0,55,1.0,86.5,75.0,11.5
51.67,22.39,25.93,2.31,1.99,100.0,25,1.0,81.65,75.0,6.65
20.6,20.27,59.14,1.02,0.35,100.0,70,1.0,76.52,75.0,1.52
47.85,33.72,18.43,1.42,2.6,100.0,70,2.0,57.72,75.0,-17.28
61.51,13.97,24.52,4.4,2.51,100.0,55,2.0,76.27,75.0,1.27
51.14,37.12,11.73,1.38,4.36,100.0,25,5.0,50.04,75.0,-24.96
60.65,26.58,12.77,2.28,4.75,100.0,40,2.0,73.44,75.0,-1.56
38.71,37.58,23.71,1.03,1.63,100.0,70,2.0,62.97,75.0,-12.03
66.44,23.76,9.8,2.8,6.78,100.0,55,1.0,73.95,75.0,-1.05
66.38,21.09,12.53,3.15,5.3,100.0,70,5.0,49.95,75.0,-25.05
27.3,46.36,26.35,0.59,1.04,100.0,70,2.0,49.55,75.0,-25.45
23.9,18.6,57.5,1.28,0.42,100.0,25,2.0,82.18,75.0,7.18
27.53,35.79,36.68,0.77,0.75,100.0,25,5.0,50.53,75.0,-24.47
21.02,24.21,54.77,0.87,0.38,100.0,40,0.5,79.49,75.0,4.49
66.21,11.97,21.82,5.53,3.03,100.0,70,1.0,86.1,75.0,11.1
68.43,11.24,20.33,6.09,3.37,100.0,55,2.0,79.07,75.0,4.07
27.21,32.17,40.62,0.85,0.67,100.0,70,2.0,60.05,75.0,-14.95
35.93,40.48,23.58,0.89,1.52,100.0,55,5.0,45.47,75.0,-29.53
21.05,31.5,47.45,0.67,0.44,100.0,70,2.0,60.16,75.0,-14.84
37.6,43.63,18.77,0.86,2.0,100.0,55,1.0,57.05,75.0,-17.95
66.39,11.34,22.27,5.86,2.98,100.0,70,2.0,72.88,75.0,-2.12
51.08,24.67,24.25,2.07,2.11,100.0,70,0.5,78.62,75.0,3.62
40.89,19.48,39.63,2.1,1.03,100.0,40,1.0,81.57,75.0,6.57
42.3,27.89,29.8,1.52,1.42,100.0,25,0.5,73.63,75.0,-1.37
20.08,12.9,67.02,1.56,0.3,100.0,25,5.0,76.31,75.0,1.31
37.99,48.17,13.85,0.79,2.74,100.0,55,1.0,55.75,75.0,-19.25
58.79,18.93,22.28,3.11,2.64,100.0,70,2.0,64.43,75.0,-10.57
32.96,19.61,47.43,1.68,0.69,100.0,70,1.0,76.06,75.0,1.06
60.87,17.26,21.87,3.53,2.78,100.0,25,1.0,86.67,75.0,11.67
21.42,49.42,29.16,0.43,0.73,100.0,55,1.0,58.53,75.0,-16.47
45.05,10.56,44.39,4.27,1.01,100.0,40,0.5,96.94,75.0,21.94
62.97,13.67,23.37,4.61,2.69,100.0,40,5.0,62.21,75.0,-12.79
66.82,10.21,22.96,6.54,2.91,100.0,40,1.0,87.29,75.0,12.29
47.48,39.93,12.59,1.19,3.77,100.0,70,2.0,52.21,75.0,-22.79
43.88,46.12,10.0,0.95,4.39,100.0,55,1.0,53.09,75.0,-21.91
38.17,15.59,46.24,2.45,0.83,100.0,25,1.0,91.37,75.0,16.37
23.94,13.85,62.21,1.73,0.38,100.0,70,5.0,63.92,75.0,-11.08
33.69,26.98,39.32,1.25,0.86,100.0,70,2.0,66.9,75.0,-8.1
34.8,47.35,17.86,0.73,1.95,100.0,40,2.0,56.92,75.0,-18.08
49.04,31.7,19.26,1.55,2.55,100.0,55,0.5,69.18,75.0,-5.82
25.12,46.59,28.29,0.54,0.89,100.0,55,2.0,51.2,75.0,-23.8
48.43,15.65,35.93,3.1,1.35,100.0,40,2.0,79.75,75.0,4.75
23.47,10.03,66.5,2.34,0.35,100.0,40,2.0,90.11,75.0,15.11
46.66,33.0,20.33,1.41,2.29,100.0,40,1.0,75.75,75.0,0.75
76.56,13.5,9.93,5.67,7.71,100.0,70,0.5,82.43,75.0,7.43
48.67,17.53,33.8,2.78,1.44,100.0,70,2.0,72.2,75.0,-2.8
45.79,21.41,32.8,2.14,1.4,100.0,70,2.0,70.1,75.0,-4.9
52.67,18.35,28.98,2.87,1.82,100.0,25,2.0,80.09,75.0,5.09
20.66,29.04,50.3,0.71,0.41,100.0,25,1.0,76.63,75.0,1.63
24.54,13.15,62.32,1.87,0.39,100.0,55,1.0,86.1,75.0,11.1
41.94,34.15,23.91,1.23,1.75,100.0,40,0.5,68.98,75.0,-6.02
33.52,16.56,49.92,2.02,0.67,100.0,40,5.0,65.03,75.0,-9.97
31.75,39.44,28.81,0.81,1.1,100.0,70,0.5,68.68,75.0,-6.32
28.45,22.05,49.5,1.29,0.57,100.0,25,1.0,86.98,75.0,11.98
57.34,28.54,14.12,2.01,4.06,100.0,40,2.0,65.67,75.0,-9.33
26.57,14.49,58.94,1.83,0.45,100.0,55,2.0,79.53,75.0,4.53
54.7,16.85,28.45,3.25,1.92,100.0,40,0.5,83.05,75.0,8.05
28.82,39.67,31.52,0.73,0.91,100.0,70,2.0,56.2,75.0,-18.8
68.67,22.11,9.23,3.11,7.44,100.0,70,1.0,74.57,75.0,-0.43
58.16,36.49,5.35,1.59,10.87,100.0,25,0.5,74.45,75.0,-0.55
43.29,16.33,40.38,2.65,1.07,100.0,55,5.0,69.06,75.0,-5.94
56.2,19.89,23.91,2.82,2.35,100.0,55,1.0,81.04,75.0,6.04
35.59,15.13,49.28,2.35,0.72,100.0,40,1.0,86.95,75.0,11.95
40.71,27.01,32.27,1.51,1.26,100.0,55,2.0,70.35,75.0,-4.65
75.05,19.89,5.06,3.77,14.82,100.0,40,1.0,77.98,75.0,2.98
37.43,39.94,22.63,0.94,1.65,100.0,40,1.0,62.93,75.0,-12.07
48.2,20.48,31.32,2.35,1.54,100.0,25,5.0,67.71,75.0,-7.29
32.19,39.27,28.54,0.82,1.13,100.0,55,2.0,62.4,75.0,-12.6
56.95,29.6,13.44,1.92,4.24,100.0,70,1.0,65.9,75.0,-9.1
23.73,17.86,58.41,1.33,0.41,100.0,40,2.0,81.16,75.0,6.16
28.84,34.55,36.61,0.83,0.79,100.0,40,1.0,75.2,75.0,0.2
20.47,13.51,66.02,1.52,0.31,100.0,40,5.0,71.69,75.0,-3.31
57.86,25.66,16.48,2.25,3.51,100.0,55,2.0,63.3,75.0,-11.7
46.86,38.53,14.61,1.22,3.21,100.0,55,2.0,59.22,75.0,-15.78
28.06,36.38,35.57,0.77,0.79,100.0,55,5.0,46.59,75.0,-28.41
37.54,11.15,51.31,3.37,0.73,100.0,40,0.5,95.16,75.0,20.16
51.78,21.3,26.92,2.43,1.92,100.0,70,1.0,76.87,75.0,1.87
34.51,25.12,40.37,1.37,0.86,100.0,70,1.0,76.41,75.0,1.41
50.04,14.12,35.85,3.54,1.4,100.0,55,0.5,81.85,75.0,6.85
45.25,12.57,42.19,3.6,1.07,100.0,70,2.0,74.07,75.0,-0.93
24.57,30.16,45.27,0.81,0.54,100.0,40,2.0,73.76,75.0,-1.24
36.48,38.35,25.17,0.95,1.45,100.0,55,5.0,42.9,75.0,-32.1
68.42,19.96,11.62,3.43,5.89,100.0,55,5.0,51.63,75.0,-23.37
47.58,22.98,29.44,2.07,1.62,100.0,40,5.0,60.46,75.0,-14.54
52.79,23.37,23.84,2.26,2.21,100.0,55,0.5,75.88,75.0,0.88
45.97,11.03,43.0,4.17,1.07,100.0,40,0.5,96.45,75.0,21.45
22.63,23.64,53.72,0.96,0.42,100.0,55,2.0,73.71,75.0,-1.29
29.94,42.13,27.92,0.71,1.07,100.0,70,5.0,39.78,75.0,-35.22
46.73,45.89,7.38,1.02,6.34,100.0,55,2.0,51.51,75.0,-23.49
32.55,30.73,36.72,1.06,0.89,100.0,55,0.5,78.43,75.0,3.43
23.0,28.22,48.78,0.81,0.47,100.0,55,1.0,75.2,75.0,0.2
70.62,11.23,18.15,6.29,3.89,100.0,25,2.0,82.73,75.0,7.73
72.44,12.85,14.71,5.64,4.92,100.0,70,0.5,78.59,75.0,3.59
67.59,10.52,21.89,6.42,3.09,100.0,40,5.0,66.6,75.0,-8.4
62.4,31.52,6.08,1.98,10.26,100.0,25,1.0,70.61,75.0,-4.39
34.52,29.57,35.91,1.17,0.96,100.0,70,1.0,71.98,75.0,-3.02
34.68,19.73,45.59,1.76,0.76,100.0,55,1.0,74.32,75.0,-0.68
31.82,46.97,21.22,0.68,1.5,100.0,55,5.0,37.82,75.0,-37.18
77.09,10.98,11.94,7.02,6.46,100.0,40,1.0,87.34,75.0,12.34
36.23,39.07,24.7,0.93,1.47,100.0,40,0.5,70.65,75.0,-4.35
62.7,31.96,5.34,1.96,11.74,100.0,70,2.0,57.01,75.0,-17.99
69.38,12.73,17.88,5.45,3.88,100.0,70,1.0,80.86,75.0,5.86
54.17,27.16,18.67,1.99,2.9,100.0,40,1.0,72.2,75.0,-2.8
35.57,36.09,28.34,0.99,1.26,100.0,70,0.5,66.0,75.0,-9.0
46.22,39.09,14.69,1.18,3.15,100.0,40,5.0,48.07,75.0,-26.93
55.61,10.03,34.36,5.54,1.62,100.0,55,1.0,86.8,75.0,11.8
24.38,47.47,28.14,0.51,0.87,100.0,40,0.5,62.06,75.0,-12.94
57.34,16.58,26.08,3.46,2.2,100.0,25,0.5,92.09,75.0,17.09
33.86,48.2,17.94,0.7,1.89,100.0,40,5.0,40.31,75.0,-34.69
31.41,20.54,48.05,1.53,0.65,100.0,40,5.0,64.66,75.0,-10.34
67.56,11.51,20.93,5.87,3.23,100.0,25,2.0,88.62,75.0,13.62
74.47,14.92,10.6,4.99,7.02,100.0,25,1.0,88.97,75.0,13.97
25.91,17.72,56.37,1.46,0.46,100.0,25,2.0,86.59,75.0,11.59
73.59,18.61,7.8,3.95,9.44,100.0,25,0.5,85.83,75.0,10.83
51.29,14.61,34.1,3.51,1.5,100.0,40,1.0,87.56,75.0,12.56
78.64,14.28,7.08,5.51,11.1,100.0,70,0.5,79.85,75.0,4.85
37.76,42.38,19.86,0.89,1.9,100.0,25,0.5,66.19,75.0,-8.81
29.7,44.18,26.12,0.67,1.14,100.0,55,0.5,64.09,75.0,-10.91
48.61,20.28,31.11,2.4,1.56,100.0,40,5.0,61.69,75.0,-13.31
63.1,10.84,26.06,5.82,2.42,100.0,70,5.0,62.77,75.0,-12.23
34.84,18.92,46.24,1.84,0.75,100.0,55,1.0,79.99,75.0,4.99
58.44,12.26,29.3,4.77,1.99,100.0,40,0.5,86.56,75.0,11.56
60.0,14.14,25.87,4.24,2.32,100.0,40,0.5,89.16,75.0,14.16
29.76,27.26,42.98,1.09,0.69,100.0,55,1.0,70.28,75.0,-4.72
53.91,19.2,26.9,2.81,2.0,100.0,25,2.0,83.63,75.0,8.63
40.55,38.88,20.58,1.04,1.97,100.0,25,0.5,71.65,75.0,-3.35
49.93,20.14,29.93,2.48,1.67,100.0,55,5.0,58.63,75.0,-16.37
20.73,47.62,31.65,0.44,0.65,100.0,70,2.0,52.51,75.0,-22.49
20.54,46.24,33.22,0.44,0.62,100.0,25,2.0,62.73,75.0,-12.27
41.42,32.67,25.91,1.27,1.6,100.0,40,2.0,62.49,75.0,-12.51
20.25,29.12,50.64,0.7,0.4,100.0,40,2.0,74.15,75.0,-0.85
33.72,25.25,41.03,1.34,0.82,100.0,70,2.0,68.34,75.0,-6.66
58.06,26.47,15.46,2.19,3.75,100.0,40,2.0,68.11,75.0,-6.89
33.32,39.1,27.57,0.85,1.21,100.0,25,1.0,68.14,75.0,-6.86
39.3,28.07,32.63,1.4,1.2,100.0,70,1.0,68.62,75.0,-6.38
21.26,39.1,39.64,0.54,0.54,100.0,25,2.0,62.7,75.0,-12.3
47.95,24.83,27.22,1.93,1.76,100.0,70,5.0,56.51,75.0,-18.49
25.72,23.44,50.84,1.1,0.51,100.0,55,1.0,82.14,75.0,7.14
45.72,32.43,21.85,1.41,2.09,100.0,40,1.0,72.84,75.0,-2.16
21.75,13.8,64.45,1.58,0.34,100.0,70,2.0,77.11,75.0,2.11
48.85,18.02,33.13,2.71,1.47,100.0,55,5.0,59.11,75.0,-15.89
59.75,26.54,13.72,2.25,4.36,100.0,25,2.0,75.07,75.0,0.07
27.11,18.25,54.64,1.49,0.5,100.0,55,5.0,66.96,75.0,-8.04
37.33,45.06,17.6,0.83,2.12,100.0,25,5.0,43.51,75.0,-31.49
43.87,16.33,39.8,2.69,1.1,100.0,70,0.5,77.7,75.0,2.7
34.32,17.37,48.3,1.98,0.71,100.0,70,1.0,83.31,75.0,8.31
61.39,27.72,10.89,2.21,5.64,100.0,40,2.0,63.32,75.0,-11.68
22.69,37.67,39.63,0.6,0.57,100.0,40,1.0,66.57,75.0,-8.43
65.66,25.32,9.02,2.59,7.28,100.0,70,1.0,68.44,75.0,-6.56
42.3,44.76,12.93,0.95,3.27,100.0,25,5.0,40.28,75.0,-34.72
43.55,32.73,23.72,1.33,1.84,100.0,25,1.0,77.8,75.0,2.8
65.26,27.58,7.16,2.37,9.11,100.0,70,0.5,72.48,75.0,-2.52
75.11,12.69,12.2,5.92,6.15,100.0,25,2.0,80.61,75.0,5.61
53.93,16.63,29.44,3.24,1.83,100.0,70,1.0,81.14,75.0,6.14
24.65,49.28,26.07,0.5,0.95,100.0,40,2.0,59.46,75.0,-15.54
41.43,34.58,23.99,1.2,1.73,100.0,25,1.0,72.85,75.0,-2.15
29.76,13.85,56.39,2.15,0.53,100.0,40,2.0,81.59,75.0,6.59
35.06,29.76,35.18,1.18,1.0,100.0,55,2.0,73.46,75.0,-1.54
53.84,14.74,31.42,3.65,1.71,100.0,40,2.0,81.99,75.0,6.99
41.51,10.55,47.94,3.94,0.87,100.0,55,1.0,87.18,75.0,12.18
59.4,22.13,18.47,2.68,3.22,100.0,40,0.5,84.95,75.0,9.95
34.42,37.92,27.66,0.91,1.24,100.0,40,2.0,64.13,75.0,-10.87
31.5,41.61,26.89,0.76,1.17,100.0,25,5.0,47.05,75.0,-27.95
43.28,33.57,23.15,1.29,1.87,100.0,40,5.0,51.06,75.0,-23.94
26.11,29.83,44.07,0.88,0.59,100.0,70,5.0,52.64,75.0,-22.36
50.36,26.84,22.8,1.88,2.21,100.0,25,0.5,75.01,75.0,0.01
33.25,26.42,40.33,1.26,0.82,100.0,25,2.0,74.67,75.0,-0.33
22.34,19.25,58.41,1.16,0.38,100.0,25,0.5,94.01,75.0,19.01
22.16,15.45,62.38,1.43,0.36,100.0,40,2.0,80.88,75.0,5.88
30.51,17.87,51.62,1.71,0.59,100.0,25,0.5,94.79,75.0,19.79
72.01,12.21,15.78,5.9,4.56,100.0,55,2.0,81.27,75.0,6.27
36.95,17.93,45.13,2.06,0.82,100.0,55,5.0,60.77,75.0,-14.23
77.03,10.37,12.6,7.43,6.11,100.0,40,2.0,79.3,75.0,4.3
54.9,35.09,10.01,1.56,5.48,100.0,25,0.5,73.08,75.0,-1.92
46.2,22.66,31.15,2.04,1.48,100.0,70,2.0,76.25,75.0,1.25
31.14,35.06,33.81,0.89,0.92,100.0,70,1.0,70.46,75.0,-4.54
51.0,17.75,31.25,2.87,1.63,100.0,55,2.0,75.08,75.0,0.08
65.53,23.83,10.64,2.75,6.16,100.0,40,5.0,54.56,75.0,-20.44
36.95,24.31,38.74,1.52,0.95,100.0,40,2.0,74.21,75.0,-0.79
41.18,10.34,48.48,3.98,0.85,100.0,40,1.0,90.34,75.0,15.34
22.8,47.77,29.43,0.48,0.77,100.0,40,1.0,57.77,75.0,-17.23
76.79,11.28,11.93,6.81,6.43,100.0,40,1.0,85.54,75.0,10.54
44.96,36.49,18.55,1.23,2.42,100.0,25,0.5,77.78,75.0,2.78
45.17,45.68,9.15,0.99,4.94,100.0,25,1.0,58.54,75.0,-16.46
25.61,14.65,59.75,1.75,0.43,100.0,25,0.5,95.7,75.0,20.7
48.58,31.74,19.68,1.53,2.47,100.0,70,1.0,69.87,75.0,-5.13
49.85,36.15,14.0,1.38,3.56,100.0,25,0.5,71.91,75.0,-3.09
32.28,25.48,42.24,1.27,0.76,100.0,40,1.0,83.47,75.0,8.47
55.47,35.89,8.64,1.55,6.42,100.0,40,1.0,65.67,75.0,-9.33
31.17,11.79,57.04,2.64,0.55,100.0,70,2.0,79.77,75.0,4.77
39.89,12.16,47.94,3.28,0.83,100.0,70,1.0,81.36,75.0,6.36
49.06,32.2,18.74,1.52,2.62,100.0,55,2.0,62.41,75.0,-12.59
32.42,31.98,35.59,1.01,0.91,100.0,70,1.0,65.32,75.0,-9.68
24.27,45.51,30.22,0.53,0.8,100.0,55,1.0,62.26,75.0,-12.74
24.14,14.19,61.67,1.7,0.39,100.0,25,2.0,88.78,75.0,13.78
25.45,21.49,53.06,1.18,0.48,100.0,40,2.0,77.07,75.0,2.07
50.42,18.4,31.18,2.74,1.62,100.0,55,0.5,77.66,75.0,2.66
44.56,25.76,29.67,1.73,1.5,100.0,55,5.0,55.14,75.0,-19.86
68.65,22.66,8.68,3.03,7.91,100.0,55,2.0,70.27,75.0,-4.73
27.74,47.61,24.66,0.58,1.12,100.0,70,0.5,56.99,75.0,-18.01
39.93,16.02,44.05,2.49,0.91,100.0,70,1.0,84.79,75.0,9.79
61.62,30.14,8.24,2.04,7.48,100.0,70,2.0,56.03,75.0,-18.97
34.38,40.48,25.14,0.85,1.37,100.0,55,2.0,51.52,75.0,-23.48
59.28,27.66,13.06,2.14,4.54,100.0,25,1.0,74.75,75.0,-0.25
29.1,29.62,41.28,0.98,0.7,100.0,40,1.0,77.52,75.0,2.52
20.21,26.48,53.31,0.76,0.38,100.0,70,1.0,69.63,75.0,-5.37
52.35,38.24,9.41,1.37,5.56,100.0,25,1.0,66.23,75.0,-8.77
36.95,29.62,33.43,1.25,1.11,100.0,70,5.0,51.46,75.0,-23.54
45.51,20.31,34.18,2.24,1.33,100.0,70,2.0,71.59,75.0,-3.41
22.25,45.4,32.35,0.49,0.69,100.0,55,1.0,61.59,75.0,-13.41
27.67,33.08,39.25,0.84,0.71,100.0,55,1.0,72.11,75.0,-2.89
65.93,18.85,15.22,3.5,4.33,100.0,70,5.0,53.05,75.0,-21.95
20.0,20.76,59.23,0.96,0.34,100.0,40,2.0,77.25,75.0,2.25
44.99,42.13,12.88,1.07,3.49,100.0,70,0.5,62.73,75.0,-12.27
51.35,11.77,36.88,4.36,1.39,100.0,40,2.0,78.42,75.0,3.42
23.28,49.68,27.04,0.47,0.86,100.0,25,0.5,59.0,75.0,-16.0
78.38,15.21,6.4,5.15,12.24,100.0,70,5.0,54.69,75.0,-20.31
33.57,41.84,24.59,0.8,1.37,100.0,40,1.0,67.96,75.0,-7.04
38.25,25.79,35.96,1.48,1.06,100.0,25,5.0,61.31,75.0,-13.69
38.24,29.69,32.07,1.29,1.19,100.0,25,2.0,75.0,75.0,-0.0
33.82,45.23,20.95,0.75,1.61,100.0,55,1.0,53.39,75.0,-21.61
20.09,26.52,53.4,0.76,0.38,100.0,25,2.0,77.72,75.0,2.72
75.48,11.5,13.02,6.56,5.8,100.0,55,0.5,86.71,75.0,11.71
78.01,11.97,10.02,6.52,7.79,100.0,25,2.0,78.57,75.0,3.57
33.46,10.09,56.45,3.31,0.59,100.0,25,5.0,76.17,75.0,1.17
59.78,19.79,20.43,3.02,2.93,100.0,40,5.0,59.85,75.0,-15.15
69.58,21.41,9.02,3.25,7.71,100.0,40,5.0,67.13,75.0,-7.87
70.91,14.85,14.24,4.77,4.98,100.0,55,1.0,73.5,75.0,-1.5
45.36,14.55,40.09,3.12,1.13,100.0,70,2.0,78.93,75.0,3.93
38.18,26.44,35.39,1.44,1.08,100.0,40,1.0,75.85,75.0,0.85
39.52,35.91,24.57,1.1,1.61,100.0,25,2.0,62.47,75.0,-12.53
40.04,17.82,42.14,2.25,0.95,100.0,55,0.5,81.66,75.0,6.66
69.01,17.14,13.86,4.03,4.98,100.0,55,2.0,74.22,75.0,-0.78
30.9,13.18,55.92,2.34,0.55,100.0,55,2.0,83.48,75.0,8.48
42.26,47.62,10.13,0.89,4.17,100.0,25,2.0,62.85,75.0,-12.15
74.12,20.43,5.46,3.63,13.58,100.0,40,2.0,77.51,75.0,2.51
36.35,10.45,53.21,3.48,0.68,100.0,70,0.5,83.61,75.0,8.61
52.95,19.69,27.36,2.69,1.94,100.0,55,1.0,81.34,75.0,6.34
21.66,39.86,38.49,0.54,0.56,100.0,25,5.0,52.12,75.0,-22.88
43.59,16.75,39.65,2.6,1.1,100.0,40,2.0,77.27,75.0,2.27
45.94,34.43,19.63,1.33,2.34,100.0,40,5.0,49.23,75.0,-25.77
27.89,30.36,41.75,0.92,0.67,100.0,70,5.0,46.79,75.0,-28.21
24.71,33.87,41.42,0.73,0.6,100.0,55,5.0,49.55,75.0,-25.45
52.67,23.49,23.84,2.24,2.21,100.0,25,5.0,58.75,75.0,-16.25
62.56,20.5,16.94,3.05,3.69,100.0,40,2.0,71.26,75.0,-3.74
30.04,14.88,55.09,2.02,0.55,100.0,25,5.0,71.53,75.0,-3.47
22.96,45.51,31.53,0.5,0.73,100.0,40,2.0,60.18,75.0,-14.82
55.03,33.41,11.56,1.65,4.76,100.0,55,0.5,68.71,75.0,-6.29
31.97,37.13,30.9,0.86,1.03,100.0,55,1.0,70.2,75.0,-4.8
22.55,29.01,48.44,0.78,0.47,100.0,70,1.0,69.75,75.0,-5.25
35.92,24.54,39.54,1.46,0.91,100.0,40,2.0,72.87,75.0,-2.13
56.09,35.64,8.27,1.57,6.78,100.0,25,2.0,67.86,75.0,-7.14
37.79,46.05,16.16,0.82,2.34,100.0,40,1.0,60.98,75.0,-14.02
62.87,16.56,20.58,3.8,3.05,100.0,25,5.0,65.72,75.0,-9.28
65.54,25.26,9.2,2.59,7.12,100.0,70,2.0,56.68,75.0,-18.32
26.15,15.63,58.21,1.67,0.45,100.0,40,5.0,66.93,75.0,-8.07
50.83,35.0,14.17,1.45,3.59,100.0,55,2.0,55.44,75.0,-19.56
50.53,39.15,10.31,1.29,4.9,100.0,25,2.0,59.96,75.0,-15.04
42.16,47.28,10.57,0.89,3.99,100.0,55,0.5,55.46,75.0,-19.54
23.65,40.56,35.79,0.58,0.66,100.0,70,0.5,60.56,75.0,-14.44
34.23,49.68,16.09,0.69,2.13,100.0,70,1.0,51.19,75.0,-23.81
61.83,12.53,25.64,4.93,2.41,100.0,25,0.5,89.83,75.0,14.83
60.71,28.23,11.06,2.15,5.49,100.0,40,0.5,77.84,75.0,2.84
47.7,12.29,40.01,3.88,1.19,100.0,55,1.0,85.07,75.0,10.07
77.24,17.08,5.68,4.52,13.6,100.0,55,5.0,51.91,75.0,-23.09
61.68,31.19,7.13,1.98,8.65,100.0,25,0.5,76.63,75.0,1.63
50.66,35.36,13.98,1.43,3.62,100.0,25,5.0,52.6,75.0,-22.4
45.57,23.82,30.62,1.91,1.49,100.0,25,1.0,80.41,75.0,5.41
36.44,16.01,47.54,2.28,0.77,100.0,70,2.0,74.36,75.0,-0.64
68.42,11.54,20.03,5.93,3.42,100.0,70,5.0,60.49,75.0,-14.51
31.71,45.16,23.13,0.7,1.37,100.0,55,1.0,62.0,75.0,-13.0
40.72,22.6,36.68,1.8,1.11,100.0,40,5.0,55.13,75.0,-19.87
40.14,15.16,44.7,2.65,0.9,100.0,25,1.0,88.13,75.0,13.13
63.83,26.44,9.72,2.41,6.56,100.0,70,1.0,72.99,75.0,-2.01
57.46,16.62,25.92,3.46,2.22,100.0,40,2.0,82.2,75.0,7.2
62.07,11.24,26.69,5.52,2.33,100.0,25,5.0,72.35,75.0,-2.65
63.62,21.0,15.38,3.03,4.14,100.0,40,2.0,75.45,75.0,0.45
53.72,11.31,34.96,4.75,1.54,100.0,25,2.0,90.54,75.0,15.54
38.59,34.42,26.99,1.12,1.43,100.0,40,5.0,56.36,75.0,-18.64
31.77,24.57,43.66,1.29,0.73,100.0,55,5.0,55.78,75.0,-19.22
42.83,49.31,7.86,0.87,5.45,100.0,25,1.0,58.36,75.0,-16.64
29.78,35.48,34.74,0.84,0.86,100.0,25,5.0,52.83,75.0,-22.17
67.17,16.47,16.36,4.08,4.11,100.0,55,1.0,88.4,75.0,13.4
52.89,18.4,28.72,2.87,1.84,100.0,25,1.0,80.29,75.0,5.29
43.06,30.65,26.29,1.4,1.64,100.0,25,1.0,74.76,75.0,-0.24
21.51,16.15,62.34,1.33,0.35,100.0,70,1.0,76.69,75.0,1.69
47.18,41.05,11.77,1.15,4.01,100.0,55,1.0,61.82,75.0,-13.18
20.69,40.3,39.02,0.51,0.53,100.0,70,1.0,58.08,75.0,-16.92
34.26,18.16,47.58,1.89,0.72,100.0,55,5.0,60.72,75.0,-14.28
26.0,18.99,55.01,1.37,0.47,100.0,40,5.0,58.36,75.0,-16.64
46.26,18.01,35.73,2.57,1.29,100.0,55,0.5,84.32,75.0,9.32
34.1,18.44,47.46,1.85,0.72,100.0,55,5.0,64.5,75.0,-10.5
35.46,17.81,46.73,1.99,0.76,100.0,70,2.0,72.06,75.0,-2.94
69.03,18.79,12.18,3.67,5.67,100.0,25,0.5,85.16,75.0,10.16
52.79,27.55,19.67,1.92,2.68,100.0,55,5.0,51.19,75.0,-23.81
65.11,16.62,18.28,3.92,3.56,100.0,25,2.0,80.74,75.0,5.74
23.1,41.36,35.54,0.56,0.65,100.0,55,5.0,43.49,75.0,-31.51
50.29,28.13,21.58,1.79,2.33,100.0,70,1.0,70.77,75.0,-4.23
25.7,41.09,33.21,0.63,0.77,100.0,55,0.5,69.76,75.0,-5.24
39.25,19.16,41.59,2.05,0.94,100.0,40,1.0,80.31,75.0,5.31
30.76,36.19,33.05,0.85,0.93,100.0,55,0.5,68.54,75.0,-6.46
68.0,19.14,12.86,3.55,5.29,100.0,55,0.5,82.1,75.0,7.1
53.16,20.96,25.88,2.54,2.05,100.0,25,1.0,78.65,75.0,3.65
43.79,22.59,33.61,1.94,1.3,100.0,25,0.5,79.13,75.0,4.13
27.9,14.67,57.42,1.9,0.49,100.0,40,0.5,90.65,75.0,15.65
71.92,20.93,7.16,3.44,10.05,100.0,55,5.0,56.56,75.0,-18.44
29.44,18.38,52.18,1.6,0.56,100.0,25,2.0,80.18,75.0,5.18
38.59,28.21,33.2,1.37,1.16,100.0,55,1.0,70.83,75.0,-4.17
37.4,46.34,16.26,0.81,2.3,100.0,70,5.0,32.91,75.0,-42.09
72.28,14.18,13.54,5.1,5.34,100.0,70,5.0,54.83,75.0,-20.17
43.23,31.07,25.7,1.39,1.68,100.0,40,1.0,74.91,75.0,-0.09
57.36,28.06,14.58,2.04,3.93,100.0,70,0.5,66.77,75.0,-8.23
35.03,13.83,51.14,2.53,0.68,100.0,25,1.0,89.64,75.0,14.64
29.49,33.18,37.33,0.89,0.79,100.0,25,2.0,67.79,75.0,-7.21
54.3,32.74,12.96,1.66,4.19,100.0,40,2.0,61.01,75.0,-13.99
69.97,24.55,5.48,2.85,12.76,100.0,55,1.0,74.97,75.0,-0.03
50.2,37.74,12.07,1.33,4.16,100.0,25,5.0,48.23,75.0,-26.77
20.73,20.29,58.98,1.02,0.35,100.0,70,1.0,78.26,75.0,3.26
46.85,44.71,8.44,1.05,5.55,100.0,25,2.0,55.02,75.0,-19.98
23.11,11.59,65.3,1.99,0.35,100.0,40,1.0,88.19,75.0,13.19
39.43,44.16,16.41,0.89,2.4,100.0,70,0.5,61.5,75.0,-13.5
37.26,27.93,34.82,1.33,1.07,100.0,70,1.0,77.69,75.0,2.69
38.41,35.47,26.13,1.08,1.47,100.0,70,5.0,37.86,75.0,-37.14
41.18,18.85,39.97,2.18,1.03,100.0,40,0.5,84.7,75.0,9.7
57.28,37.08,5.64,1.54,10.15,100.0,40,2.0,62.84,75.0,-12.16
40.04,40.89,19.07,0.98,2.1,100.0,55,1.0,60.44,75.0,-14.56
63.96,28.93,7.11,2.21,9.0,100.0,55,5.0,52.01,75.0,-22.99
44.27,34.71,21.02,1.28,2.11,100.0,55,5.0,44.21,75.0,-30.79
24.1,28.25,47.65,0.85,0.51,100.0,40,2.0,72.45,75.0,-2.55
48.07,10.61,41.31,4.53,1.16,100.0,70,1.0,81.13,75.0,6.13
37.15,29.91,32.94,1.24,1.13,100.0,70,5.0,52.01,75.0,-22.99
45.97,43.67,10.36,1.05,4.44,100.0,25,0.5,65.94,75.0,-9.06
36.5,27.06,36.44,1.35,1.0,100.0,55,1.0,72.65,75.0,-2.35
39.95,26.42,33.63,1.51,1.19,100.0,70,2.0,68.71,75.0,-6.29
23.4,19.2,57.4,1.22,0.41,100.0,70,0.5,77.71,75.0,2.71
42.44,26.24,31.32,1.62,1.35,100.0,70,1.0,70.97,75.0,-4.03
28.51,34.25,37.24,0.83,0.77,100.0,70,5.0,40.28,75.0,-34.72
58.5,19.11,22.39,3.06,2.61,100.0,40,2.0,72.6,75.0,-2.4
60.29,30.98,8.73,1.95,6.9,100.0,55,2.0,64.34,75.0,-10.66
20.22,32.31,47.46,0.63,0.43,100.0,70,1.0,65.16,75.0,-9.84
31.94,24.14,43.92,1.32,0.73,100.0,70,2.0,66.86,75.0,-8.14
45.1,35.69,19.21,1.26,2.35,100.0,70,0.5,66.92,75.0,-8.08
65.06,19.83,15.12,3.28,4.3,100.0,70,1.0,71.9,75.0,-3.1
26.08,14.37,59.55,1.81,0.44,100.0,25,0.5,95.86,75.0,20.86
36.67,41.78,21.55,0.88,1.7,100.0,70,2.0,54.56,75.0,-20.44
36.58,13.96,49.46,2.62,0.74,100.0,70,2.0,77.48,75.0,2.48
45.92,20.86,33.22,2.2,1.38,100.0,70,2.0,73.45,75.0,-1.55
51.93,36.05,12.02,1.44,4.32,100.0,25,0.5,74.42,75.0,-0.58
24.05,23.86,52.09,1.01,0.46,100.0,40,2.0,80.12,75.0,5.12
26.43,16.16,57.41,1.64,0.46,100.0,25,1.0,92.16,75.0,17.16
30.76,49.19,20.05,0.63,1.53,100.0,70,5.0,32.0,75.0,-43.0
43.5,35.86,20.63,1.21,2.11,100.0,40,1.0,72.84,75.0,-2.16
26.8,11.64,61.56,2.3,0.44,100.0,70,5.0,64.8,75.0,-10.2
44.22,38.2,17.58,1.16,2.51,100.0,40,2.0,60.83,75.0,-14.17
64.27,28.04,7.69,2.29,8.36,100.0,70,1.0,67.98,75.0,-7.02
62.27,14.03,23.7,4.44,2.63,100.0,70,0.5,84.39,75.0,9.39
45.36,38.3,16.34,1.18,2.78,100.0,40,5.0,48.19,75.0,-26.81
40.79,11.25,47.96,3.63,0.85,100.0,40,0.5,96.89,75.0,21.89
43.86,44.81,11.34,0.98,3.87,100.0,70,5.0,39.03,75.0,-35.97
35.86,15.55,48.6,2.31,0.74,100.0,25,2.0,85.55,75.0,10.55
32.32,15.09,52.59,2.14,0.61,100.0,25,1.0,86.62,75.0,11.62
48.98,17.03,33.99,2.88,1.44,100.0,25,5.0,65.94,75.0,-9.06
36.11,48.41,15.48,0.75,2.33,100.0,25,1.0,62.88,75.0,-12.12
37.25,37.73,25.03,0.99,1.49,100.0,40,5.0,50.18,75.0,-24.82
55.36,17.31,27.34,3.2,2.02,100.0,40,5.0,64.53,75.0,-10.47
36.54,40.02,23.44,0.91,1.56,100.0,25,2.0,64.84,75.0,-10.16
56.22,23.45,20.33,2.4,2.77,100.0,55,5.0,54.98,75.0,-20.02
24.62,19.38,56.0,1.27,0.44,100.0,55,0.5,85.7,75.0,10.7
24.54,29.23,46.24,0.84,0.53,100.0,55,5.0,50.59,75.0,-24.41
30.51,23.56,45.92,1.29,0.66,100.0,70,5.0,59.18,75.0,-15.82
37.84,35.27,26.89,1.07,1.41,100.0,25,5.0,46.86,75.0,-28.14
25.52,20.28,54.19,1.26,0.47,100.0,70,2.0,76.59,75.0,1.59
68.9,25.78,5.32,2.67,12.96,100.0,40,1.0,74.35,75.0,-0.65
57.42,16.79,25.79,3.42,2.23,100.0,40,1.0,85.83,75.0,10.83
76.81,11.91,11.28,6.45,6.81,100.0,55,2.0,77.88,75.0,2.88
36.04,10.59,53.36,3.4,0.68,100.0,55,0.5,90.46,75.0,15.46
20.91,29.25,49.85,0.71,0.42,100.0,40,0.5,80.68,75.0,5.68
26.03,26.31,47.66,0.99,0.55,100.0,55,2.0,72.77,75.0,-2.23
35.05,27.96,36.98,1.25,0.95,100.0,55,1.0,72.14,75.0,-2.86
60.56,32.83,6.61,1.84,9.16,100.0,40,0.5,75.29,75.0,0.29
62.4,27.42,10.18,2.28,6.13,100.0,70,2.0,59.57,75.0,-15.43
56.6,26.59,16.81,2.13,3.37,100.0,55,1.0,72.05,75.0,-2.95
38.77,39.31,21.92,0.99,1.77,100.0,70,0.5,65.68,75.0,-9.32
36.27,37.44,26.3,0.97,1.38,100.0,55,0.5,70.91,75.0,-4.09
29.34,38.2,32.46,0.77,0.9,100.0,25,2.0,67.89,75.0,-7.11
71.97,20.0,8.04,3.6,8.95,100.0,70,1.0,71.62,75.0,-3.38
39.39,17.19,43.41,2.29,0.91,100.0,70,0.5,83.5,75.0,8.5
26.35,33.41,40.24,0.79,0.65,100.0,55,2.0,62.63,75.0,-12.37
29.29,24.79,45.92,1.18,0.64,100.0,70,0.5,80.99,75.0,5.99
22.27,41.81,35.92,0.53,0.62,100.0,25,1.0,69.07,75.0,-5.93
64.19,22.55,13.26,2.85,4.84,100.0,40,5.0,52.92,75.0,-22.08
72.98,15.67,11.35,4.66,6.43,100.0,25,0.5,84.08,75.0,9.08
32.16,18.55,49.29,1.73,0.65,100.0,40,1.0,84.07,75.0,9.07
55.26,14.22,30.52,3.89,1.81,100.0,25,0.5,91.02,75.0,16.02
21.48,40.48,38.04,0.53,0.56,100.0,25,5.0,56.38,75.0,-18.62
20.28,33.5,46.22,0.61,0.44,100.0,70,5.0,44.05,75.0,-30.95
44.49,48.02,7.49,0.93,5.94,100.0,25,0.5,64.75,75.0,-10.25
20.92,39.19,39.89,0.53,0.52,100.0,55,2.0,57.38,75.0,-17.62
54.98,12.08,32.94,4.55,1.67,100.0,55,0.5,84.86,75.0,9.86
35.19,45.37,19.44,0.78,1.81,100.0,55,1.0,64.24,75.0,-10.76
47.02,44.51,8.48,1.06,5.55,100.0,55,2.0,50.28,75.0,-24.72
62.52,28.2,9.28,2.22,6.74,100.0,70,1.0,68.95,75.0,-6.05
43.94,33.43,22.62,1.31,1.94,100.0,55,1.0,69.04,75.0,-5.96
38.44,29.3,32.26,1.31,1.19,100.0,25,2.0,72.65,75.0,-2.35
31.31,31.29,37.4,1.0,0.84,100.0,55,5.0,52.39,75.0,-22.61
23.75,21.63,54.63,1.1,0.43,100.0,70,1.0,72.84,75.0,-2.16
78.62,13.32,8.06,5.9,9.76,100.0,40,0.5,90.95,75.0,15.95
26.11,17.64,56.24,1.48,0.46,100.0,25,5.0,74.05,75.0,-0.95
20.5,27.63,51.87,0.74,0.4,100.0,25,5.0,60.99,75.0,-14.01
46.01,33.39,20.59,1.38,2.23,100.0,70,2.0,66.96,75.0,-8.04
25.56,42.65,31.79,0.6,0.8,100.0,40,0.5,66.63,75.0,-8.37
39.02,28.9,32.08,1.35,1.22,100.0,55,0.5,75.68,75.0,0.68
22.11,19.34,58.55,1.14,0.38,100.0,40,5.0,68.61,75.0,-6.39
46.04,11.9,42.06,3.87,1.09,100.0,25,1.0,89.5,75.0,14.5
35.52,42.05,22.43,0.84,1.58,100.0,25,1.0,63.67,75.0,-11.33
46.06,34.18,19.76,1.35,2.33,100.0,25,0.5,70.72,75.0,-4.28
63.41,17.94,18.65,3.53,3.4,100.0,40,5.0,67.49,75.0,-7.51
20.54,29.79,49.66,0.69,0.41,100.0,55,5.0,51.52,75.0,-23.48
24.8,27.35,47.85,0.91,0.52,100.0,25,5.0,60.08,75.0,-14.92
34.54,18.09,47.37,1.91,0.73,100.0,70,2.0,69.73,75.0,-5.27
58.26,29.98,11.75,1.94,4.96,100.0,55,0.5,74.53,75.0,-0.47
34.52,22.21,43.27,1.55,0.8,100.0,25,0.5,83.94,75.0,8.94
66.42,18.56,15.02,3.58,4.42,100.0,55,1.0,76.04,75.0,1.04
25.48,36.53,37.98,0.7,0.67,100.0,70,1.0,65.12,75.0,-9.88
31.96,26.33,41.71,1.21,0.77,100.0,40,0.5,77.05,75.0,2.05
72.65,21.22,6.13,3.42,11.84,100.0,25,0.5,82.72,75.0,7.72
51.72,10.23,38.05,5.05,1.36,100.0,70,1.0,86.85,75.0,11.85
20.82,19.69,59.49,1.06,0.35,100.0,25,0.5,90.95,75.0,15.95
34.9,16.87,48.23,2.07,0.72,100.0,25,1.0,88.41,75.0,13.41
32.86,31.19,35.94,1.05,0.91,100.0,40,0.5,76.9,75.0,1.9
36.25,21.6,42.15,1.68,0.86,100.0,40,2.0,74.93,75.0,-0.07
34.85,35.16,29.99,0.99,1.16,100.0,55,2.0,68.38,75.0,-6.62
23.75,14.72,61.53,1.61,0.39,100.0,70,5.0,59.41,75.0,-15.59
47.54,36.2,16.27,1.31,2.92,100.0,70,0.5,65.42,75.0,-9.58
63.96,21.33,14.7,3.0,4.35,100.0,40,1.0,78.88,75.0,3.88
56.4,10.01,33.59,5.63,1.68,100.0,25,0.5,96.88,75.0,21.88
60.37,15.08,24.55,4.0,2.46,100.0,55,0.5,86.71,75.0,11.71
24.87,47.34,27.79,0.53,0.89,100.0,40,5.0,41.54,75.0,-33.46
30.1,39.44,30.46,0.76,0.99,100.0,55,1.0,65.31,75.0,-9.69
70.31,19.34,10.35,3.63,6.8,100.0,55,0.5,79.98,75.0,4.98
45.73,39.96,14.32,1.14,3.19,100.0,70,1.0,52.65,75.0,-22.35
63.67,10.31,26.01,6.17,2.45,100.0,55,0.5,82.11,75.0,7.11
46.94,18.1,34.96,2.59,1.34,100.0,70,5.0,55.01,75.0,-19.99
52.66,24.94,22.4,2.11,2.35,100.0,25,1.0,78.09,75.0,3.09
32.02,37.26,30.72,0.86,1.04,100.0,25,0.5,70.89,75.0,-4.11
57.01,12.54,30.45,4.55,1.87,100.0,40,2.0,83.51,75.0,8.51
64.57,25.85,9.58,2.5,6.74,100.0,25,1.0,77.87,75.0,2.87
31.02,31.57,37.41,0.98,0.83,100.0,70,5.0,47.0,75.0,-28.0
51.29,31.56,17.15,1.63,2.99,100.0,55,2.0,59.86,75.0,-15.14
24.11,21.52,54.38,1.12,0.44,100.0,55,1.0,79.24,75.0,4.24
42.27,14.81,42.92,2.85,0.98,100.0,25,1.0,81.04,75.0,6.04
50.69,41.75,7.56,1.21,6.7,100.0,70,1.0,57.04,75.0,-17.96
55.07,35.79,9.14,1.54,6.02,100.0,55,1.0,65.05,75.0,-9.95
52.3,24.96,22.74,2.1,2.3,100.0,25,0.5,83.03,75.0,8.03
36.13,48.04,15.83,0.75,2.28,100.0,70,0.5,51.76,75.0,-23.24
42.11,10.89,47.0,3.87,0.9,100.0,70,1.0,83.75,75.0,8.75
39.75,46.68,13.57,0.85,2.93,100.0,55,5.0,34.56,75.0,-40.44
25.6,20.65,53.76,1.24,0.48,100.0,40,0.5,82.98,75.0,7.98
67.24,22.84,9.92,2.94,6.78,100.0,40,1.0,79.16,75.0,4.16
47.26,20.09,32.65,2.35,1.45,100.0,70,1.0,81.24,75.0,6.24
57.81,31.37,10.82,1.84,5.34,100.0,70,5.0,45.28,75.0,-29.72
34.9,42.95,22.14,0.81,1.58,100.0,25,5.0,44.7,75.0,-30.3
62.33,14.13,23.55,4.41,2.65,100.0,70,5.0,59.03,75.0,-15.97
45.66,47.72,6.62,0.96,6.89,100.0,25,2.0,60.07,75.0,-14.93
46.55,41.8,11.64,1.11,4.0,100.0,25,1.0,68.77,75.0,-6.23
58.96,17.25,23.79,3.42,2.48,100.0,25,5.0,73.53,75.0,-1.47
60.52,20.51,18.97,2.95,3.19,100.0,70,1.0,71.39,75.0,-3.61
23.84,25.4,50.76,0.94,0.47,100.0,70,0.5,76.55,75.0,1.55
32.64,13.4,53.96,2.44,0.6,100.0,25,1.0,95.66,75.0,20.66
37.54,41.33,21.13,0.91,1.78,100.0,55,1.0,66.64,75.0,-8.36
57.46,18.8,23.74,3.06,2.42,100.0,70,2.0,64.36,75.0,-10.64
21.31,15.07,63.62,1.41,0.34,100.0,40,0.5,90.31,75.0,15.31
38.06,26.83,35.11,1.42,1.08,100.0,55,0.5,80.69,75.0,5.69
50.16,29.24,20.6,1.72,2.43,100.0,40,2.0,77.27,75.0,2.27
23.37,25.05,51.58,0.93,0.45,100.0,70,5.0,55.73,75.0,-19.27
49.47,24.53,26.01,2.02,1.9,100.0,55,5.0,53.33,75.0,-21.67
75.63,12.09,12.28,6.25,6.16,100.0,70,1.0,75.74,75.0,0.74
26.32,37.42,36.25,0.7,0.73,100.0,70,2.0,65.09,75.0,-9.91
65.87,27.45,6.68,2.4,9.85,100.0,55,5.0,52.64,75.0,-22.36
44.58,17.79,37.63,2.51,1.18,100.0,70,0.5,77.26,75.0,2.26
24.36,10.35,65.29,2.35,0.37,100.0,55,2.0,82.67,75.0,7.67
35.61,42.1,22.28,0.85,1.6,100.0,70,5.0,39.69,75.0,-35.31
29.57,29.46,40.97,1.0,0.72,100.0,25,0.5,82.61,75.0,7.61
29.63,21.94,48.43,1.35,0.61,100.0,40,2.0,73.79,75.0,-1.21
24.23,35.52,40.25,0.68,0.6,100.0,25,1.0,72.32,75.0,-2.68
31.14,21.53,47.34,1.45,0.66,100.0,70,1.0,70.71,75.0,-4.29
59.85,19.44,20.71,3.08,2.89,100.0,70,0.5,80.08,75.0,5.08
40.64,36.76,22.61,1.11,1.8,100.0,70,5.0,41.51,75.0,-33.49
68.85,11.61,19.54,5.93,3.52,100.0,25,5.0,70.22,75.0,-4.78
61.11,13.79,25.1,4.43,2.43,100.0,70,2.0,78.12,75.0,3.12
26.63,10.27,63.1,2.59,0.42,100.0,55,0.5,91.28,75.0,16.28
37.35,16.12,46.53,2.32,0.8,100.0,40,5.0,65.03,75.0,-9.97
38.59,12.76,48.65,3.02,0.79,100.0,70,1.0,82.52,75.0,7.52
35.0,49.83,15.17,0.7,2.31,100.0,70,0.5,55.32,75.0,-19.68
50.9,21.55,27.55,2.36,1.85,100.0,40,1.0,83.41,75.0,8.41
52.13,15.97,31.9,3.26,1.63,100.0,40,0.5,87.44,75.0,12.44
41.41,19.64,38.95,2.11,1.06,100.0,40,2.0,75.51,75.0,0.51
41.23,47.45,11.33,0.87,3.64,100.0,25,5.0,46.06,75.0,-28.94
30.47,23.78,45.75,1.28,0.67,100.0,25,5.0,66.62,75.0,-8.38
67.36,24.59,8.05,2.74,8.37,100.0,70,5.0,45.58,75.0,-29.42
38.47,44.94,16.6,0.86,2.32,100.0,40,1.0,66.8,75.0,-8.2
24.25,41.47,34.29,0.58,0.71,100.0,70,5.0,41.5,75.0,-33.5
44.01,23.56,32.43,1.87,1.36,100.0,70,0.5,76.1,75.0,1.1
39.6,18.29,42.1,2.17,0.94,100.0,70,1.0,80.43,75.0,5.43
41.27,25.11,33.62,1.64,1.23,100.0,25,2.0,74.08,75.0,-0.92
50.34,22.67,26.99,2.22,1.86,100.0,40,1.0,81.69,75.0,6.69
75.95,11.81,12.24,6.43,6.2,100.0,70,2.0,72.83,75.0,-2.17
72.58,21.58,5.84,3.36,12.43,100.0,25,1.0,76.05,75.0,1.05
26.15,33.09,40.76,0.79,0.64,100.0,55,5.0,46.92,75.0,-28.08
43.56,12.64,43.8,3.45,0.99,100.0,55,2.0,81.24,75.0,6.24
53.2,17.65,29.15,3.01,1.83,100.0,70,5.0,53.72,75.0,-21.28
50.19,26.3,23.52,1.91,2.13,100.0,70,1.0,74.77,75.0,-0.23
31.63,47.48,20.89,0.67,1.51,100.0,40,2.0,59.42,75.0,-15.58
71.3,15.23,13.48,4.68,5.29,100.0,40,0.5,89.19,75.0,14.19
34.22,10.07,55.71,3.4,0.61,100.0,70,0.5,87.39,75.0,12.39
70.27,20.2,9.52,3.48,7.38,100.0,25,1.0,82.58,75.0,7.58
71.53,15.08,13.39,4.74,5.34,100.0,70,2.0,68.2,75.0,-6.8
64.9,12.34,22.76,5.26,2.85,100.0,40,0.5,91.12,75.0,16.12
46.35,22.22,31.43,2.09,1.47,100.0,40,5.0,60.73,75.0,-14.27
56.63,16.31,27.06,3.47,2.09,100.0,25,5.0,67.99,75.0,-7.01
29.62,16.96,53.42,1.75,0.55,100.0,70,1.0,84.53,75.0,9.53
46.37,23.64,30.0,1.96,1.55,100.0,40,5.0,56.64,75.0,-18.36
30.76,10.63,58.61,2.89,0.52,100.0,70,5.0,64.04,75.0,-10.96
61.64,32.31,6.05,1.91,10.19,100.0,40,5.0,50.97,75.0,-24.03
33.78,25.18,41.05,1.34,0.82,100.0,55,0.5,75.17,75.0,0.17
27.05,30.26,42.68,0.89,0.63,100.0,55,2.0,66.52,75.0,-8.48
29.92,32.51,37.57,0.92,0.8,100.0,55,1.0,71.48,75.0,-3.52
20.12,22.53,57.35,0.89,0.35,100.0,40,2.0,75.98,75.0,0.98
63.12,21.8,15.07,2.89,4.19,100.0,25,2.0,80.17,75.0,5.17
23.63,26.34,50.03,0.9,0.47,100.0,55,2.0,66.03,75.0,-8.97
64.95,23.95,11.1,2.71,5.85,100.0,40,0.5,82.22,75.0,7.22
29.68,17.7,52.61,1.68,0.56,100.0,70,5.0,60.85,75.0,-14.15
25.01,13.9,61.08,1.8,0.41,100.0,55,1.0,83.67,75.0,8.67
21.15,45.91,32.94,0.46,0.64,100.0,25,2.0,58.38,75.0,-16.62
29.94,24.0,46.06,1.25,0.65,100.0,25,5.0,56.57,75.0,-18.43
53.91,40.55,5.54,1.33,9.72,100.0,25,0.5,67.29,75.0,-7.71
34.49,24.38,41.13,1.41,0.84,100.0,70,2.0,71.19,75.0,-3.81
41.26,15.03,43.71,2.74,0.94,100.0,70,5.0,59.68,75.0,-15.32
26.32,33.57,40.11,0.78,0.66,100.0,25,0.5,81.5,75.0,6.5
33.34,31.01,35.65,1.08,0.94,100.0,25,5.0,55.0,75.0,-20.0
51.15,18.12,30.73,2.82,1.66,100.0,25,1.0,87.51,75.0,12.51
56.47,28.07,15.46,2.01,3.65,100.0,70,5.0,45.74,75.0,-29.26
34.72,41.88,23.4,0.83,1.48,100.0,70,5.0,36.13,75.0,-38.87
23.46,33.62,42.92,0.7,0.55,100.0,40,1.0,72.44,75.0,-2.56
43.46,13.88,42.66,3.13,1.02,100.0,55,1.0,81.56,75.0,6.56
34.05,31.92,34.03,1.07,1.0,100.0,70,5.0,42.43,75.0,-32.57
33.17,38.11,28.72,0.87,1.16,100.0,25,1.0,70.65,75.0,-4.35
46.87,13.88,39.25,3.38,1.19,100.0,55,5.0,63.53,75.0,-11.47
56.98,35.16,7.86,1.62,7.25,100.0,70,2.0,60.98,75.0,-14.02
53.41,16.11,30.48,3.32,1.75,100.0,55,5.0,63.58,75.0,-11.42
44.95,38.41,16.65,1.17,2.7,100.0,40,0.5,72.94,75.0,-2.06
45.74,37.09,17.17,1.23,2.66,100.0,70,1.0,63.91,75.0,-11.09
52.45,10.98,36.57,4.78,1.43,100.0,25,2.0,86.97,75.0,11.97
61.79,26.47,11.74,2.33,5.26,100.0,25,1.0,73.96,75.0,-1.04
62.13,23.32,14.55,2.66,4.27,100.0,40,1.0,77.58,75.0,2.58
30.3,36.78,32.92,0.82,0.92,100.0,40,1.0,71.34,75.0,-3.66
50.01,18.65,31.35,2.68,1.6,100.0,40,0.5,88.96,75.0,13.96
44.72,33.63,21.65,1.33,2.07,100.0,40,0.5,75.18,75.0,0.18
38.56,24.05,37.4,1.6,1.03,100.0,40,5.0,62.63,75.0,-12.37
50.14,43.49,6.37,1.15,7.87,100.0,70,0.5,55.6,75.0,-19.4
40.32,12.67,47.01,3.18,0.86,100.0,70,1.0,80.85,75.0,5.85
26.92,49.14,23.94,0.55,1.12,100.0,55,2.0,53.28,75.0,-21.72
56.34,10.43,33.23,5.4,1.7,100.0,40,2.0,86.51,75.0,11.51
27.03,34.91,38.06,0.77,0.71,100.0,25,2.0,68.93,75.0,-6.07
40.23,26.51,33.25,1.52,1.21,100.0,25,1.0,79.52,75.0,4.52
28.57,44.39,27.04,0.64,1.06,100.0,40,0.5,68.19,75.0,-6.81
61.52,20.07,18.4,3.06,3.34,100.0,40,2.0,71.41,75.0,-3.59
32.38,49.24,18.38,0.66,1.76,100.0,40,1.0,64.19,75.0,-10.81
43.51,34.55,21.94,1.26,1.98,100.0,40,1.0,67.37,75.0,-7.63
20.37,23.86,55.77,0.85,0.37,100.0,40,2.0,70.12,75.0,-4.88
32.26,13.42,54.32,2.4,0.59,100.0,25,2.0,86.07,75.0,11.07
50.47,17.34,32.19,2.91,1.57,100.0,55,5.0,65.18,75.0,-9.82
45.16,40.34,14.51,1.12,3.11,100.0,40,5.0,46.97,75.0,-28.03
21.09,10.88,68.03,1.94,0.31,100.0,40,1.0,93.44,75.0,18.44
47.85,43.44,8.71,1.1,5.49,100.0,40,5.0,42.59,75.0,-32.41
24.14,10.56,65.3,2.29,0.37,100.0,70,5.0,64.68,75.0,-10.32
48.46,36.28,15.26,1.34,3.18,100.0,25,2.0,61.49,75.0,-13.51
53.64,24.6,21.76,2.18,2.47,100.0,25,5.0,53.17,75.0,-21.83
57.71,34.46,7.83,1.67,7.36,100.0,55,1.0,66.25,75.0,-8.75
72.61,13.54,13.85,5.36,5.24,100.0,70,2.0,76.84,75.0,1.84
35.2,23.7,41.1,1.49,0.86,100.0,70,5.0,54.55,75.0,-20.45
20.6,14.32,65.08,1.44,0.32,100.0,70,5.0,64.36,75.0,-10.64
63.41,12.79,23.81,4.96,2.66,100.0,55,5.0,67.18,75.0,-7.82
52.14,33.56,14.3,1.55,3.65,100.0,55,0.5,70.43,75.0,-4.57
52.61,21.65,25.74,2.43,2.04,100.0,55,5.0,56.05,75.0,-18.95
34.3,24.9,40.81,1.38,0.84,100.0,70,5.0,50.2,75.0,-24.8
21.48,40.34,38.18,0.53,0.56,100.0,25,1.0,76.65,75.0,1.65
49.11,26.9,24.0,1.83,2.05,100.0,70,5.0,51.15,75.0,-23.85
40.02,25.92,34.06,1.54,1.17,100.0,55,0.5,73.93,75.0,-1.07
67.49,11.06,21.45,6.1,3.15,100.0,70,2.0,71.89,75.0,-3.11
47.08,23.42,29.5,2.01,1.6,100.0,40,5.0,62.31,75.0,-12.69
31.01,49.04,19.95,0.63,1.55,100.0,70,5.0,30.55,75.0,-44.45
53.43,33.84,12.73,1.58,4.2,100.0,70,1.0,69.15,75.0,-5.85
32.41,35.77,31.81,0.91,1.02,100.0,25,5.0,44.87,75.0,-30.13
47.98,33.51,18.51,1.43,2.59,100.0,25,5.0,57.66,75.0,-17.34
24.54,43.89,31.57,0.56,0.78,100.0,25,5.0,48.89,75.0,-26.11
43.27,27.65,29.08,1.56,1.49,100.0,40,5.0,55.91,75.0,-19.09
68.21,10.72,21.07,6.36,3.24,100.0,25,2.0,84.08,75.0,9.08
74.11,12.98,12.91,5.71,5.74,100.0,40,1.0,89.88,75.0,14.88
32.21,30.42,37.38,1.06,0.86,100.0,55,2.0,68.57,75.0,-6.43
24.02,48.78,27.2,0.49,0.88,100.0,25,0.5,63.37,75.0,-11.63
61.62,24.03,14.36,2.56,4.29,100.0,70,5.0,45.46,75.0,-29.54
43.36,12.84,43.8,3.38,0.99,100.0,70,0.5,84.43,75.0,9.43
52.51,17.57,29.92,2.99,1.75,100.0,40,2.0,77.69,75.0,2.69
41.46,14.72,43.82,2.82,0.95,100.0,25,0.5,87.02,75.0,12.02
23.99,43.66,32.35,0.55,0.74,100.0,70,5.0,38.51,75.0,-36.49
58.9,34.71,6.39,1.7,9.21,100.0,55,0.5,66.12,75.0,-8.88
24.45,35.78,39.78,0.68,0.61,100.0,25,2.0,68.96,75.0,-6.04
42.53,11.13,46.34,3.82,0.92,100.0,55,5.0,68.02,75.0,-6.98
51.1,14.12,34.77,3.62,1.47,100.0,70,1.0,84.07,75.0,9.07
46.01,41.53,12.46,1.11,3.69,100.0,25,2.0,64.9,75.0,-10.1
47.2,38.22,14.58,1.23,3.24,100.0,40,5.0,44.54,75.0,-30.46
53.54,38.35,8.11,1.4,6.6,100.0,70,1.0,61.07,75.0,-13.93
39.27,18.59,42.14,2.11,0.93,100.0,55,0.5,82.89,75.0,7.89
33.21,11.61,55.18,2.86,0.6,100.0,25,0.5,90.89,75.0,15.89
41.03,18.05,40.92,2.27,1.0,100.0,55,0.5,84.16,75.0,9.16
42.35,17.15,40.5,2.47,1.05,100.0,55,5.0,66.62,75.0,-8.38
24.12,23.51,52.37,1.03,0.46,100.0,40,0.5,83.38,75.0,8.38
42.17,26.74,31.09,1.58,1.36,100.0,40,0.5,74.11,75.0,-0.89
47.85,30.34,21.8,1.58,2.19,100.0,70,1.0,67.03,75.0,-7.97
63.36,29.07,7.57,2.18,8.37,100.0,40,1.0,68.77,75.0,-6.23
59.4,20.83,19.77,2.85,3.0,100.0,40,1.0,81.99,75.0,6.99
62.53,11.17,26.31,5.6,2.38,100.0,70,5.0,62.39,75.0,-12.61
20.5,34.2,45.29,0.6,0.45,100.0,70,2.0,61.07,75.0,-13.93
33.06,25.83,41.11,1.28,0.8,100.0,70,0.5,73.54,75.0,-1.46
59.7,21.95,18.35,2.72,3.25,100.0,70,0.5,74.34,75.0,-0.66
49.04,44.68,6.28,1.1,7.8,100.0,55,5.0,38.38,75.0,-36.62
20.32,39.87,39.81,0.51,0.51,100.0,55,0.5,65.26,75.0,-9.74
24.5,12.87,62.63,1.9,0.39,100.0,70,5.0,59.09,75.0,-15.91
25.73,45.59,28.68,0.56,0.9,100.0,70,5.0,40.37,75.0,-34.63
52.91,15.24,31.86,3.47,1.66,100.0,25,5.0,66.36,75.0,-8.64
23.99,37.85,38.16,0.63,0.63,100.0,25,2.0,67.82,75.0,-7.18
65.99,18.24,15.77,3.62,4.19,100.0,25,5.0,64.66,75.0,-10.34
55.02,27.65,17.33,1.99,3.18,100.0,40,2.0,70.34,75.0,-4.66
66.92,12.6,20.48,5.31,3.27,100.0,55,2.0,73.71,75.0,-1.29
43.76,38.01,18.23,1.15,2.4,100.0,55,0.5,61.69,75.0,-13.31
68.18,15.04,16.78,4.53,4.06,100.0,25,1.0,84.39,75.0,9.39
26.62,13.77,59.61,1.93,0.45,100.0,25,2.0,87.51,75.0,12.51
28.42,44.57,27.01,0.64,1.05,100.0,55,2.0,53.32,75.0,-21.68
60.27,28.58,11.15,2.11,5.41,100.0,40,1.0,72.04,75.0,-2.96
43.01,33.31,23.67,1.29,1.82,100.0,25,2.0,75.43,75.0,0.43
29.6,29.76,40.64,0.99,0.73,100.0,70,1.0,63.69,75.0,-11.31
30.19,42.12,27.68,0.72,1.09,100.0,25,0.5,68.52,75.0,-6.48
31.7,27.27,41.03,1.16,0.77,100.0,55,5.0,59.7,75.0,-15.3
36.67,12.21,51.13,3.0,0.72,100.0,55,1.0,85.43,75.0,10.43
65.0,28.5,6.5,2.28,9.99,100.0,25,5.0,53.58,75.0,-21.42
39.79,48.19,12.03,0.83,3.31,100.0,25,1.0,65.98,75.0,-9.02
65.52,29.45,5.02,2.22,13.04,100.0,70,5.0,46.05,75.0,-28.95
55.83,28.5,15.67,1.96,3.56,100.0,70,0.5,69.07,75.0,-5.93
59.02,15.14,25.83,3.9,2.28,100.0,40,2.0,79.56,75.0,4.56
76.41,12.07,11.52,6.33,6.63,100.0,40,0.5,85.23,75.0,10.23
54.73,32.18,13.09,1.7,4.18,100.0,70,2.0,56.73,75.0,-18.27
57.94,17.19,24.86,3.37,2.33,100.0,40,5.0,62.11,75.0,-12.89
29.39,28.71,41.9,1.02,0.7,100.0,40,5.0,53.06,75.0,-21.94
61.57,23.48,14.95,2.62,4.12,100.0,25,2.0,75.09,75.0,0.09
50.59,11.03,38.38,4.59,1.32,100.0,70,1.0,83.18,75.0,8.18
36.26,42.45,21.3,0.85,1.7,100.0,25,0.5,72.48,75.0,-2.52
32.14,11.31,56.55,2.84,0.57,100.0,25,1.0,96.12,75.0,21.12
38.83,28.71,32.46,1.35,1.2,100.0,40,5.0,53.93,75.0,-21.07
34.49,35.86,29.65,0.96,1.16,100.0,25,0.5,76.86,75.0,1.86
32.89,43.2,23.9,0.76,1.38,100.0,55,0.5,65.13,75.0,-9.87
45.49,11.97,42.54,3.8,1.07,100.0,40,1.0,88.86,75.0,13.86
33.2,40.86,25.94,0.81,1.28,100.0,55,2.0,56.55,75.0,-18.45
50.42,31.94,17.64,1.58,2.86,100.0,40,2.0,63.32,75.0,-11.68
31.28,17.89,50.83,1.75,0.62,100.0,25,0.5,91.56,75.0,16.56
24.62,22.69,52.69,1.08,0.47,100.0,40,2.0,71.27,75.0,-3.73
61.77,21.28,16.95,2.9,3.64,100.0,55,5.0,55.0,75.0,-20.0
42.97,31.23,25.8,1.38,1.67,100.0,40,1.0,65.05,75.0,-9.95
69.31,12.07,18.62,5.74,3.72,100.0,55,1.0,78.41,75.0,3.41
59.57,16.34,24.09,3.65,2.47,100.0,70,1.0,74.34,75.0,-0.66
46.22,44.07,9.7,1.05,4.76,100.0,25,0.5,70.91,75.0,-4.09
36.32,15.3,48.38,2.37,0.75,100.0,55,0.5,87.69,75.0,12.69
61.54,19.34,19.12,3.18,3.22,100.0,70,2.0,67.72,75.0,-7.28
35.84,28.13,36.02,1.27,1.0,100.0,25,1.0,81.1,75.0,6.1
27.43,30.97,41.6,0.89,0.66,100.0,70,5.0,51.14,75.0,-23.86
53.87,19.16,26.98,2.81,2.0,100.0,55,5.0,57.81,75.0,-17.19
39.47,27.89,32.64,1.42,1.21,100.0,25,1.0,74.59,75.0,-0.41
36.17,41.59,22.23,0.87,1.63,100.0,70,0.5,60.98,75.0,-14.02
31.46,34.73,33.81,0.91,0.93,100.0,55,0.5,70.27,75.0,-4.73
61.68,14.52,23.8,4.25,2.59,100.0,70,0.5,77.02,75.0,2.02
33.12,16.25,50.62,2.04,0.65,100.0,25,5.0,69.79,75.0,-5.21
55.72,27.48,16.8,2.03,3.32,100.0,25,1.0,78.28,75.0,3.28
35.88,25.88,38.25,1.39,0.94,100.0,25,5.0,62.05,75.0,-12.95
77.14,14.86,8.0,5.19,9.64,100.0,55,1.0,80.23,75.0,5.23
67.58,24.54,7.88,2.75,8.57,100.0,70,5.0,51.8,75.0,-23.2
66.68,25.53,7.79,2.61,8.56,100.0,70,5.0,48.37,75.0,-26.63
65.65,16.83,17.52,3.9,3.75,100.0,55,2.0,74.58,75.0,-0.42
31.26,19.07,49.66,1.64,0.63,100.0,25,5.0,65.42,75.0,-9.58
25.3,33.02,41.68,0.77,0.61,100.0,40,1.0,71.3,75.0,-3.7
61.94,26.94,11.13,2.3,5.57,100.0,25,5.0,61.27,75.0,-13.73
42.1,30.6,27.3,1.38,1.54,100.0,40,2.0,62.18,75.0,-12.82
45.94,16.83,37.23,2.73,1.23,100.0,25,2.0,84.57,75.0,9.57
21.87,36.52,41.61,0.6,0.53,100.0,55,1.0,65.74,75.0,-9.26
35.57,44.1,20.32,0.81,1.75,100.0,40,2.0,55.91,75.0,-19.09
22.02,20.32,57.66,1.08,0.38,100.0,55,2.0,76.33,75.0,1.33
54.72,20.22,25.06,2.71,2.18,100.0,40,0.5,78.39,75.0,3.39
34.6,49.02,16.38,0.71,2.11,100.0,70,1.0,50.87,75.0,-24.13
53.44,23.33,23.23,2.29,2.3,100.0,40,2.0,70.44,75.0,-4.56
22.34,33.8,43.86,0.66,0.51,100.0,40,2.0,67.06,75.0,-7.94
60.01,13.61,26.38,4.41,2.27,100.0,40,2.0,77.7,75.0,2.7
39.38,34.24,26.38,1.15,1.49,100.0,70,1.0,69.47,75.0,-5.53
73.88,13.59,12.54,5.44,5.89,100.0,55,0.5,88.64,75.0,13.64
58.81,30.27,10.92,1.94,5.38,100.0,70,5.0,39.84,75.0,-35.16
39.52,38.63,21.86,1.02,1.81,100.0,40,0.5,71.28,75.0,-3.72
41.99,21.77,36.24,1.93,1.16,100.0,25,1.0,85.96,75.0,10.96
45.7,33.0,21.3,1.38,2.15,100.0,70,1.0,66.66,75.0,-8.34
39.88,45.6,14.52,0.87,2.75,100.0,25,1.0,62.56,75.0,-12.44
22.59,40.53,36.87,0.56,0.61,100.0,70,5.0,40.58,75.0,-34.42
34.94,44.33,20.72,0.79,1.69,100.0,70,1.0,54.79,75.0,-20.21
77.74,12.49,9.77,6.22,7.96,100.0,40,0.5,85.47,75.0,10.47
24.04,29.96,46.0,0.8,0.52,100.0,55,2.0,64.0,75.0,-11.0
25.7,47.26,27.04,0.54,0.95,100.0,55,2.0,53.28,75.0,-21.72
39.38,44.18,16.43,0.89,2.4,100.0,40,1.0,58.21,75.0,-16.79
39.6,31.54,28.87,1.26,1.37,100.0,70,1.0,66.21,75.0,-8.79
64.89,28.18,6.93,2.3,9.36,100.0,55,5.0,46.22,75.0,-28.78
68.4,18.37,13.23,3.72,5.17,100.0,55,2.0,73.08,75.0,-1.92
71.48,10.15,18.37,7.04,3.89,100.0,55,5.0,61.69,75.0,-13.31
47.83,28.85,23.32,1.66,2.05,100.0,40,5.0,55.01,75.0,-19.99
34.49,30.39,35.12,1.13,0.98,100.0,25,5.0,60.48,75.0,-14.52
22.42,25.2,52.38,0.89,0.43,100.0,25,5.0,67.37,75.0,-7.63
44.67,27.94,27.39,1.6,1.63,100.0,25,0.5,73.1,75.0,-1.9
27.8,49.23,22.97,0.56,1.21,100.0,25,1.0,60.34,75.0,-14.66
21.35,24.01,54.64,0.89,0.39,100.0,25,1.0,82.75,75.0,7.75
41.63,28.09,30.29,1.48,1.37,100.0,55,5.0,53.75,75.0,-21.25
67.02,15.34,17.64,4.37,3.8,100.0,55,5.0,55.07,75.0,-19.93
53.97,11.92,34.11,4.53,1.58,100.0,70,0.5,80.62,75.0,5.62
38.77,41.02,20.22,0.95,1.92,100.0,55,5.0,42.7,75.0,-32.3
59.26,32.83,7.91,1.81,7.49,100.0,40,0.5,72.57,75.0,-2.43
33.92,40.43,25.65,0.84,1.32,100.0,70,0.5,63.9,75.0,-11.1
20.86,15.99,63.14,1.3,0.33,100.0,55,5.0,65.45,75.0,-9.55
44.9,44.75,10.35,1.0,4.34,100.0,70,1.0,56.73,75.0,-18.27
57.42,20.15,22.43,2.85,2.56,100.0,70,0.5,77.22,75.0,2.22
65.74,19.12,15.14,3.44,4.34,100.0,25,1.0,83.3,75.0,8.3
22.34,10.46,67.2,2.13,0.33,100.0,70,1.0,87.39,75.0,12.39
70.23,15.21,14.56,4.62,4.82,100.0,55,0.5,75.59,75.0,0.59
57.17,22.37,20.46,2.56,2.79,100.0,25,2.0,81.02,75.0,6.02
53.8,14.68,31.52,3.67,1.71,100.0,55,0.5,77.77,75.0,2.77
28.95,21.66,49.39,1.34,0.59,100.0,25,2.0,76.54,75.0,1.54
71.87,22.35,5.79,3.22,12.41,100.0,55,0.5,75.76,75.0,0.76
55.22,15.21,29.57,3.63,1.87,100.0,25,0.5,91.83,75.0,16.83
54.86,17.96,27.18,3.05,2.02,100.0,25,1.0,76.16,75.0,1.16
77.47,15.15,7.38,5.11,10.5,100.0,40,1.0,82.05,75.0,7.05
65.4,12.56,22.03,5.21,2.97,100.0,55,5.0,64.79,75.0,-10.21
46.54,44.5,8.97,1.05,5.19,100.0,70,1.0,58.73,75.0,-16.27
44.26,44.21,11.53,1.0,3.84,100.0,25,1.0,63.11,75.0,-11.89
43.35,19.87,36.78,2.18,1.18,100.0,55,1.0,77.87,75.0,2.87
33.73,28.0,38.26,1.2,0.88,100.0,25,1.0,77.38,75.0,2.38
55.81,10.89,33.3,5.13,1.68,100.0,40,5.0,66.53,75.0,-8.47
21.03,19.83,59.14,1.06,0.36,100.0,40,1.0,80.94,75.0,5.94
31.36,45.56,23.07,0.69,1.36,100.0,40,2.0,54.75,75.0,-20.25
40.51,20.8,38.68,1.95,1.05,100.0,40,2.0,77.61,75.0,2.61
51.66,18.27,30.07,2.83,1.72,100.0,70,5.0,56.61,75.0,-18.39
32.7,36.16,31.14,0.9,1.05,100.0,70,1.0,65.28,75.0,-9.72
34.1,17.18,48.72,1.98,0.7,100.0,25,2.0,83.49,75.0,8.49
21.44,12.15,66.42,1.76,0.32,100.0,55,0.5,91.75,75.0,16.75
42.12,39.91,17.97,1.06,2.34,100.0,40,2.0,63.49,75.0,-11.51
54.85,25.0,20.15,2.19,2.72,100.0,40,1.0,71.29,75.0,-3.71
57.54,35.03,7.43,1.64,7.74,100.0,70,2.0,54.66,75.0,-20.34
55.59,14.7,29.71,3.78,1.87,100.0,70,0.5,80.49,75.0,5.49
23.2,41.43,35.37,0.56,0.66,100.0,40,2.0,61.47,75.0,-13.53
47.29,36.94,15.77,1.28,3.0,100.0,55,1.0,62.71,75.0,-12.29
60.49,14.6,24.91,4.14,2.43,100.0,25,0.5,92.51,75.0,17.51
23.1,41.74,35.15,0.55,0.66,100.0,25,5.0,55.23,75.0,-19.77
42.39,27.66,29.95,1.53,1.42,100.0,25,0.5,81.69,75.0,6.69
32.66,21.22,46.11,1.54,0.71,100.0,25,2.0,80.01,75.0,5.01
30.04,15.66,54.29,1.92,0.55,100.0,55,5.0,66.01,75.0,-8.99
50.02,35.71,14.27,1.4,3.51,100.0,55,0.5,62.33,75.0,-12.67
61.45,25.28,13.27,2.43,4.63,100.0,55,0.5,75.22,75.0,0.22
24.46,32.27,43.27,0.76,0.57,100.0,70,0.5,73.17,75.0,-1.83
58.92,23.2,17.88,2.54,3.29,100.0,40,1.0,75.62,75.0,0.62
36.52,48.49,15.0,0.75,2.44,100.0,55,5.0,32.88,75.0,-42.12
29.37,46.06,24.57,0.64,1.2,100.0,25,5.0,44.66,75.0,-30.34
58.16,20.82,21.03,2.79,2.77,100.0,55,0.5,78.85,75.0,3.85
37.33,38.35,24.32,0.97,1.54,100.0,40,5.0,44.86,75.0,-30.14
30.76,49.82,19.41,0.62,1.58,100.0,70,2.0,54.35,75.0,-20.65
62.31,20.11,17.59,3.1,3.54,100.0,25,2.0,76.25,75.0,1.25
47.31,27.47,25.22,1.72,1.88,100.0,70,0.5,68.33,75.0,-6.67
60.07,30.81,9.13,1.95,6.58,100.0,55,2.0,63.07,75.0,-11.93
70.24,21.8,7.96,3.22,8.82,100.0,25,0.5,85.76,75.0,10.76
30.18,10.61,59.21,2.84,0.51,100.0,25,2.0,88.55,75.0,13.55
21.15,18.81,60.05,1.12,0.35,100.0,55,0.5,85.8,75.0,10.8
66.75,21.28,11.98,3.14,5.57,100.0,55,0.5,75.19,75.0,0.19
56.58,27.74,15.67,2.04,3.61,100.0,40,5.0,58.61,75.0,-16.39
61.98,16.84,21.18,3.68,2.93,100.0,55,5.0,61.01,75.0,-13.99
57.65,15.38,26.98,3.75,2.14,100.0,55,0.5,86.58,75.0,11.58
20.61,25.9,53.5,0.8,0.39,100.0,55,5.0,57.32,75.0,-17.68
77.66,13.41,8.94,5.79,8.69,100.0,25,5.0,68.98,75.0,-6.02
52.16,36.0,11.84,1.45,4.4,100.0,40,1.0,65.36,75.0,-9.64
49.31,36.15,14.54,1.36,3.39,100.0,25,2.0,64.68,75.0,-10.32
44.11,48.25,7.64,0.91,5.77,100.0,55,5.0,40.03,75.0,-34.97
29.22,10.12,60.66,2.89,0.48,100.0,40,0.5,98.16,75.0,23.16
54.36,19.92,25.73,2.73,2.11,100.0,55,1.0,74.19,75.0,-0.81
36.62,47.11,16.27,0.78,2.25,100.0,25,1.0,64.4,75.0,-10.6
56.73,34.24,9.03,1.66,6.28,100.0,25,5.0,50.64,75.0,-24.36
54.99,38.82,6.19,1.42,8.89,100.0,55,0.5,62.85,75.0,-12.15
61.35,18.42,20.23,3.33,3.03,100.0,40,0.5,84.49,75.0,9.49
41.3,13.66,45.05,3.02,0.92,100.0,25,0.5,95.87,75.0,20.87
23.12,30.56,46.33,0.76,0.5,100.0,55,0.5,76.1,75.0,1.1
21.9,19.26,58.83,1.14,0.37,100.0,70,0.5,79.94,75.0,4.94
45.4,17.25,37.35,2.63,1.22,100.0,55,2.0,77.21,75.0,2.21
25.07,42.41,32.51,0.59,0.77,100.0,55,0.5,63.98,75.0,-11.02
56.41,15.4,28.19,3.66,2.0,100.0,40,0.5,87.77,75.0,12.77
36.38,23.58,40.04,1.54,0.91,100.0,55,2.0,75.69,75.0,0.69
34.67,14.33,51.0,2.42,0.68,100.0,70,5.0,54.84,75.0,-20.16
59.54,17.43,23.02,3.42,2.59,100.0,55,1.0,81.49,75.0,6.49
32.67,49.12,18.21,0.67,1.79,100.0,70,2.0,43.82,75.0,-31.18
28.22,30.26,41.52,0.93,0.68,100.0,25,1.0,81.65,75.0,6.65
70.94,13.43,15.62,5.28,4.54,100.0,55,1.0,79.25,75.0,4.25
31.8,16.81,51.4,1.89,0.62,100.0,40,2.0,76.72,75.0,1.72
64.25,22.64,13.11,2.84,4.9,100.0,55,0.5,79.05,75.0,4.05
37.19,26.98,35.83,1.38,1.04,100.0,70,1.0,71.79,75.0,-3.21
68.16,22.37,9.47,3.05,7.2,100.0,70,0.5,70.79,75.0,-4.21
26.02,14.98,59.0,1.74,0.44,100.0,40,5.0,63.66,75.0,-11.34
21.8,48.89,29.31,0.45,0.74,100.0,70,2.0,49.15,75.0,-25.85
73.84,16.13,10.02,4.58,7.37,100.0,55,1.0,75.1,75.0,0.1
31.19,11.55,57.26,2.7,0.54,100.0,70,0.5,82.96,75.0,7.96
78.4,10.02,11.58,7.83,6.77,100.0,55,1.0,83.49,75.0,8.49
47.9,33.85,18.25,1.42,2.62,100.0,55,5.0,44.23,75.0,-30.77
30.63,40.14,29.23,0.76,1.05,100.0,70,5.0,42.1,75.0,-32.9
23.74,21.52,54.74,1.1,0.43,100.0,40,1.0,86.88,75.0,11.88
40.12,17.42,42.46,2.3,0.94,100.0,25,2.0,81.61,75.0,6.61
24.02,36.07,39.91,0.67,0.6,100.0,40,5.0,51.13,75.0,-23.87
28.9,46.6,24.51,0.62,1.18,100.0,25,0.5,73.39,75.0,-1.61
64.56,24.74,10.69,2.61,6.04,100.0,40,5.0,52.18,75.0,-22.82
71.15,22.77,6.07,3.12,11.71,100.0,55,0.5,79.74,75.0,4.74
59.56,12.63,27.8,4.71,2.14,100.0,55,1.0,86.15,75.0,11.15
25.11,48.24,26.66,0.52,0.94,100.0,70,0.5,59.96,75.0,-15.04
43.14,46.93,9.93,0.92,4.34,100.0,25,1.0,67.02,75.0,-7.98
24.26,28.29,47.45,0.86,0.51,100.0,25,5.0,60.78,75.0,-14.22
32.65,43.85,23.5,0.74,1.39,100.0,70,2.0,50.91,75.0,-24.09
33.76,28.09,38.15,1.2,0.89,100.0,40,5.0,59.43,75.0,-15.57
48.15,26.98,24.88,1.78,1.94,100.0,70,5.0,53.0,75.0,-22.0
36.11,16.27,47.62,2.22,0.76,100.0,40,5.0,68.69,75.0,-6.31
26.06,27.06,46.89,0.96,0.56,100.0,70,5.0,51.88,75.0,-23.12
30.05,31.5,38.45,0.95,0.78,100.0,25,2.0,69.65,75.0,-5.35
28.84,10.9,60.26,2.65,0.48,100.0,25,5.0,73.97,75.0,-1.03
44.41,34.89,20.7,1.27,2.15,100.0,40,0.5,74.98,75.0,-0.02
35.72,33.41,30.87,1.07,1.16,100.0,25,2.0,72.77,75.0,-2.23
29.66,35.58,34.76,0.83,0.85,100.0,25,2.0,67.28,75.0,-7.72
46.38,35.41,18.21,1.31,2.55,100.0,25,0.5,75.48,75.0,0.48
36.7,46.38,16.92,0.79,2.17,100.0,25,1.0,60.3,75.0,-14.7
67.9,10.72,21.38,6.33,3.18,100.0,55,5.0,66.59,75.0,-8.41
39.58,32.28,28.14,1.23,1.41,100.0,70,2.0,58.87,75.0,-16.13
37.96,41.49,20.54,0.91,1.85,100.0,70,5.0,41.36,75.0,-33.64
33.95,31.65,34.4,1.07,0.99,100.0,55,5.0,46.83,75.0,-28.17
27.78,22.96,49.26,1.21,0.56,100.0,25,0.5,89.45,75.0,14.45
35.39,15.45,49.16,2.29,0.72,100.0,70,0.5,83.57,75.0,8.57
41.32,45.5,13.18,0.91,3.14,100.0,70,0.5,55.62,75.0,-19.38
60.44,28.83,10.73,2.1,5.63,100.0,70,5.0,48.97,75.0,-26.03
23.75,45.12,31.12,0.53,0.76,100.0,40,2.0,56.75,75.0,-18.25
32.63,33.43,33.94,0.98,0.96,100.0,55,2.0,66.24,75.0,-8.76
30.87,16.92,52.21,1.82,0.59,100.0,40,1.0,84.56,75.0,9.56
28.82,42.17,29.01,0.68,0.99,100.0,40,5.0,40.22,75.0,-34.78
40.56,36.37,23.08,1.12,1.76,100.0,55,1.0,62.9,75.0,-12.1
38.11,22.16,39.73,1.72,0.96,100.0,70,1.0,73.17,75.0,-1.83
29.3,30.55,40.16,0.96,0.73,100.0,40,1.0,78.74,75.0,3.74
24.96,42.12,32.91,0.59,0.76,100.0,70,1.0,62.51,75.0,-12.49
49.07,24.95,25.98,1.97,1.89,100.0,40,1.0,82.01,75.0,7.01
38.15,25.52,36.33,1.49,1.05,100.0,70,5.0,56.73,75.0,-18.27
53.8,13.83,32.37,3.89,1.66,100.0,25,0.5,89.45,75.0,14.45
53.93,37.31,8.76,1.45,6.16,100.0,25,1.0,69.19,75.0,-5.81
28.23,13.64,58.13,2.07,0.49,100.0,25,2.0,85.03,75.0,10.03
54.84,35.93,9.23,1.53,5.94,100.0,55,5.0,42.76,75.0,-32.24
50.33,26.53,23.14,1.9,2.17,100.0,25,1.0,73.22,75.0,-1.78
28.64,26.22,45.13,1.09,0.63,100.0,40,2.0,73.11,75.0,-1.89
57.44,37.18,5.38,1.54,10.68,100.0,70,1.0,56.65,75.0,-18.35
36.42,12.68,50.9,2.87,0.72,100.0,70,0.5,84.61,75.0,9.61
49.27,33.75,16.98,1.46,2.9,100.0,70,5.0,50.42,75.0,-24.58
24.94,40.88,34.18,0.61,0.73,100.0,70,0.5,61.77,75.0,-13.23
47.58,43.13,9.3,1.1,5.12,100.0,40,2.0,58.32,75.0,-16.68
38.39,16.82,44.79,2.28,0.86,100.0,70,1.0,81.42,75.0,6.42
58.24,27.09,14.67,2.15,3.97,100.0,40,0.5,77.85,75.0,2.85
23.42,36.25,40.34,0.65,0.58,100.0,40,0.5,74.04,75.0,-0.96
45.12,45.27,9.61,1.0,4.69,100.0,70,1.0,54.18,75.0,-20.82
47.51,29.41,23.08,1.62,2.06,100.0,70,5.0,47.02,75.0,-27.98
37.82,14.01,48.17,2.7,0.79,100.0,70,2.0,73.13,75.0,-1.87
45.59,47.29,7.12,0.96,6.4,100.0,40,5.0,42.15,75.0,-32.85
31.16,24.98,43.86,1.25,0.71,100.0,55,2.0,65.67,75.0,-9.33
66.62,27.93,5.45,2.39,12.22,100.0,40,2.0,70.91,75.0,-4.09
71.73,20.98,7.29,3.42,9.84,100.0,55,0.5,73.33,75.0,-1.67
38.83,25.73,35.44,1.51,1.1,100.0,70,1.0,74.42,75.0,-0.58
52.28,25.51,22.21,2.05,2.35,100.0,40,5.0,55.3,75.0,-19.7
70.41,21.47,8.12,3.28,8.67,100.0,70,0.5,70.58,75.0,-4.42
26.66,13.23,60.11,2.02,0.44,100.0,55,0.5,89.99,75.0,14.99
63.37,25.49,11.14,2.49,5.69,100.0,55,0.5,77.56,75.0,2.56
42.29,12.79,44.92,3.3,0.94,100.0,40,5.0,66.22,75.0,-8.78
31.71,37.1,31.19,0.85,1.02,100.0,40,0.5,73.81,75.0,-1.19
49.36,16.91,33.72,2.92,1.46,100.0,40,1.0,76.68,75.0,1.68
64.5,23.78,11.72,2.71,5.5,100.0,40,0.5,75.06,75.0,0.06
49.55,12.46,37.98,3.98,1.3,100.0,25,0.5,96.45,75.0,21.45
48.99,20.8,30.21,2.36,1.62,100.0,25,2.0,77.79,75.0,2.79
36.05,34.01,29.94,1.06,1.2,100.0,70,0.5,62.1,75.0,-12.9
41.68,45.4,12.92,0.92,3.23,100.0,55,5.0,36.41,75.0,-38.59
71.59,18.86,9.55,3.8,7.49,100.0,55,5.0,53.98,75.0,-21.02
44.41,28.54,27.05,1.56,1.64,100.0,70,1.0,68.23,75.0,-6.77
39.69,28.81,31.49,1.38,1.26,100.0,70,5.0,47.87,75.0,-27.13
47.24,44.94,7.82,1.05,6.04,100.0,70,5.0,35.86,75.0,-39.14
62.12,15.61,22.27,3.98,2.79,100.0,25,0.5,88.59,75.0,13.59
27.56,30.52,41.92,0.9,0.66,100.0,70,1.0,72.9,75.0,-2.1
31.79,36.83,31.38,0.86,1.01,100.0,55,5.0,47.63,75.0,-27.37
30.86,39.36,29.77,0.78,1.04,100.0,70,1.0,62.8,75.0,-12.2
30.53,10.38,59.09,2.94,0.52,100.0,40,1.0,94.14,75.0,19.14
54.06,26.12,19.82,2.07,2.73,100.0,55,2.0,66.53,75.0,-8.47
24.6,12.22,63.18,2.01,0.39,100.0,55,2.0,77.98,75.0,2.98
49.38,39.61,11.01,1.25,4.48,100.0,55,0.5,68.49,75.0,-6.51
58.68,31.71,9.6,1.85,6.11,100.0,25,5.0,54.17,75.0,-20.83
33.79,31.19,35.02,1.08,0.96,100.0,25,0.5,79.59,75.0,4.59
53.16,23.91,22.93,2.22,2.32,100.0,55,0.5,75.16,75.0,0.16
42.33,30.82,26.85,1.37,1.58,100.0,40,1.0,71.26,75.0,-3.74
48.38,21.38,30.24,2.26,1.6,100.0,55,1.0,79.6,75.0,4.6
28.47,26.73,44.79,1.07,0.64,100.0,25,1.0,83.72,75.0,8.72
54.25,38.57,7.18,1.41,7.55,100.0,40,0.5,70.57,75.0,-4.43
31.12,44.45,24.43,0.7,1.27,100.0,55,5.0,42.71,75.0,-32.29
36.72,16.19,47.09,2.27,0.78,100.0,25,0.5,92.59,75.0,17.59
33.12,28.06,38.82,1.18,0.85,100.0,40,0.5,79.13,75.0,4.13
30.97,26.32,42.71,1.18,0.73,100.0,70,0.5,73.82,75.0,-1.18
78.27,12.59,9.14,6.22,8.56,100.0,70,2.0,76.73,75.0,1.73
37.14,19.99,42.86,1.86,0.87,100.0,55,2.0,73.17,75.0,-1.83
67.34,13.2,19.47,5.1,3.46,100.0,70,5.0,59.82,75.0,-15.18
60.45,33.72,5.82,1.79,10.38,100.0,25,2.0,64.56,75.0,-10.44
54.28,26.73,19.0,2.03,2.86,100.0,40,0.5,75.71,75.0,0.71
28.58,46.44,24.98,0.62,1.14,100.0,55,2.0,53.28,75.0,-21.72
42.47,49.73,7.8,0.85,5.44,100.0,40,2.0,50.56,75.0,-24.44
67.86,14.24,17.89,4.76,3.79,100.0,40,0.5,88.71,75.0,13.71
42.04,19.32,38.63,2.18,1.09,100.0,40,5.0,58.29,75.0,-16.71
25.22,48.02,26.76,0.53,0.94,100.0,25,2.0,59.36,75.0,-15.64
40.94,13.68,45.38,2.99,0.9,100.0,55,0.5,86.86,75.0,11.86
70.71,13.91,15.38,5.08,4.6,100.0,70,0.5,74.87,75.0,-0.13
67.76,10.6,21.64,6.39,3.13,100.0,40,0.5,87.92,75.0,12.92
30.51,16.44,53.05,1.86,0.58,100.0,40,1.0,86.56,75.0,11.56
47.23,43.38,9.39,1.09,5.03,100.0,40,0.5,66.36,75.0,-8.64
33.23,17.2,49.57,1.93,0.67,100.0,25,2.0,82.3,75.0,7.3
33.09,30.1,36.81,1.1,0.9,100.0,70,2.0,65.64,75.0,-9.36
55.7,24.43,19.87,2.28,2.8,100.0,40,0.5,79.06,75.0,4.06
34.98,10.82,54.2,3.23,0.65,100.0,25,1.0,92.89,75.0,17.89
35.79,34.18,30.03,1.05,1.19,100.0,25,1.0,74.83,75.0,-0.17
20.04,21.08,58.88,0.95,0.34,100.0,40,1.0,85.91,75.0,10.91
40.16,31.74,28.1,1.27,1.43,100.0,40,2.0,65.56,75.0,-9.44
67.56,21.34,11.11,3.17,6.08,100.0,25,1.0,79.71,75.0,4.71
39.65,16.12,44.23,2.46,0.9,100.0,25,5.0,66.14,75.0,-8.86
75.39,12.65,11.96,5.96,6.3,100.0,40,5.0,63.35,75.0,-11.65
29.12,18.86,52.02,1.54,0.56,100.0,25,1.0,91.28,75.0,16.28
47.5,11.39,41.11,4.17,1.16,100.0,25,5.0,72.85,75.0,-2.15
41.07,26.37,32.56,1.56,1.26,100.0,40,0.5,75.9,75.0,0.9
25.63,21.57,52.81,1.19,0.49,100.0,40,1.0,80.38,75.0,5.38
49.17,42.36,8.47,1.16,5.8,100.0,55,1.0,61.31,75.0,-13.69
36.16,18.64,45.2,1.94,0.8,100.0,70,1.0,74.75,75.0,-0.25
22.4,28.28,49.32,0.79,0.45,100.0,40,0.5,77.46,75.0,2.46
37.49,34.26,28.25,1.09,1.33,100.0,40,0.5,77.38,75.0,2.38
32.45,34.17,33.38,0.95,0.97,100.0,40,1.0,69.58,75.0,-5.42
34.29,43.09,22.62,0.8,1.52,100.0,70,2.0,55.97,75.0,-19.03
79.34,15.11,5.54,5.25,14.32,100.0,55,2.0,77.74,75.0,2.74
48.08,21.02,30.9,2.29,1.56,100.0,25,5.0,61.18,75.0,-13.82
47.98,20.6,31.42,2.33,1.53,100.0,70,0.5,74.55,75.0,-0.45
60.22,22.5,17.29,2.68,3.48,100.0,40,5.0,57.15,75.0,-17.85
29.27,27.97,42.76,1.05,0.68,100.0,40,5.0,53.43,75.0,-21.57
49.24,27.6,23.16,1.78,2.13,100.0,55,1.0,72.36,75.0,-2.64
45.8,13.65,40.56,3.36,1.13,100.0,55,2.0,77.89,75.0,2.89
55.81,38.74,5.44,1.44,10.26,100.0,55,5.0,43.5,75.0,-31.5
47.81,30.58,21.61,1.56,2.21,100.0,25,1.0,79.95,75.0,4.95
66.17,17.88,15.95,3.7,4.15,100.0,70,0.5,80.03,75.0,5.03
43.87,26.51,29.62,1.65,1.48,100.0,70,5.0,51.87,75.0,-23.13
69.65,19.11,11.24,3.64,6.2,100.0,55,2.0,65.85,75.0,-9.15
30.24,33.35,36.4,0.91,0.83,100.0,25,0.5,79.12,75.0,4.12
21.83,24.86,53.31,0.88,0.41,100.0,70,1.0,79.1,75.0,4.1
32.27,27.96,39.78,1.15,0.81,100.0,40,0.5,69.88,75.0,-5.12
40.42,31.49,28.09,1.28,1.44,100.0,40,5.0,54.84,75.0,-20.16
50.63,18.14,31.22,2.79,1.62,100.0,40,0.5,84.45,75.0,9.45
56.91,16.23,26.86,3.51,2.12,100.0,70,0.5,77.28,75.0,2.28
56.8,33.55,9.65,1.69,5.89,100.0,55,0.5,71.38,75.0,-3.62
50.59,27.35,22.06,1.85,2.29,100.0,40,2.0,75.19,75.0,0.19
50.08,26.48,23.44,1.89,2.14,100.0,55,5.0,55.13,75.0,-19.87
23.01,11.42,65.56,2.01,0.35,100.0,25,1.0,92.45,75.0,17.45
22.09,29.92,47.99,0.74,0.46,100.0,40,2.0,68.02,75.0,-6.98
53.07,32.17,14.76,1.65,3.59,100.0,25,5.0,54.39,75.0,-20.61
46.29,32.35,21.36,1.43,2.17,100.0,55,1.0,71.11,75.0,-3.89
36.35,41.59,22.05,0.87,1.65,100.0,70,1.0,57.93,75.0,-17.07
29.64,17.1,53.26,1.73,0.56,100.0,55,1.0,81.49,75.0,6.49
21.5,20.09,58.41,1.07,0.37,100.0,40,5.0,72.25,75.0,-2.75
46.94,42.43,10.63,1.11,4.42,100.0,40,1.0,66.6,75.0,-8.4
34.25,47.89,17.86,0.72,1.92,100.0,55,1.0,60.72,75.0,-14.28
22.98,15.44,61.59,1.49,0.37,100.0,40,2.0,77.97,75.0,2.97
63.48,29.91,6.62,2.12,9.59,100.0,40,1.0,69.61,75.0,-5.39
26.7,18.57,54.74,1.44,0.49,100.0,25,0.5,90.2,75.0,15.2
56.5,12.4,31.1,4.55,1.82,100.0,70,2.0,72.42,75.0,-2.58
36.86,23.02,40.12,1.6,0.92,100.0,55,2.0,76.7,75.0,1.7
30.41,15.75,53.84,1.93,0.56,100.0,25,5.0,73.59,75.0,-1.41
42.79,38.4,18.82,1.11,2.27,100.0,40,1.0,65.4,75.0,-9.6
36.45,36.25,27.3,1.01,1.34,100.0,25,0.5,80.21,75.0,5.21
43.53,15.75,40.72,2.76,1.07,100.0,70,0.5,81.53,75.0,6.53
65.05,10.37,24.58,6.27,2.65,100.0,55,1.0,91.97,75.0,16.97
27.53,42.33,30.14,0.65,0.91,100.0,70,1.0,59.82,75.0,-15.18
66.37,17.05,16.59,3.89,4.0,100.0,70,5.0,57.45,75.0,-17.55
34.22,34.25,31.54,1.0,1.08,100.0,25,0.5,80.88,75.0,5.88
60.64,23.48,15.88,2.58,3.82,100.0,25,2.0,78.99,75.0,3.99
53.95,33.42,12.63,1.61,4.27,100.0,70,5.0,45.4,75.0,-29.6
26.81,34.35,38.84,0.78,0.69,100.0,40,5.0,51.41,75.0,-23.59
43.24,13.48,43.28,3.21,1.0,100.0,55,2.0,80.44,75.0,5.44
23.97,18.92,57.11,1.27,0.42,100.0,40,5.0,62.02,75.0,-12.98
21.15,17.52,61.33,1.21,0.34,100.0,40,1.0,86.32,75.0,11.32
26.84,26.47,46.69,1.01,0.57,100.0,55,2.0,66.81,75.0,-8.19
51.48,36.33,12.18,1.42,4.23,100.0,25,2.0,60.44,75.0,-14.56
66.51,20.55,12.93,3.24,5.14,100.0,40,0.5,81.56,75.0,6.56
34.07,10.48,55.45,3.25,0.61,100.0,25,2.0,91.99,75.0,16.99
40.71,30.76,28.54,1.32,1.43,100.0,55,5.0,53.1,75.0,-21.9
21.81,34.23,43.96,0.64,0.5,100.0,40,0.5,74.69,75.0,-0.31
40.86,28.95,30.19,1.41,1.35,100.0,25,5.0,62.99,75.0,-12.01
60.07,33.58,6.35,1.79,9.46,100.0,25,1.0,70.42,75.0,-4.58
65.77,26.58,7.65,2.47,8.6,100.0,40,1.0,68.4,75.0,-6.6
35.93,32.94,31.13,1.09,1.15,100.0,55,0.5,65.01,75.0,-9.99
52.4,34.6,12.99,1.51,4.03,100.0,70,0.5,62.03,75.0,-12.97
26.16,19.2,54.64,1.36,0.48,100.0,25,5.0,69.47,75.0,-5.53
39.05,22.92,38.03,1.7,1.03,100.0,55,1.0,74.85,75.0,-0.15
70.89,19.49,9.62,3.64,7.37,100.0,40,0.5,83.2,75.0,8.2
71.13,10.23,18.64,6.95,3.82,100.0,25,1.0,94.64,75.0,19.64
56.08,36.05,7.87,1.56,7.13,100.0,25,1.0,67.25,75.0,-7.75
44.86,16.03,39.11,2.8,1.15,100.0,25,1.0,89.12,75.0,14.12
36.65,30.13,33.22,1.22,1.1,100.0,55,5.0,52.85,75.0,-22.15
36.9,12.71,50.39,2.9,0.73,100.0,25,5.0,68.56,75.0,-6.44
30.19,13.96,55.85,2.16,0.54,100.0,25,1.0,94.87,75.0,19.87
20.62,42.24,37.14,0.49,0.56,100.0,40,1.0,65.28,75.0,-9.72
62.96,21.58,15.46,2.92,4.07,100.0,25,1.0,80.29,75.0,5.29
30.51,44.36,25.13,0.69,1.21,100.0,55,2.0,61.79,75.0,-13.21
57.36,27.06,15.57,2.12,3.68,100.0,40,2.0,71.18,75.0,-3.82
48.43,13.07,38.5,3.71,1.26,100.0,70,5.0,63.48,75.0,-11.52
38.71,43.81,17.48,0.88,2.21,100.0,40,1.0,67.15,75.0,-7.85
40.4,31.02,28.58,1.3,1.41,100.0,25,2.0,69.19,75.0,-5.81
24.74,37.66,37.6,0.66,0.66,100.0,70,0.5,69.65,75.0,-5.35
46.57,45.33,8.1,1.03,5.75,100.0,40,0.5,62.07,75.0,-12.93
35.66,29.83,34.51,1.2,1.03,100.0,25,1.0,75.94,75.0,0.94
40.6,22.53,36.87,1.8,1.1,100.0,40,2.0,74.1,75.0,-0.9
58.91,14.26,26.83,4.13,2.2,100.0,55,0.5,82.34,75.0,7.34
76.13,18.8,5.07,4.05,15.02,100.0,25,5.0,64.81,75.0,-10.19
31.14,25.54,43.31,1.22,0.72,100.0,55,0.5,78.75,75.0,3.75
42.35,44.63,13.02,0.95,3.25,100.0,25,5.0,43.59,75.0,-31.41
21.7,29.81,48.5,0.73,0.45,100.0,55,0.5,77.51,75.0,2.51
23.71,26.15,50.14,0.91,0.47,100.0,70,0.5,74.38,75.0,-0.62
25.54,18.59,55.87,1.37,0.46,100.0,55,2.0,75.59,75.0,0.59
29.77,24.24,45.99,1.23,0.65,100.0,40,0.5,82.28,75.0,7.28
55.71,21.36,22.92,2.61,2.43,100.0,25,0.5,86.23,75.0,11.23
29.03,17.04,53.93,1.7,0.54,100.0,40,5.0,66.63,75.0,-8.37
20.89,34.37,44.74,0.61,0.47,100.0,55,5.0,48.33,75.0,-26.67
46.8,20.08,33.11,2.33,1.41,100.0,25,0.5,89.29,75.0,14.29
50.09,28.17,21.74,1.78,2.3,100.0,55,1.0,70.79,75.0,-4.21
34.8,25.43,39.77,1.37,0.88,100.0,70,0.5,72.71,75.0,-2.29
27.76,21.0,51.24,1.32,0.54,100.0,70,0.5,74.52,75.0,-0.48
59.71,25.64,14.64,2.33,4.08,100.0,70,2.0,67.46,75.0,-7.54
65.07,13.2,21.73,4.93,2.99,100.0,55,0.5,84.47,75.0,9.47
65.23,13.59,21.17,4.8,3.08,100.0,55,0.5,84.73,75.0,9.73
54.67,33.63,11.7,1.63,4.67,100.0,70,5.0,46.77,75.0,-28.23
35.1,38.67,26.23,0.91,1.34,100.0,55,5.0,43.12,75.0,-31.88
45.77,33.8,20.43,1.35,2.24,100.0,40,5.0,46.26,75.0,-28.74
65.42,27.27,7.3,2.4,8.96,100.0,55,5.0,50.85,75.0,-24.15
23.34,12.16,64.51,1.92,0.36,100.0,40,0.5,93.36,75.0,18.36
20.41,30.66,48.93,0.67,0.42,100.0,70,1.0,68.64,75.0,-6.36
32.75,30.19,37.06,1.08,0.88,100.0,55,2.0,70.99,75.0,-4.01
59.81,15.98,24.21,3.74,2.47,100.0,70,2.0,64.77,75.0,-10.23
44.67,14.15,41.17,3.16,1.08,100.0,25,1.0,92.57,75.0,17.57
44.14,14.94,40.91,2.95,1.08,100.0,55,1.0,85.0,75.0,10.0
73.08,14.04,12.88,5.2,5.67,100.0,55,2.0,76.83,75.0,1.83
49.25,22.99,27.76,2.14,1.77,100.0,70,0.5,65.17,75.0,-9.83
74.55,17.86,7.59,4.17,9.82,100.0,70,2.0,73.11,75.0,-1.89
38.83,20.06,41.11,1.94,0.94,100.0,70,1.0,72.99,75.0,-2.01
61.46,16.94,21.59,3.63,2.85,100.0,25,0.5,86.28,75.0,11.28
36.3,48.31,15.39,0.75,2.36,100.0,25,2.0,57.21,75.0,-17.79
31.44,44.18,24.38,0.71,1.29,100.0,70,0.5,61.23,75.0,-13.77
31.08,19.22,49.7,1.62,0.63,100.0,55,0.5,84.93,75.0,9.93
40.53,23.1,36.37,1.75,1.11,100.0,55,1.0,79.14,75.0,4.14
45.8,18.4,35.81,2.49,1.28,100.0,70,5.0,59.15,75.0,-15.85
28.28,11.01,60.7,2.57,0.47,100.0,40,2.0,86.12,75.0,11.12
27.19,10.78,62.02,2.52,0.44,100.0,25,1.0,94.9,75.0,19.9
54.85,22.75,22.4,2.41,2.45,100.0,25,2.0,73.04,75.0,-1.96
51.89,30.93,17.19,1.68,3.02,100.0,40,5.0,49.82,75.0,-25.18
37.28,45.95,16.78,0.81,2.22,100.0,70,5.0,38.2,75.0,-36.8
49.57,16.58,33.86,2.99,1.46,100.0,55,5.0,63.29,75.0,-11.71
38.0,42.16,19.84,0.9,1.92,100.0,55,5.0,43.64,75.0,-31.36
55.77,18.59,25.64,3.0,2.17,100.0,25,2.0,78.01,75.0,3.01
46.03,15.09,38.88,3.05,1.18,100.0,40,0.5,90.56,75.0,15.56
29.86,25.94,44.19,1.15,0.68,100.0,55,0.5,74.28,75.0,-0.72
26.99,16.81,56.2,1.61,0.48,100.0,25,5.0,72.09,75.0,-2.91
52.8,20.19,27.01,2.62,1.95,100.0,55,5.0,56.79,75.0,-18.21
74.14,20.53,5.33,3.61,13.92,100.0,55,0.5,82.71,75.0,7.71
40.64,32.25,27.11,1.26,1.5,100.0,55,1.0,64.57,75.0,-10.43
63.98,26.46,9.56,2.42,6.69,100.0,25,5.0,62.73,75.0,-12.27
37.67,43.38,18.95,0.87,1.99,100.0,40,0.5,64.95,75.0,-10.05
75.89,15.05,9.05,5.04,8.38,100.0,70,1.0,75.23,75.0,0.23
20.82,26.81,52.37,0.78,0.4,100.0,40,0.5,81.55,75.0,6.55
54.0,19.23,26.78,2.81,2.02,100.0,55,1.0,76.13,75.0,1.13
24.66,33.08,42.26,0.75,0.58,100.0,40,2.0,67.85,75.0,-7.15
43.5,44.92,11.58,0.97,3.76,100.0,55,1.0,56.5,75.0,-18.5
43.97,15.72,40.31,2.8,1.09,100.0,25,5.0,65.92,75.0,-9.08
39.61,44.32,16.08,0.89,2.46,100.0,25,1.0,67.05,75.0,-7.95
20.65,22.35,57.0,0.92,0.36,100.0,25,1.0,82.35,75.0,7.35
29.24,44.54,26.22,0.66,1.12,100.0,55,5.0,38.14,75.0,-36.86
42.61,24.86,32.53,1.71,1.31,100.0,40,2.0,68.73,75.0,-6.27
26.27,28.87,44.86,0.91,0.59,100.0,70,1.0,68.77,75.0,-6.23
54.61,29.83,15.56,1.83,3.51,100.0,70,2.0,65.61,75.0,-9.39
47.84,39.29,12.87,1.22,3.72,100.0,25,0.5,68.75,75.0,-6.25
27.12,13.51,59.37,2.01,0.46,100.0,70,0.5,82.78,75.0,7.78
57.69,18.36,23.95,3.14,2.41,100.0,55,5.0,59.13,75.0,-15.87
32.88,45.83,21.29,0.72,1.54,100.0,40,2.0,55.93,75.0,-19.07
24.03,12.31,63.65,1.95,0.38,100.0,70,5.0,70.43,75.0,-4.57
55.69,15.63,28.68,3.56,1.94,100.0,70,5.0,57.44,75.0,-17.56
52.83,41.01,6.16,1.29,8.58,100.0,40,1.0,64.92,75.0,-10.08
21.95,27.49,50.56,0.8,0.43,100.0,70,0.5,77.14,75.0,2.14
59.52,26.14,14.33,2.28,4.15,100.0,40,5.0,57.91,75.0,-17.09
51.94,15.48,32.58,3.36,1.59,100.0,55,1.0,82.12,75.0,7.12
26.2,30.27,43.53,0.87,0.6,100.0,55,1.0,71.68,75.0,-3.32
30.35,15.06,54.59,2.01,0.56,100.0,55,2.0,84.99,75.0,9.99
54.08,29.06,16.86,1.86,3.21,100.0,25,0.5,78.54,75.0,3.54
37.78,40.54,21.67,0.93,1.74,100.0,55,2.0,56.46,75.0,-18.54
33.87,27.32,38.81,1.24,0.87,100.0,70,2.0,63.82,75.0,-11.18
40.63,17.68,41.69,2.3,0.97,100.0,25,5.0,61.61,75.0,-13.39
72.01,15.48,12.51,4.65,5.76,100.0,25,2.0,82.88,75.0,7.88
35.58,37.47,26.95,0.95,1.32,100.0,25,5.0,44.42,75.0,-30.58
71.65,17.92,10.42,4.0,6.87,100.0,55,2.0,72.48,75.0,-2.52
45.87,26.59,27.53,1.72,1.67,100.0,25,1.0,78.52,75.0,3.52
40.85,40.71,18.43,1.0,2.22,100.0,55,0.5,71.56,75.0,-3.44
23.02,11.62,65.36,1.98,0.35,100.0,55,0.5,84.41,75.0,9.41
23.17,14.92,61.92,1.55,0.37,100.0,25,0.5,90.55,75.0,15.55
61.52,18.12,20.36,3.39,3.02,100.0,25,1.0,83.94,75.0,8.94
47.48,26.08,26.45,1.82,1.8,100.0,70,1.0,69.8,75.0,-5.2
33.59,43.83,22.58,0.77,1.49,100.0,25,2.0,59.93,75.0,-15.07
56.84,23.85,19.31,2.38,2.94,100.0,55,2.0,68.99,75.0,-6.01
35.17,36.18,28.64,0.97,1.23,100.0,70,2.0,54.76,75.0,-20.24
54.66,38.37,6.97,1.42,7.84,100.0,70,2.0,55.91,75.0,-19.09
41.55,33.45,25.0,1.24,1.66,100.0,55,0.5,63.62,75.0,-11.38
69.41,24.29,6.3,2.86,11.02,100.0,25,2.0,73.55,75.0,-1.45
65.19,11.03,23.77,5.91,2.74,100.0,25,1.0,87.85,75.0,12.85
48.64,23.69,27.67,2.05,1.76,100.0,40,1.0,81.23,75.0,6.23
41.05,13.35,45.6,3.07,0.9,100.0,25,1.0,95.48,75.0,20.48
41.75,49.71,8.53,0.84,4.89,100.0,40,5.0,37.06,75.0,-37.94
68.34,15.09,16.57,4.53,4.12,100.0,70,5.0,61.27,75.0,-13.73
39.69,12.89,47.42,3.08,0.84,100.0,70,5.0,60.77,75.0,-14.23
32.54,45.14,22.32,0.72,1.46,100.0,70,2.0,48.73,75.0,-26.27
25.08,22.07,52.85,1.14,0.47,100.0,40,0.5,89.57,75.0,14.57
48.0,36.01,15.99,1.33,3.0,100.0,55,0.5,69.45,75.0,-5.55
48.93,23.16,27.91,2.11,1.75,100.0,55,2.0,70.59,75.0,-4.41
53.2,10.81,35.98,4.92,1.48,100.0,70,2.0,79.09,75.0,4.09
33.27,20.48,46.24,1.62,0.72,100.0,40,5.0,63.11,75.0,-11.89
42.86,23.72,33.42,1.81,1.28,100.0,40,1.0,78.53,75.0,3.53
68.5,26.43,5.07,2.59,13.52,100.0,70,1.0,64.03,75.0,-10.97
41.74,34.89,23.37,1.2,1.79,100.0,25,5.0,52.1,75.0,-22.9
43.08,30.46,26.46,1.41,1.63,100.0,70,5.0,49.19,75.0,-25.81
41.9,36.47,21.63,1.15,1.94,100.0,40,0.5,70.77,75.0,-4.23
38.2,11.68,50.13,3.27,0.76,100.0,25,5.0,74.55,75.0,-0.45
49.02,12.05,38.93,4.07,1.26,100.0,55,1.0,85.61,75.0,10.61
27.12,33.37,39.51,0.81,0.69,100.0,25,1.0,72.96,75.0,-2.04
22.35,22.8,54.84,0.98,0.41,100.0,55,2.0,69.57,75.0,-5.43
61.03,11.97,27.0,5.1,2.26,100.0,40,0.5,88.35,75.0,13.35
51.89,32.94,15.17,1.58,3.42,100.0,70,2.0,57.89,75.0,-17.11
21.96,44.15,33.9,0.5,0.65,100.0,70,0.5,62.0,75.0,-13.0
48.54,19.68,31.79,2.47,1.53,100.0,70,2.0,68.25,75.0,-6.75
44.46,45.05,10.48,0.99,4.24,100.0,70,0.5,56.17,75.0,-18.83
29.67,10.76,59.57,2.76,0.5,100.0,70,5.0,67.58,75.0,-7.42
60.52,20.36,19.12,2.97,3.16,100.0,40,1.0,80.11,75.0,5.11
52.94,40.18,6.88,1.32,7.69,100.0,40,5.0,42.45,75.0,-32.55
53.73,36.29,9.98,1.48,5.38,100.0,70,0.5,64.15,75.0,-10.85
62.89,27.56,9.55,2.28,6.58,100.0,25,0.5,83.3,75.0,8.3
24.11,11.8,64.1,2.04,0.38,100.0,70,2.0,80.03,75.0,5.03
45.06,46.8,8.14,0.96,5.54,100.0,55,0.5,61.33,75.0,-13.67
26.98,28.81,44.21,0.94,0.61,100.0,55,5.0,51.0,75.0,-24.0
56.77,11.16,32.07,5.09,1.77,100.0,55,0.5,89.97,75.0,14.97
60.87,12.33,26.81,4.94,2.27,100.0,55,0.5,92.51,75.0,17.51
59.71,29.27,11.02,2.04,5.42,100.0,70,2.0,59.24,75.0,-15.76
24.61,14.97,60.42,1.64,0.41,100.0,55,0.5,83.51,75.0,8.51
41.28,18.57,40.15,2.22,1.03,100.0,25,2.0,81.54,75.0,6.54
53.04,12.58,34.38,4.22,1.54,100.0,70,1.0,83.26,75.0,8.26
44.19,32.97,22.84,1.34,1.94,100.0,55,2.0,62.93,75.0,-12.07
22.28,47.16,30.56,0.47,0.73,100.0,70,0.5,55.38,75.0,-19.62
56.33,18.9,24.77,2.98,2.27,100.0,70,1.0,74.92,75.0,-0.08
20.21,38.87,40.92,0.52,0.49,100.0,70,0.5,67.18,75.0,-7.82
42.41,44.44,13.15,0.95,3.22,100.0,40,2.0,55.99,75.0,-19.01
35.32,34.62,30.05,1.02,1.18,100.0,55,5.0,49.59,75.0,-25.41
26.35,10.51,63.14,2.51,0.42,100.0,40,1.0,94.45,75.0,19.45
41.29,37.81,20.9,1.09,1.98,100.0,25,5.0,51.34,75.0,-23.66
44.79,26.72,28.49,1.68,1.57,100.0,25,5.0,59.06,75.0,-15.94
60.55,32.62,6.83,1.86,8.87,100.0,40,1.0,72.34,75.0,-2.66
26.35,16.86,56.79,1.56,0.46,100.0,55,5.0,60.31,75.0,-14.69
24.21,24.01,51.78,1.01,0.47,100.0,70,5.0,51.51,75.0,-23.49
43.72,46.68,9.6,0.94,4.55,100.0,25,5.0,42.48,75.0,-32.52
30.91,15.36,53.73,2.01,0.58,100.0,25,5.0,68.15,75.0,-6.85
29.41,36.86,33.73,0.8,0.87,100.0,25,1.0,70.16,75.0,-4.84
69.64,10.17,20.19,6.84,3.45,100.0,55,0.5,91.89,75.0,16.89
22.51,46.99,30.5,0.48,0.74,100.0,40,5.0,48.68,75.0,-26.32
45.15,14.5,40.35,3.11,1.12,100.0,40,1.0,84.82,75.0,9.82
30.09,13.8,56.11,2.18,0.54,100.0,55,1.0,85.23,75.0,10.23
36.68,40.86,22.46,0.9,1.63,100.0,25,1.0,68.08,75.0,-6.92
53.42,24.94,21.63,2.14,2.47,100.0,55,1.0,77.03,75.0,2.03
33.88,18.57,47.55,1.82,0.71,100.0,55,2.0,79.67,75.0,4.67
50.15,33.4,16.45,1.5,3.05,100.0,40,0.5,67.43,75.0,-7.57
63.89,27.72,8.39,2.31,7.61,100.0,55,0.5,74.37,75.0,-0.63
77.49,11.37,11.15,6.82,6.95,100.0,55,5.0,58.24,75.0,-16.76
33.23,22.79,43.99,1.46,0.76,100.0,25,1.0,88.72,75.0,13.72
73.42,18.94,7.64,3.88,9.6,100.0,70,2.0,69.83,75.0,-5.17
53.0,13.23,33.77,4.0,1.57,100.0,25,1.0,86.64,75.0,11.64
44.8,45.0,10.2,1.0,4.39,100.0,40,5.0,40.8,75.0,-34.2
24.36,44.35,31.29,0.55,0.78,100.0,70,0.5,59.72,75.0,-15.28
57.79,22.44,19.77,2.58,2.92,100.0,25,5.0,62.85,75.0,-12.15
44.19,13.99,41.82,3.16,1.06,100.0,55,5.0,66.52,75.0,-8.48
65.14,20.9,13.96,3.12,4.67,100.0,55,5.0,52.32,75.0,-22.68
62.85,26.14,11.01,2.4,5.71,100.0,70,5.0,54.32,75.0,-20.68
22.4,15.64,61.96,1.43,0.36,100.0,70,5.0,66.07,75.0,-8.93
45.71,29.75,24.54,1.54,1.86,100.0,55,5.0,48.0,75.0,-27.0
63.89,10.39,25.72,6.15,2.48,100.0,40,5.0,67.52,75.0,-7.48
69.47,15.6,14.93,4.45,4.65,100.0,25,0.5,93.2,75.0,18.2
28.79,22.88,48.33,1.26,0.6,100.0,55,0.5,84.01,75.0,9.01
56.84,32.28,10.87,1.76,5.23,100.0,25,1.0,72.48,75.0,-2.52
52.42,13.0,34.58,4.03,1.52,100.0,25,1.0,91.8,75.0,16.8
50.62,44.12,5.27,1.15,9.61,100.0,25,2.0,68.64,75.0,-6.36
45.88,24.6,29.52,1.86,1.55,100.0,25,2.0,76.04,75.0,1.04
42.74,46.5,10.75,0.92,3.97,100.0,40,0.5,61.13,75.0,-13.87
46.03,22.6,31.37,2.04,1.47,100.0,40,0.5,82.33,75.0,7.33
35.07,40.22,24.71,0.87,1.42,100.0,40,2.0,62.06,75.0,-12.94
55.6,30.95,13.46,1.8,4.13,100.0,55,0.5,69.61,75.0,-5.39
49.04,35.07,15.89,1.4,3.09,100.0,55,2.0,62.36,75.0,-12.64
50.85,35.52,13.63,1.43,3.73,100.0,55,1.0,61.74,75.0,-13.26
38.51,35.15,26.34,1.1,1.46,100.0,40,0.5,70.53,75.0,-4.47
54.38,32.15,13.47,1.69,4.04,100.0,25,0.5,78.62,75.0,3.62
39.51,49.46,11.03,0.8,3.58,100.0,40,2.0,48.22,75.0,-26.78
22.36,39.29,38.35,0.57,0.58,100.0,55,5.0,48.04,75.0,-26.96
36.32,41.08,22.6,0.88,1.61,100.0,70,5.0,33.47,75.0,-41.53
20.38,44.9,34.72,0.45,0.59,100.0,55,1.0,55.85,75.0,-19.15
34.0,29.41,36.58,1.16,0.93,100.0,25,0.5,79.07,75.0,4.07
77.94,13.35,8.7,5.84,8.96,100.0,40,0.5,86.88,75.0,11.88
43.71,29.32,26.97,1.49,1.62,100.0,70,2.0,67.15,75.0,-7.85
63.7,30.56,5.73,2.08,11.11,100.0,70,5.0,45.35,75.0,-29.65
40.75,43.17,16.08,0.94,2.53,100.0,25,5.0,45.65,75.0,-29.35
60.27,27.75,11.98,2.17,5.03,100.0,40,1.0,75.51,75.0,0.51
32.05,45.08,22.87,0.71,1.4,100.0,70,5.0,34.12,75.0,-40.88
31.16,17.24,51.6,1.81,0.6,100.0,55,5.0,62.51,75.0,-12.49
44.01,11.53,44.46,3.82,0.99,100.0,25,5.0,67.78,75.0,-7.22
38.67,16.64,44.69,2.32,0.87,100.0,70,2.0,74.07,75.0,-0.93
35.96,43.12,20.92,0.83,1.72,100.0,25,5.0,46.52,75.0,-28.48
46.98,15.98,37.04,2.94,1.27,100.0,40,1.0,82.1,75.0,7.1
21.55,33.77,44.68,0.64,0.48,100.0,40,5.0,53.32,75.0,-21.68
56.21,33.74,10.04,1.67,5.6,100.0,40,1.0,69.86,75.0,-5.14
59.57,16.57,23.86,3.6,2.5,100.0,55,2.0,78.32,75.0,3.32
61.28,14.94,23.78,4.1,2.58,100.0,70,2.0,68.1,75.0,-6.9
27.22,49.2,23.57,0.55,1.15,100.0,40,1.0,59.69,75.0,-15.31
35.29,41.89,22.82,0.84,1.55,100.0,55,2.0,54.68,75.0,-20.32
30.87,19.1,50.03,1.62,0.62,100.0,40,0.5,88.74,75.0,13.74
57.37,16.85,25.78,3.4,2.22,100.0,40,0.5,87.54,75.0,12.54
33.36,36.7,29.94,0.91,1.11,100.0,70,0.5,67.32,75.0,-7.68
38.43,34.38,27.19,1.12,1.41,100.0,55,0.5,68.04,75.0,-6.96
52.79,35.74,11.47,1.48,4.6,100.0,40,0.5,73.28,75.0,-1.72
45.03,13.52,41.45,3.33,1.09,100.0,55,2.0,74.09,75.0,-0.91
29.61,45.74,24.65,0.65,1.2,100.0,55,1.0,54.24,75.0,-20.76
30.26,25.57,44.17,1.18,0.68,100.0,40,2.0,69.69,75.0,-5.31
45.09,22.53,32.38,2.0,1.39,100.0,40,5.0,59.36,75.0,-15.64
65.44,28.49,6.07,2.3,10.78,100.0,25,0.5,80.19,75.0,5.19
29.7,36.3,34.0,0.82,0.87,100.0,70,0.5,57.56,75.0,-17.44
25.05,44.54,30.41,0.56,0.82,100.0,40,2.0,62.83,75.0,-12.17
43.59,47.17,9.24,0.92,4.71,100.0,25,5.0,43.3,75.0,-31.7
26.01,22.14,51.85,1.18,0.5,100.0,70,2.0,65.98,75.0,-9.02
21.0,44.56,34.45,0.47,0.61,100.0,40,1.0,64.56,75.0,-10.44
37.57,17.78,44.65,2.11,0.84,100.0,55,0.5,86.79,75.0,11.79
60.77,25.63,13.6,2.37,4.47,100.0,70,2.0,66.22,75.0,-8.78
29.78,19.83,50.39,1.5,0.59,100.0,55,1.0,83.46,75.0,8.46
34.03,33.08,32.89,1.03,1.03,100.0,25,0.5,73.54,75.0,-1.46
21.42,20.98,57.6,1.02,0.37,100.0,40,0.5,84.33,75.0,9.33
38.93,47.86,13.21,0.81,2.95,100.0,25,0.5,62.54,75.0,-12.46
78.48,10.21,11.31,7.68,6.94,100.0,40,5.0,71.13,75.0,-3.87
28.13,32.59,39.28,0.86,0.72,100.0,40,2.0,70.03,75.0,-4.97
33.89,23.57,42.54,1.44,0.8,100.0,55,0.5,87.8,75.0,12.8
67.55,19.86,12.59,3.4,5.37,100.0,25,0.5,83.45,75.0,8.45
27.83,36.73,35.44,0.76,0.79,100.0,55,1.0,64.66,75.0,-10.34
45.18,44.06,10.76,1.03,4.2,100.0,55,2.0,53.81,75.0,-21.19
23.04,34.37,42.59,0.67,0.54,100.0,55,1.0,73.34,75.0,-1.66
22.36,44.13,33.51,0.51,0.67,100.0,25,2.0,61.36,75.0,-13.64
54.44,20.58,24.98,2.64,2.18,100.0,40,0.5,82.96,75.0,7.96
43.57,30.78,25.65,1.42,1.7,100.0,40,5.0,53.31,75.0,-21.69
21.72,28.02,50.26,0.78,0.43,100.0,25,1.0,80.53,75.0,5.53
55.0,10.47,34.54,5.25,1.59,100.0,40,5.0,66.17,75.0,-8.83
20.68,32.27,47.05,0.64,0.44,100.0,25,5.0,56.7,75.0,-18.3
38.3,28.28,33.42,1.35,1.15,100.0,25,5.0,58.01,75.0,-16.99
38.39,33.68,27.94,1.14,1.37,100.0,40,2.0,66.2,75.0,-8.8
22.42,39.45,38.13,0.57,0.59,100.0,70,2.0,60.03,75.0,-14.97
55.3,32.85,11.85,1.68,4.67,100.0,55,5.0,52.47,75.0,-22.53
43.86,12.67,43.47,3.46,1.01,100.0,25,0.5,90.46,75.0,15.46
78.43,14.66,6.91,5.35,11.34,100.0,25,0.5,86.75,75.0,11.75
52.65,33.86,13.49,1.55,3.9,100.0,70,5.0,41.17,75.0,-33.83
36.51,21.0,42.49,1.74,0.86,100.0,25,1.0,85.11,75.0,10.11
62.57,13.19,24.25,4.74,2.58,100.0,25,1.0,86.58,75.0,11.58
36.29,27.18,36.53,1.33,0.99,100.0,40,2.0,72.34,75.0,-2.66
24.1,27.93,47.97,0.86,0.5,100.0,40,1.0,80.56,75.0,5.56
42.48,23.15,34.37,1.84,1.24,100.0,70,0.5,68.15,75.0,-6.85
52.99,38.82,8.19,1.37,6.47,100.0,25,5.0,50.12,75.0,-24.88
23.03,35.75,41.21,0.64,0.56,100.0,55,1.0,66.72,75.0,-8.28
45.57,23.31,31.12,1.95,1.46,100.0,40,5.0,60.17,75.0,-14.83
20.76,47.5,31.74,0.44,0.65,100.0,55,1.0,56.23,75.0,-18.77
41.6,23.13,35.27,1.8,1.18,100.0,55,2.0,74.92,75.0,-0.08
33.46,35.5,31.04,0.94,1.08,100.0,70,0.5,69.5,75.0,-5.5
33.56,32.14,34.3,1.04,0.98,100.0,70,2.0,63.64,75.0,-11.36
69.04,10.46,20.51,6.6,3.37,100.0,25,5.0,72.11,75.0,-2.89
54.88,28.32,16.8,1.94,3.27,100.0,70,0.5,68.12,75.0,-6.88
25.72,25.04,49.24,1.03,0.52,100.0,40,0.5,80.04,75.0,5.04
47.0,47.7,5.29,0.99,8.88,100.0,25,2.0,59.39,75.0,-15.61
40.25,42.72,17.03,0.94,2.36,100.0,25,1.0,64.5,75.0,-10.5
41.11,32.77,26.12,1.25,1.57,100.0,55,2.0,68.01,75.0,-6.99
25.01,20.09,54.9,1.25,0.46,100.0,55,5.0,59.46,75.0,-15.54
32.67,18.15,49.18,1.8,0.66,100.0,55,1.0,82.72,75.0,7.72
65.15,23.62,11.24,2.76,5.8,100.0,25,2.0,80.89,75.0,5.89
23.08,29.06,47.86,0.79,0.48,100.0,70,2.0,63.32,75.0,-11.68
49.55,21.84,28.61,2.27,1.73,100.0,70,1.0,73.78,75.0,-1.22
46.53,30.6,22.88,1.52,2.03,100.0,70,1.0,70.03,75.0,-4.97
40.06,16.61,43.32,2.41,0.92,100.0,25,1.0,90.56,75.0,15.56
43.67,49.11,7.22,0.89,6.05,100.0,25,2.0,55.36,75.0,-19.64
51.8,14.32,33.89,3.62,1.53,100.0,25,1.0,86.82,75.0,11.82
29.68,47.28,23.04,0.63,1.29,100.0,25,1.0,63.51,75.0,-11.49
33.96,37.7,28.34,0.9,1.2,100.0,25,1.0,75.78,75.0,0.78
57.01,33.69,9.3,1.69,6.13,100.0,70,0.5,65.01,75.0,-9.99
45.23,16.33,38.44,2.77,1.18,100.0,25,5.0,67.65,75.0,-7.35
29.23,27.44,43.32,1.07,0.67,100.0,70,1.0,69.84,75.0,-5.16
28.95,35.2,35.84,0.82,0.81,100.0,25,5.0,56.06,75.0,-18.94
36.09,23.62,40.29,1.53,0.9,100.0,70,1.0,73.96,75.0,-1.04
41.66,22.05,36.29,1.89,1.15,100.0,40,1.0,77.19,75.0,2.19
44.51,33.13,22.36,1.34,1.99,100.0,40,0.5,70.64,75.0,-4.36
60.78,29.93,9.29,2.03,6.54,100.0,70,0.5,62.49,75.0,-12.51
23.4,33.18,43.42,0.71,0.54,100.0,40,1.0,70.62,75.0,-4.38
22.08,21.47,56.45,1.03,0.39,100.0,40,1.0,85.0,75.0,10.0
43.51,24.68,31.81,1.76,1.37,100.0,70,1.0,75.88,75.0,0.88
61.83,13.36,24.81,4.63,2.49,100.0,25,5.0,70.19,75.0,-4.81
31.61,12.09,56.3,2.61,0.56,100.0,25,1.0,93.83,75.0,18.83
58.49,20.14,21.37,2.9,2.74,100.0,70,5.0,53.66,75.0,-21.34
35.59,12.97,51.44,2.74,0.69,100.0,55,0.5,89.89,75.0,14.89
73.17,14.15,12.68,5.17,5.77,100.0,55,5.0,61.22,75.0,-13.78
25.93,16.7,57.36,1.55,0.45,100.0,40,1.0,91.46,75.0,16.46
37.84,11.55,50.61,3.27,0.75,100.0,55,0.5,88.18,75.0,13.18
33.8,36.36,29.84,0.93,1.13,100.0,40,2.0,68.56,75.0,-6.44
44.68,20.9,34.42,2.14,1.3,100.0,25,0.5,88.93,75.0,13.93
34.43,44.86,20.71,0.77,1.66,100.0,70,2.0,53.87,75.0,-21.13
60.34,29.4,10.26,2.05,5.88,100.0,25,5.0,49.41,75.0,-25.59
69.56,22.22,8.21,3.13,8.47,100.0,70,0.5,76.55,75.0,1.55
60.39,30.71,8.91,1.97,6.78,100.0,55,0.5,70.51,75.0,-4.49
69.46,25.28,5.26,2.75,13.2,100.0,25,0.5,79.0,75.0,4.0
43.82,32.57,23.61,1.35,1.86,100.0,25,5.0,50.11,75.0,-24.89
29.38,14.58,56.04,2.01,0.52,100.0,40,1.0,87.38,75.0,12.38
22.54,36.48,40.98,0.62,0.55,100.0,70,5.0,44.67,75.0,-30.33
41.63,27.02,31.35,1.54,1.33,100.0,55,0.5,71.81,75.0,-3.19
60.28,23.93,15.79,2.52,3.82,100.0,25,1.0,75.41,75.0,0.41
36.24,38.41,25.35,0.94,1.43,100.0,70,0.5,65.61,75.0,-9.39
24.87,24.56,50.57,1.01,0.49,100.0,55,0.5,81.98,75.0,6.98
58.1,18.55,23.34,3.13,2.49,100.0,25,2.0,79.92,75.0,4.92
29.37,28.17,42.46,1.04,0.69,100.0,70,0.5,76.48,75.0,1.48
46.57,11.51,41.92,4.05,1.11,100.0,40,5.0,67.87,75.0,-7.13
78.64,14.3,7.07,5.5,11.13,100.0,25,5.0,65.53,75.0,-9.47
49.47,11.72,38.81,4.22,1.27,100.0,70,5.0,58.93,75.0,-16.07
60.44,32.02,7.55,1.89,8.01,100.0,55,1.0,62.66,75.0,-12.34
54.67,18.47,26.86,2.96,2.04,100.0,55,2.0,79.32,75.0,4.32
71.97,15.81,12.22,4.55,5.89,100.0,40,2.0,80.55,75.0,5.55
37.37,22.65,39.98,1.65,0.93,100.0,25,0.5,81.46,75.0,6.46
26.09,37.14,36.77,0.7,0.71,100.0,40,0.5,72.65,75.0,-2.35
57.16,20.27,22.56,2.82,2.53,100.0,70,2.0,68.76,75.0,-6.24
44.67,28.25,27.08,1.58,1.65,100.0,55,1.0,71.11,75.0,-3.89
45.65,11.2,43.15,4.08,1.06,100.0,40,5.0,67.25,75.0,-7.75
39.82,25.89,34.29,1.54,1.16,100.0,25,0.5,83.95,75.0,8.95
53.85,32.85,13.29,1.64,4.05,100.0,70,2.0,61.79,75.0,-13.21
39.7,36.42,23.88,1.09,1.66,100.0,25,1.0,73.1,75.0,-1.9
32.09,30.67,37.24,1.05,0.86,100.0,40,5.0,53.89,75.0,-21.11
24.52,34.59,40.9,0.71,0.6,100.0,55,0.5,70.91,75.0,-4.09
61.35,31.89,6.77,1.92,9.06,100.0,55,5.0,50.17,75.0,-24.83
69.4,11.63,18.97,5.97,3.66,100.0,40,5.0,67.15,75.0,-7.85
53.37,22.6,24.03,2.36,2.22,100.0,25,2.0,76.8,75.0,1.8
24.4,43.97,31.63,0.55,0.77,100.0,25,2.0,62.28,75.0,-12.72
20.97,48.02,31.0,0.44,0.68,100.0,25,5.0,45.52,75.0,-29.48
31.75,29.21,39.04,1.09,0.81,100.0,25,5.0,57.05,75.0,-17.95
22.41,19.13,58.46,1.17,0.38,100.0,55,0.5,86.42,75.0,11.42
73.39,18.8,7.8,3.9,9.41,100.0,25,1.0,79.39,75.0,4.39
49.12,44.82,6.07,1.1,8.09,100.0,40,1.0,60.0,75.0,-15.0
37.64,46.9,15.46,0.8,2.44,100.0,40,5.0,42.55,75.0,-32.45
32.62,44.11,23.27,0.74,1.4,100.0,40,2.0,55.05,75.0,-19.95
67.09,24.38,8.54,2.75,7.86,100.0,40,1.0,71.07,75.0,-3.93
35.18,25.71,39.11,1.37,0.9,100.0,25,5.0,61.1,75.0,-13.9
52.24,14.88,32.88,3.51,1.59,100.0,55,2.0,71.78,75.0,-3.22
26.17,28.57,45.26,0.92,0.58,100.0,70,0.5,69.13,75.0,-5.87
27.56,20.14,52.31,1.37,0.53,100.0,25,1.0,88.41,75.0,13.41
40.13,37.95,21.93,1.06,1.83,100.0,70,0.5,63.52,75.0,-11.48
60.43,11.22,28.35,5.39,2.13,100.0,55,2.0,82.84,75.0,7.84
70.81,15.27,13.91,4.64,5.09,100.0,25,5.0,62.09,75.0,-12.91
39.46,45.46,15.08,0.87,2.62,100.0,70,0.5,57.9,75.0,-17.1
24.94,20.29,54.77,1.23,0.46,100.0,55,5.0,61.47,75.0,-13.53
55.65,26.91,17.43,2.07,3.19,100.0,70,1.0,65.39,75.0,-9.61
56.19,30.69,13.12,1.83,4.28,100.0,40,0.5,77.43,75.0,2.43
60.95,24.8,14.25,2.46,4.28,100.0,40,1.0,77.6,75.0,2.6
54.52,39.63,5.85,1.38,9.32,100.0,55,1.0,57.02,75.0,-17.98
45.74,41.37,12.89,1.11,3.55,100.0,55,1.0,61.22,75.0,-13.78
36.56,40.53,22.91,0.9,1.6,100.0,70,1.0,61.08,75.0,-13.92
53.02,32.56,14.42,1.63,3.68,100.0,55,1.0,65.88,75.0,-9.12
33.58,18.18,48.24,1.85,0.7,100.0,40,2.0,74.66,75.0,-0.34
61.54,23.52,14.94,2.62,4.12,100.0,40,0.5,80.37,75.0,5.37
34.0,28.79,37.21,1.18,0.91,100.0,25,5.0,65.2,75.0,-9.8
57.52,23.23,19.25,2.48,2.99,100.0,70,5.0,50.5,75.0,-24.5
36.28,31.32,32.4,1.16,1.12,100.0,55,2.0,70.02,75.0,-4.98
33.12,23.17,43.7,1.43,0.76,100.0,55,5.0,54.89,75.0,-20.11
23.6,15.53,60.87,1.52,0.39,100.0,55,5.0,64.86,75.0,-10.14
27.86,25.96,46.18,1.07,0.6,100.0,70,5.0,54.76,75.0,-20.24
56.9,15.52,27.59,3.67,2.06,100.0,40,0.5,86.37,75.0,11.37
70.97,19.04,10.0,3.73,7.1,100.0,55,5.0,55.78,75.0,-19.22
22.7,34.49,42.81,0.66,0.53,100.0,55,0.5,73.82,75.0,-1.18
64.05,27.32,8.63,2.34,7.42,100.0,40,5.0,59.41,75.0,-15.59
40.48,12.84,46.68,3.15,0.87,100.0,55,5.0,65.58,75.0,-9.42
48.71,29.52,21.77,1.65,2.24,100.0,25,0.5,77.47,75.0,2.47
46.65,14.51,38.84,3.22,1.2,100.0,40,2.0,80.16,75.0,5.16
39.92,30.53,29.55,1.31,1.35,100.0,40,5.0,61.14,75.0,-13.86
47.92,44.88,7.2,1.07,6.66,100.0,40,1.0,61.71,75.0,-13.29
20.82,21.56,57.62,0.97,0.36,100.0,25,1.0,83.89,75.0,8.89
24.9,13.45,61.65,1.85,0.4,100.0,40,2.0,80.32,75.0,5.32
35.52,47.46,17.02,0.75,2.09,100.0,70,1.0,49.0,75.0,-26.0
21.67,25.13,53.2,0.86,0.41,100.0,70,0.5,77.32,75.0,2.32
57.88,33.06,9.06,1.75,6.39,100.0,70,5.0,45.73,75.0,-29.27
45.58,41.68,12.74,1.09,3.58,100.0,40,5.0,42.91,75.0,-32.09
52.89,22.97,24.14,2.3,2.19,100.0,40,5.0,58.29,75.0,-16.71
30.48,38.65,30.87,0.79,0.99,100.0,40,5.0,44.52,75.0,-30.48
37.76,15.42,46.83,2.45,0.81,100.0,25,1.0,89.29,75.0,14.29
59.83,21.65,18.52,2.76,3.23,100.0,70,1.0,74.14,75.0,-0.86
77.92,15.79,6.29,4.93,12.38,100.0,55,1.0,76.97,75.0,1.97
23.03,42.45,34.53,0.54,0.67,100.0,55,0.5,70.31,75.0,-4.69
73.42,18.91,7.67,3.88,9.57,100.0,40,1.0,77.02,75.0,2.02
54.61,38.7,6.69,1.41,8.16,100.0,25,1.0,69.43,75.0,-5.57
26.68,22.59,50.73,1.18,0.53,100.0,40,5.0,63.8,75.0,-11.2
50.02,31.11,18.87,1.61,2.65,100.0,55,1.0,68.88,75.0,-6.12
24.16,31.6,44.24,0.76,0.55,100.0,70,2.0,62.74,75.0,-12.26
25.39,28.44,46.17,0.89,0.55,100.0,55,2.0,64.42,75.0,-10.58
56.05,23.04,20.91,2.43,2.68,100.0,70,5.0,56.04,75.0,-18.96
40.46,29.03,30.52,1.39,1.33,100.0,70,1.0,68.22,75.0,-6.78
32.73,12.09,55.18,2.71,0.59,100.0,25,2.0,88.66,75.0,13.66
44.4,49.44,6.16,0.9,7.2,100.0,55,2.0,52.03,75.0,-22.97
28.6,47.51,23.89,0.6,1.2,100.0,40,0.5,61.75,75.0,-13.25
58.07,12.89,29.04,4.5,2.0,100.0,25,5.0,68.29,75.0,-6.71
37.6,45.57,16.83,0.83,2.23,100.0,70,2.0,54.79,75.0,-20.21
51.53,28.71,19.76,1.79,2.61,100.0,55,2.0,62.52,75.0,-12.48
63.73,25.83,10.44,2.47,6.1,100.0,40,5.0,61.35,75.0,-13.65
45.66,38.48,15.86,1.19,2.88,100.0,25,1.0,67.42,75.0,-7.58
67.53,25.72,6.75,2.63,10.0,100.0,40,5.0,51.13,75.0,-23.87
58.47,12.34,29.2,4.74,2.0,100.0,55,0.5,86.18,75.0,11.18
60.78,26.63,12.59,2.28,4.83,100.0,40,0.5,83.74,75.0,8.74
40.02,24.28,35.7,1.65,1.12,100.0,25,0.5,78.34,75.0,3.34
37.75,38.39,23.86,0.98,1.58,100.0,40,2.0,62.09,75.0,-12.91
20.07,48.02,31.91,0.42,0.63,100.0,55,1.0,60.0,75.0,-15.0
36.32,19.78,43.9,1.84,0.83,100.0,25,0.5,88.14,75.0,13.14
33.07,39.85,27.08,0.83,1.22,100.0,70,5.0,41.96,75.0,-33.04
59.71,30.83,9.46,1.94,6.31,100.0,25,0.5,74.71,75.0,-0.29
58.02,20.74,21.24,2.8,2.73,100.0,55,2.0,69.8,75.0,-5.2
46.48,17.54,35.97,2.65,1.29,100.0,40,0.5,85.37,75.0,10.37
20.97,32.09,46.94,0.65,0.45,100.0,70,1.0,64.84,75.0,-10.16
26.17,37.03,36.8,0.71,0.71,100.0,70,0.5,66.13,75.0,-8.87
39.41,22.92,37.67,1.72,1.05,100.0,40,1.0,78.56,75.0,3.56
59.9,29.25,10.85,2.05,5.52,100.0,55,1.0,68.2,75.0,-6.8
53.39,34.69,11.91,1.54,4.48,100.0,25,5.0,52.87,75.0,-22.13
40.56,26.2,33.24,1.55,1.22,100.0,55,1.0,68.52,75.0,-6.48
28.07,17.93,53.99,1.57,0.52,100.0,70,2.0,73.16,75.0,-1.84
25.67,48.47,25.87,0.53,0.99,100.0,25,2.0,65.61,75.0,-9.39
23.18,48.41,28.41,0.48,0.82,100.0,25,1.0,60.7,75.0,-14.3
71.34,20.15,8.52,3.54,8.37,100.0,40,1.0,82.61,75.0,7.61
58.99,26.44,14.57,2.23,4.05,100.0,55,0.5,74.61,75.0,-0.39
26.21,24.21,49.59,1.08,0.53,100.0,25,0.5,83.71,75.0,8.71
44.12,26.29,29.59,1.68,1.49,100.0,40,5.0,52.6,75.0,-22.4
63.74,26.37,9.9,2.42,6.44,100.0,55,0.5,74.45,75.0,-0.55
70.38,13.39,16.24,5.26,4.33,100.0,70,2.0,77.61,75.0,2.61
27.09,31.74,41.17,0.85,0.66,100.0,70,0.5,69.23,75.0,-5.77
20.0,29.89,50.11,0.67,0.4,100.0,55,5.0,52.85,75.0,-22.15
62.73,15.39,21.88,4.08,2.87,100.0,25,5.0,69.45,75.0,-5.55
41.4,29.84,28.76,1.39,1.44,100.0,25,1.0,78.01,75.0,3.01
35.27,16.76,47.97,2.1,0.74,100.0,70,5.0,54.34,75.0,-20.66
20.77,15.05,64.18,1.38,0.32,100.0,70,1.0,82.18,75.0,7.18
25.44,46.96,27.6,0.54,0.92,100.0,25,2.0,64.42,75.0,-10.58
26.81,36.82,36.38,0.73,0.74,100.0,55,2.0,61.76,75.0,-13.24
21.99,47.25,30.76,0.47,0.71,100.0,70,0.5,50.28,75.0,-24.72
53.94,26.07,19.98,2.07,2.7,100.0,25,5.0,59.91,75.0,-15.09
26.27,25.92,47.81,1.01,0.55,100.0,55,2.0,70.05,75.0,-4.95
25.1,35.52,39.38,0.71,0.64,100.0,40,1.0,65.59,75.0,-9.41
52.93,40.77,6.3,1.3,8.4,100.0,55,5.0,36.06,75.0,-38.94
42.8,24.74,32.46,1.73,1.32,100.0,25,5.0,63.85,75.0,-11.15
32.57,48.12,19.31,0.68,1.69,100.0,55,1.0,55.05,75.0,-19.95
43.32,42.82,13.86,1.01,3.13,100.0,25,5.0,43.69,75.0,-31.31
34.42,44.16,21.42,0.78,1.61,100.0,70,5.0,37.12,75.0,-37.88
25.7,16.89,57.41,1.52,0.45,100.0,40,2.0,78.99,75.0,3.99
38.9,20.84,40.27,1.87,0.97,100.0,70,1.0,75.74,75.0,0.74
25.8,21.43,52.78,1.2,0.49,100.0,70,2.0,70.67,75.0,-4.33
30.61,20.84,48.55,1.47,0.63,100.0,25,1.0,81.67,75.0,6.67
45.56,46.15,8.29,0.99,5.5,100.0,25,0.5,64.49,75.0,-10.51
46.65,11.28,42.08,4.14,1.11,100.0,25,5.0,72.64,75.0,-2.36
51.91,13.04,35.04,3.98,1.48,100.0,25,5.0,69.5,75.0,-5.5
72.42,20.96,6.63,3.46,10.93,100.0,70,2.0,66.75,75.0,-8.25
60.07,11.68,28.25,5.14,2.13,100.0,25,5.0,75.46,75.0,0.46
54.96,19.27,25.76,2.85,2.13,100.0,25,5.0,66.28,75.0,-8.72
40.32,32.47,27.22,1.24,1.48,100.0,70,2.0,63.55,75.0,-11.45
39.62,32.53,27.86,1.22,1.42,100.0,40,2.0,66.52,75.0,-8.48
38.34,10.23,51.42,3.75,0.75,100.0,40,1.0,90.64,75.0,15.64
44.16,27.17,28.66,1.63,1.54,100.0,55,0.5,74.05,75.0,-0.95
60.35,26.32,13.33,2.29,4.53,100.0,70,2.0,66.25,75.0,-8.75
60.93,14.56,24.51,4.19,2.49,100.0,25,1.0,86.93,75.0,11.93
38.91,37.05,24.04,1.05,1.62,100.0,55,2.0,61.14,75.0,-13.86
27.99,38.08,33.92,0.74,0.83,100.0,40,1.0,69.22,75.0,-5.78
30.62,37.93,31.45,0.81,0.97,100.0,40,0.5,71.04,75.0,-3.96
27.7,39.14,33.16,0.71,0.84,100.0,70,1.0,70.73,75.0,-4.27
54.71,10.0,35.29,5.47,1.55,100.0,25,1.0,89.53,75.0,14.53
52.1,28.41,19.48,1.83,2.67,100.0,25,5.0,55.03,75.0,-19.97
37.61,37.71,24.68,1.0,1.52,100.0,55,2.0,62.15,75.0,-12.85
55.75,15.98,28.28,3.49,1.97,100.0,40,1.0,81.86,75.0,6.86
72.37,10.63,17.0,6.81,4.26,100.0,55,2.0,77.39,75.0,2.39
38.87,28.77,32.36,1.35,1.2,100.0,55,1.0,68.84,75.0,-6.16
32.69,31.28,36.03,1.04,0.91,100.0,55,5.0,52.18,75.0,-22.82
52.01,10.62,37.37,4.9,1.39,100.0,25,5.0,72.82,75.0,-2.18
31.2,13.73,55.07,2.27,0.57,100.0,40,0.5,89.45,75.0,14.45
21.54,39.55,38.91,0.54,0.55,100.0,55,1.0,67.35,75.0,-7.65
37.07,48.4,14.53,0.77,2.55,100.0,40,5.0,34.0,75.0,-41.0
46.58,37.14,16.28,1.25,2.86,100.0,40,2.0,60.51,75.0,-14.49
57.03,32.82,10.15,1.74,5.62,100.0,55,1.0,66.53,75.0,-8.47
69.41,20.92,9.68,3.32,7.17,100.0,55,1.0,71.81,75.0,-3.19
31.77,27.72,40.51,1.15,0.78,100.0,70,0.5,67.9,75.0,-7.1
27.53,33.97,38.5,0.81,0.72,100.0,25,2.0,69.15,75.0,-5.85
78.9,10.1,11.0,7.81,7.17,100.0,40,0.5,90.61,75.0,15.61
26.48,47.31,26.2,0.56,1.01,100.0,55,1.0,62.35,75.0,-12.65
48.71,13.04,38.25,3.73,1.27,100.0,55,0.5,84.55,75.0,9.55
55.13,30.04,14.82,1.83,3.72,100.0,40,1.0,74.65,75.0,-0.35
52.48,37.48,10.04,1.4,5.23,100.0,55,1.0,65.68,75.0,-9.32
25.16,41.68,33.16,0.6,0.76,100.0,70,0.5,66.3,75.0,-8.7
23.42,33.32,43.26,0.7,0.54,100.0,40,0.5,74.45,75.0,-0.55
26.33,46.36,27.31,0.57,0.96,100.0,55,1.0,53.89,75.0,-21.11
44.66,26.63,28.71,1.68,1.56,100.0,40,0.5,78.94,75.0,3.94
52.66,12.57,34.77,4.19,1.51,100.0,55,0.5,83.13,75.0,8.13
34.02,26.09,39.88,1.3,0.85,100.0,55,1.0,72.55,75.0,-2.45
58.27,10.94,30.8,5.33,1.89,100.0,25,2.0,84.52,75.0,9.52
69.2,23.18,7.62,2.99,9.08,100.0,40,0.5,78.02,75.0,3.02
22.49,31.47,46.03,0.71,0.49,100.0,25,0.5,80.5,75.0,5.5
51.1,43.14,5.76,1.18,8.87,100.0,55,5.0,41.49,75.0,-33.51
25.99,41.95,32.06,0.62,0.81,100.0,40,2.0,59.74,75.0,-15.26
35.14,15.1,49.76,2.33,0.71,100.0,40,0.5,90.09,75.0,15.09
38.47,13.72,47.81,2.8,0.8,100.0,70,1.0,81.22,75.0,6.22
56.82,33.57,9.61,1.69,5.91,100.0,70,5.0,46.27,75.0,-28.73
35.94,27.37,36.69,1.31,0.98,100.0,55,5.0,52.94,75.0,-22.06
68.6,20.66,10.75,3.32,6.38,100.0,55,5.0,55.38,75.0,-19.62
42.29,34.34,23.37,1.23,1.81,100.0,55,0.5,68.68,75.0,-6.32
22.36,20.19,57.45,1.11,0.39,100.0,55,1.0,80.13,75.0,5.13
41.89,26.1,32.01,1.6,1.31,100.0,70,5.0,48.58,75.0,-26.42
41.79,46.97,11.24,0.89,3.72,100.0,40,2.0,52.6,75.0,-22.4
47.97,25.36,26.67,1.89,1.8,100.0,25,5.0,62.24,75.0,-12.76
31.4,39.47,29.13,0.8,1.08,100.0,40,5.0,44.03,75.0,-30.97
62.1,29.04,8.86,2.14,7.01,100.0,40,2.0,66.6,75.0,-8.4
53.39,14.9,31.71,3.58,1.68,100.0,70,5.0,61.78,75.0,-13.22
41.52,47.12,11.37,0.88,3.65,100.0,40,5.0,39.1,75.0,-35.9
44.44,22.24,33.32,2.0,1.33,100.0,40,2.0,77.25,75.0,2.25
21.26,39.38,39.36,0.54,0.54,100.0,55,0.5,66.1,75.0,-8.9
38.95,24.69,36.37,1.58,1.07,100.0,25,2.0,73.2,75.0,-1.8
23.41,10.76,65.83,2.18,0.36,100.0,40,0.5,88.77,75.0,13.77
65.99,14.02,19.99,4.71,3.3,100.0,40,0.5,90.62,75.0,15.62
62.13,29.85,8.02,2.08,7.74,100.0,25,0.5,74.0,75.0,-1.0
39.88,37.6,22.52,1.06,1.77,100.0,55,2.0,62.17,75.0,-12.83
60.54,23.39,16.07,2.59,3.77,100.0,70,2.0,63.23,75.0,-11.77
43.76,37.82,18.42,1.16,2.37,100.0,70,0.5,67.82,75.0,-7.18
27.16,32.98,39.87,0.82,0.68,100.0,40,2.0,74.52,75.0,-0.48
47.25,38.16,14.59,1.24,3.24,100.0,55,0.5,61.19,75.0,-13.81
44.74,29.7,25.56,1.51,1.75,100.0,70,2.0,59.51,75.0,-15.49
25.69,25.49,48.82,1.01,0.53,100.0,70,1.0,75.36,75.0,0.36
35.05,29.57,35.38,1.19,0.99,100.0,70,2.0,65.38,75.0,-9.62
27.23,28.01,44.76,0.97,0.61,100.0,70,2.0,68.2,75.0,-6.8
55.07,17.98,26.95,3.06,2.04,100.0,70,2.0,69.39,75.0,-5.61
24.66,46.97,28.37,0.52,0.87,100.0,40,0.5,70.42,75.0,-4.58
42.67,11.69,45.64,3.65,0.93,100.0,70,0.5,85.23,75.0,10.23
23.72,35.34,40.94,0.67,0.58,100.0,40,1.0,67.7,75.0,-7.3
40.36,19.94,39.7,2.02,1.02,100.0,25,1.0,84.25,75.0,9.25
50.36,22.17,27.48,2.27,1.83,100.0,25,5.0,58.62,75.0,-16.38
29.72,40.83,29.45,0.73,1.01,100.0,55,1.0,68.14,75.0,-6.86
59.49,23.09,17.43,2.58,3.41,100.0,40,0.5,78.1,75.0,3.1
54.75,23.09,22.16,2.37,2.47,100.0,55,1.0,76.53,75.0,1.53
47.1,16.76,36.13,2.81,1.3,100.0,25,1.0,85.47,75.0,10.47
41.28,40.99,17.72,1.01,2.33,100.0,25,2.0,61.23,75.0,-13.77
44.04,15.19,40.77,2.9,1.08,100.0,25,1.0,82.71,75.0,7.71
26.91,28.15,44.94,0.96,0.6,100.0,25,5.0,61.58,75.0,-13.42
62.43,24.73,12.84,2.52,4.86,100.0,70,2.0,68.87,75.0,-6.13
44.89,37.5,17.61,1.2,2.55,100.0,25,0.5,70.27,75.0,-4.73
43.24,35.33,21.43,1.22,2.02,100.0,70,5.0,38.78,75.0,-36.22
39.78,38.52,21.7,1.03,1.83,100.0,70,0.5,66.11,75.0,-8.89
46.52,11.79,41.69,3.95,1.12,100.0,55,5.0,59.98,75.0,-15.02
58.89,21.86,19.25,2.69,3.06,100.0,70,2.0,71.28,75.0,-3.72
23.69,21.21,55.11,1.12,0.43,100.0,55,5.0,56.95,75.0,-18.05
68.82,15.84,15.34,4.34,4.49,100.0,70,5.0,53.14,75.0,-21.86
43.45,11.61,44.94,3.74,0.97,100.0,70,1.0,83.11,75.0,8.11
58.93,22.39,18.68,2.63,3.15,100.0,25,0.5,80.58,75.0,5.58
64.45,25.46,10.09,2.53,6.38,100.0,40,2.0,68.07,75.0,-6.93
29.09,36.55,34.37,0.8,0.85,100.0,70,5.0,44.91,75.0,-30.09
48.64,25.24,26.11,1.93,1.86,100.0,40,0.5,72.15,75.0,-2.85
56.11,38.78,5.11,1.45,10.97,100.0,40,0.5,72.79,75.0,-2.21
54.9,23.45,21.65,2.34,2.54,100.0,40,1.0,77.88,75.0,2.88
44.09,21.61,34.3,2.04,1.29,100.0,70,0.5,72.92,75.0,-2.08
40.29,31.65,28.07,1.27,1.44,100.0,40,2.0,64.6,75.0,-10.4
27.61,10.95,61.44,2.52,0.45,100.0,70,1.0,87.46,75.0,12.46
43.5,13.19,43.3,3.3,1.0,100.0,25,5.0,71.9,75.0,-3.1
29.76,26.72,43.52,1.11,0.68,100.0,70,2.0,70.81,75.0,-4.19
56.09,26.25,17.66,2.14,3.18,100.0,55,2.0,65.34,75.0,-9.66
32.53,38.86,28.61,0.84,1.14,100.0,25,2.0,66.55,75.0,-8.45
23.51,13.53,62.96,1.74,0.37,100.0,40,1.0,90.11,75.0,15.11
60.3,16.67,23.03,3.62,2.62,100.0,40,0.5,87.22,75.0,12.22
43.35,10.92,45.73,3.97,0.95,100.0,55,2.0,84.31,75.0,9.31
49.27,15.34,35.4,3.21,1.39,100.0,25,0.5,88.15,75.0,13.15
22.54,35.14,42.32,0.64,0.53,100.0,55,0.5,70.79,75.0,-4.21
40.73,26.16,33.11,1.56,1.23,100.0,40,2.0,70.17,75.0,-4.83
68.18,18.86,12.96,3.61,5.26,100.0,70,0.5,76.44,75.0,1.44
52.42,30.48,17.1,1.72,3.06,100.0,40,1.0,74.47,75.0,-0.53
24.76,31.95,43.29,0.77,0.57,100.0,55,1.0,66.0,75.0,-9.0
53.95,31.53,14.52,1.71,3.72,100.0,70,5.0,48.71,75.0,-26.29
32.84,42.09,25.07,0.78,1.31,100.0,70,0.5,58.13,75.0,-16.87
43.78,47.95,8.27,0.91,5.29,100.0,40,0.5,60.84,75.0,-14.16
37.78,46.09,16.13,0.82,2.34,100.0,70,5.0,39.08,75.0,-35.92
28.61,45.03,26.36,0.64,1.09,100.0,25,1.0,67.1,75.0,-7.9
29.09,42.06,28.86,0.69,1.01,100.0,40,5.0,46.46,75.0,-28.54
45.97,47.74,6.3,0.96,7.3,100.0,40,5.0,35.67,75.0,-39.33
55.74,13.94,30.32,4.0,1.84,100.0,25,5.0,65.14,75.0,-9.86
24.84,20.6,54.56,1.21,0.46,100.0,40,0.5,88.36,75.0,13.36
45.07,49.53,5.4,0.91,8.34,100.0,55,0.5,55.6,75.0,-19.4
37.51,23.85,38.64,1.57,0.97,100.0,55,0.5,77.18,75.0,2.18
55.2,30.21,14.6,1.83,3.78,100.0,40,0.5,77.71,75.0,2.71
55.21,16.91,27.89,3.27,1.98,100.0,25,2.0,77.8,75.0,2.8
24.81,15.56,59.63,1.59,0.42,100.0,70,5.0,61.88,75.0,-13.12
48.61,20.1,31.29,2.42,1.55,100.0,25,5.0,64.19,75.0,-10.81
36.47,20.35,43.18,1.79,0.84,100.0,55,0.5,81.57,75.0,6.57
69.72,16.59,13.69,4.2,5.09,100.0,40,1.0,80.2,75.0,5.2
67.01,24.05,8.94,2.79,7.5,100.0,25,2.0,72.32,75.0,-2.68
36.62,20.59,42.78,1.78,0.86,100.0,70,2.0,67.63,75.0,-7.37
37.55,16.68,45.77,2.25,0.82,100.0,70,1.0,80.35,75.0,5.35
27.46,38.33,34.21,0.72,0.8,100.0,70,0.5,63.08,75.0,-11.92
24.88,38.71,36.41,0.64,0.68,100.0,70,2.0,60.45,75.0,-14.55
20.69,40.2,39.11,0.51,0.53,100.0,25,2.0,65.1,75.0,-9.9
30.63,14.0,55.37,2.19,0.55,100.0,70,5.0,58.56,75.0,-16.44
45.65,13.56,40.79,3.37,1.12,100.0,55,5.0,62.87,75.0,-12.13
22.42,24.8,52.79,0.9,0.42,100.0,70,0.5,75.19,75.0,0.19
44.33,35.94,19.73,1.23,2.25,100.0,55,0.5,71.34,75.0,-3.66
50.98,39.02,10.01,1.31,5.09,100.0,25,5.0,47.58,75.0,-27.42
54.84,18.39,26.77,2.98,2.05,100.0,55,5.0,57.98,75.0,-17.02
44.62,44.45,10.93,1.0,4.08,100.0,25,5.0,49.21,75.0,-25.79
60.34,34.65,5.02,1.74,12.03,100.0,70,1.0,63.77,75.0,-11.23
48.88,27.15,23.97,1.8,2.04,100.0,40,2.0,75.38,75.0,0.38
68.58,17.29,14.13,3.97,4.85,100.0,55,0.5,84.58,75.0,9.58
21.95,28.72,49.33,0.76,0.44,100.0,55,0.5,73.67,75.0,-1.33
21.32,40.2,38.47,0.53,0.55,100.0,40,1.0,70.68,75.0,-4.32
48.19,11.34,40.48,4.25,1.19,100.0,25,5.0,75.69,75.0,0.69
25.17,23.51,51.32,1.07,0.49,100.0,25,2.0,83.27,75.0,8.27
35.39,13.64,50.97,2.59,0.69,100.0,70,5.0,64.51,75.0,-10.49
36.82,37.83,25.35,0.97,1.45,100.0,55,0.5,70.46,75.0,-4.54
27.93,40.63,31.44,0.69,0.89,100.0,25,1.0,68.79,75.0,-6.21
46.39,27.65,25.96,1.68,1.79,100.0,70,2.0,61.73,75.0,-13.27
73.47,11.97,14.56,6.14,5.05,100.0,25,2.0,82.02,75.0,7.02
42.86,25.46,31.68,1.68,1.35,100.0,40,2.0,67.35,75.0,-7.65
23.27,18.45,58.28,1.26,0.4,100.0,40,2.0,83.94,75.0,8.94
55.97,35.31,8.73,1.59,6.41,100.0,40,1.0,67.31,75.0,-7.69
49.46,23.39,27.15,2.11,1.82,100.0,70,0.5,78.72,75.0,3.72
42.99,22.42,34.58,1.92,1.24,100.0,55,2.0,68.07,75.0,-6.93
32.98,28.44,38.58,1.16,0.85,100.0,40,2.0,74.2,75.0,-0.8
46.55,36.96,16.49,1.26,2.82,100.0,40,0.5,68.79,75.0,-6.21
22.9,31.66,45.44,0.72,0.5,100.0,25,5.0,53.53,75.0,-21.47
55.95,30.37,13.68,1.84,4.09,100.0,40,2.0,71.99,75.0,-3.01
25.74,31.29,42.97,0.82,0.6,100.0,55,2.0,69.71,75.0,-5.29
55.28,12.33,32.39,4.48,1.71,100.0,70,5.0,61.24,75.0,-13.76
41.19,49.94,8.88,0.82,4.64,100.0,40,0.5,60.53,75.0,-14.47
42.97,20.71,36.32,2.08,1.18,100.0,70,0.5,78.96,75.0,3.96
69.25,19.32,11.43,3.58,6.06,100.0,70,2.0,69.2,75.0,-5.8
55.37,24.73,19.9,2.24,2.78,100.0,55,0.5,73.8,75.0,-1.2
40.67,11.82,47.51,3.44,0.86,100.0,25,5.0,70.24,75.0,-4.76
67.06,14.5,18.44,4.63,3.64,100.0,25,1.0,92.58,75.0,17.58
55.91,23.91,20.18,2.34,2.77,100.0,70,5.0,59.3,75.0,-15.7
44.85,45.06,10.09,1.0,4.44,100.0,40,5.0,46.16,75.0,-28.84
57.54,22.01,20.45,2.61,2.81,100.0,70,1.0,74.07,75.0,-0.93
52.47,13.13,34.4,4.0,1.52,100.0,25,5.0,68.24,75.0,-6.76
36.54,33.55,29.91,1.09,1.22,100.0,40,2.0,64.11,75.0,-10.89
33.23,43.42,23.35,0.77,1.42,100.0,25,2.0,59.74,75.0,-15.26
57.54,16.51,25.95,3.49,2.22,100.0,55,0.5,80.88,75.0,5.88
36.44,26.33,37.23,1.38,0.98,100.0,25,0.5,89.25,75.0,14.25
31.09,37.47,31.44,0.83,0.99,100.0,40,5.0,54.33,75.0,-20.67
23.58,30.8,45.62,0.77,0.52,100.0,40,2.0,72.24,75.0,-2.76
50.31,20.95,28.74,2.4,1.75,100.0,70,2.0,66.32,75.0,-8.68
65.82,26.77,7.41,2.46,8.88,100.0,40,1.0,76.68,75.0,1.68
51.4,17.76,30.84,2.89,1.67,100.0,55,0.5,81.44,75.0,6.44
33.61,21.39,45.0,1.57,0.75,100.0,25,2.0,73.07,75.0,-1.93
59.99,30.21,9.8,1.99,6.12,100.0,70,5.0,46.7,75.0,-28.3
24.81,31.25,43.94,0.79,0.56,100.0,70,2.0,60.99,75.0,-14.01
46.51,42.22,11.27,1.1,4.13,100.0,40,0.5,63.65,75.0,-11.35
29.8,41.65,28.54,0.72,1.04,100.0,55,5.0,41.95,75.0,-33.05
31.07,33.25,35.68,0.93,0.87,100.0,70,0.5,67.29,75.0,-7.71
32.14,41.23,26.63,0.78,1.21,100.0,55,2.0,57.7,75.0,-17.3
43.2,17.67,39.13,2.44,1.1,100.0,55,2.0,75.3,75.0,0.3
23.07,12.0,64.93,1.92,0.36,100.0,25,2.0,82.46,75.0,7.46
43.87,44.95,11.19,0.98,3.92,100.0,25,0.5,71.72,75.0,-3.28
50.7,13.02,36.28,3.89,1.4,100.0,25,5.0,66.56,75.0,-8.44
49.0,19.87,31.13,2.47,1.57,100.0,55,2.0,70.35,75.0,-4.65
42.97,37.81,19.22,1.14,2.24,100.0,25,2.0,64.47,75.0,-10.53
77.52,15.25,7.23,5.08,10.73,100.0,70,2.0,70.72,75.0,-4.28
28.72,45.05,26.23,0.64,1.09,100.0,70,1.0,61.46,75.0,-13.54
50.34,21.92,27.74,2.3,1.81,100.0,40,1.0,80.24,75.0,5.24
23.72,10.47,65.8,2.26,0.36,100.0,55,5.0,69.95,75.0,-5.05
24.27,22.03,53.7,1.1,0.45,100.0,25,0.5,88.28,75.0,13.28
54.43,33.12,12.45,1.64,4.37,100.0,70,2.0,59.75,75.0,-15.25
53.96,25.04,21.0,2.16,2.57,100.0,55,2.0,69.5,75.0,-5.5
30.34,42.77,26.89,0.71,1.13,100.0,55,0.5,58.45,75.0,-16.55
40.81,43.67,15.52,0.93,2.63,100.0,25,0.5,67.73,75.0,-7.27
56.87,23.18,19.95,2.45,2.85,100.0,55,5.0,58.25,75.0,-16.75
22.92,20.64,56.44,1.11,0.41,100.0,25,0.5,100.0,75.0,25.0
25.88,28.49,45.63,0.91,0.57,100.0,25,2.0,71.01,75.0,-3.99
22.64,31.97,45.39,0.71,0.5,100.0,25,5.0,58.43,75.0,-16.57
31.12,47.96,20.92,0.65,1.49,100.0,55,1.0,55.8,75.0,-19.2
60.78,25.26,13.95,2.41,4.36,100.0,55,5.0,58.85,75.0,-16.15
58.73,19.42,21.85,3.02,2.69,100.0,25,5.0,59.53,75.0,-15.47
22.74,39.08,38.19,0.58,0.6,100.0,55,5.0,47.34,75.0,-27.66
41.07,34.72,24.21,1.18,1.7,100.0,25,0.5,71.39,75.0,-3.61
70.53,10.32,19.15,6.83,3.68,100.0,40,2.0,80.73,75.0,5.73
37.8,10.37,51.83,3.64,0.73,100.0,55,0.5,89.32,75.0,14.32
24.63,28.42,46.95,0.87,0.52,100.0,55,2.0,72.01,75.0,-2.99
30.19,29.53,40.27,1.02,0.75,100.0,40,0.5,74.62,75.0,-0.38
27.62,10.9,61.48,2.53,0.45,100.0,40,5.0,72.51,75.0,-2.49
27.4,37.48,35.13,0.73,0.78,100.0,40,2.0,64.33,75.0,-10.67
51.11,21.76,27.13,2.35,1.88,100.0,25,0.5,85.8,75.0,10.8
34.75,32.4,32.85,1.07,1.06,100.0,25,5.0,58.48,75.0,-16.52
41.49,22.04,36.47,1.88,1.14,100.0,70,1.0,70.37,75.0,-4.63
38.83,38.74,22.43,1.0,1.73,100.0,40,0.5,72.06,75.0,-2.94
61.06,26.29,12.65,2.32,4.82,100.0,70,0.5,69.66,75.0,-5.34
61.05,25.68,13.27,2.38,4.6,100.0,25,1.0,81.64,75.0,6.64
28.55,31.39,40.05,0.91,0.71,100.0,55,0.5,74.53,75.0,-0.47
42.93,17.95,39.12,2.39,1.1,100.0,40,1.0,82.72,75.0,7.72
53.28,30.34,16.38,1.76,3.25,100.0,55,2.0,62.63,75.0,-12.37
24.61,16.3,59.1,1.51,0.42,100.0,25,1.0,91.97,75.0,16.97
20.25,36.84,42.91,0.55,0.47,100.0,40,5.0,54.29,75.0,-20.71
32.93,46.2,20.87,0.71,1.58,100.0,70,1.0,54.15,75.0,-20.85
58.51,14.42,27.08,4.06,2.16,100.0,70,2.0,70.22,75.0,-4.78
44.65,28.71,26.64,1.55,1.68,100.0,25,1.0,79.65,75.0,4.65
49.38,12.83,37.79,3.85,1.31,100.0,55,1.0,79.45,75.0,4.45
44.93,33.93,21.15,1.32,2.12,100.0,25,2.0,64.45,75.0,-10.55
21.44,20.58,57.98,1.04,0.37,100.0,55,0.5,79.71,75.0,4.71
40.12,31.1,28.77,1.29,1.39,100.0,25,0.5,77.36,75.0,2.36
30.62,30.7,38.68,1.0,0.79,100.0,70,5.0,44.37,75.0,-30.63
25.91,46.97,27.12,0.55,0.96,100.0,55,5.0,33.01,75.0,-41.99
45.18,32.4,22.42,1.39,2.01,100.0,25,1.0,71.16,75.0,-3.84
55.96,33.32,10.72,1.68,5.22,100.0,40,0.5,74.18,75.0,-0.82
63.72,26.07,10.21,2.44,6.24,100.0,70,0.5,67.46,75.0,-7.54
38.92,47.96,13.11,0.81,2.97,100.0,70,1.0,52.72,75.0,-22.28
43.59,41.09,15.32,1.06,2.84,100.0,40,2.0,65.61,75.0,-9.39
34.22,21.42,44.37,1.6,0.77,100.0,25,0.5,86.8,75.0,11.8
25.82,43.77,30.41,0.59,0.85,100.0,55,5.0,42.43,75.0,-32.57
30.74,27.3,41.96,1.13,0.73,100.0,70,1.0,68.25,75.0,-6.75
31.29,28.02,40.69,1.12,0.77,100.0,25,2.0,80.95,75.0,5.95
20.5,35.87,43.63,0.57,0.47,100.0,40,5.0,49.63,75.0,-25.37
52.82,17.55,29.63,3.01,1.78,100.0,55,0.5,81.49,75.0,6.49
48.51,38.05,13.45,1.27,3.61,100.0,25,2.0,68.66,75.0,-6.34
37.29,39.92,22.78,0.93,1.64,100.0,25,5.0,48.79,75.0,-26.21
24.36,21.9,53.74,1.11,0.45,100.0,70,1.0,76.19,75.0,1.19
36.84,21.85,41.31,1.69,0.89,100.0,70,2.0,68.99,75.0,-6.01
41.0,39.02,19.98,1.05,2.05,100.0,55,2.0,57.86,75.0,-17.14
66.95,19.19,13.86,3.49,4.83,100.0,25,1.0,84.06,75.0,9.06
79.55,10.04,10.41,7.93,7.64,100.0,40,0.5,90.17,75.0,15.17
34.44,38.61,26.95,0.89,1.28,100.0,40,0.5,68.24,75.0,-6.76
72.46,16.85,10.69,4.3,6.77,100.0,55,2.0,70.98,75.0,-4.02
69.84,14.18,15.98,4.92,4.37,100.0,25,2.0,79.85,75.0,4.85
33.48,19.5,47.02,1.72,0.71,100.0,70,2.0,67.85,75.0,-7.15
43.96,25.2,30.84,1.74,1.43,100.0,25,5.0,55.68,75.0,-19.32
44.58,29.04,26.38,1.54,1.69,100.0,70,2.0,64.2,75.0,-10.8
78.69,11.78,9.52,6.68,8.26,100.0,40,0.5,90.02,75.0,15.02
30.85,48.82,20.32,0.63,1.52,100.0,55,1.0,59.47,75.0,-15.53
45.9,41.78,12.32,1.1,3.73,100.0,55,1.0,53.84,75.0,-21.16
40.05,22.93,37.02,1.75,1.08,100.0,55,1.0,75.92,75.0,0.92
63.85,22.75,13.4,2.81,4.76,100.0,70,2.0,63.11,75.0,-11.89
45.2,27.94,26.86,1.62,1.68,100.0,40,2.0,70.56,75.0,-4.44
54.7,35.05,10.25,1.56,5.34,100.0,40,1.0,67.24,75.0,-7.76
69.96,15.85,14.19,4.41,4.93,100.0,55,5.0,61.1,75.0,-13.9
68.25,17.56,14.19,3.89,4.81,100.0,55,5.0,58.07,75.0,-16.93
78.16,11.6,10.24,6.74,7.63,100.0,70,5.0,53.22,75.0,-21.78
23.58,20.25,56.17,1.16,0.42,100.0,70,5.0,54.54,75.0,-20.46
61.52,25.21,13.27,2.44,4.64,100.0,25,0.5,81.2,75.0,6.2
28.4,44.85,26.75,0.63,1.06,100.0,70,1.0,57.55,75.0,-17.45
44.95,36.53,18.52,1.23,2.43,100.0,25,0.5,69.57,75.0,-5.43
52.92,23.67,23.42,2.24,2.26,100.0,55,2.0,65.16,75.0,-9.84
44.16,37.35,18.49,1.18,2.39,100.0,40,5.0,47.87,75.0,-27.13
51.18,10.79,38.04,4.74,1.35,100.0,70,5.0,58.04,75.0,-16.96
28.42,23.29,48.29,1.22,0.59,100.0,40,1.0,75.52,75.0,0.52
28.11,29.48,42.41,0.95,0.66,100.0,70,5.0,48.27,75.0,-26.73
55.24,28.82,15.94,1.92,3.47,100.0,70,1.0,65.95,75.0,-9.05
43.76,48.19,8.05,0.91,5.43,100.0,25,2.0,54.44,75.0,-20.56
27.98,47.03,24.99,0.59,1.12,100.0,70,5.0,33.47,75.0,-41.53
29.52,46.37,24.11,0.64,1.22,100.0,55,5.0,38.99,75.0,-36.01
32.06,22.58,45.36,1.42,0.71,100.0,40,0.5,81.07,75.0,6.07
31.66,36.66,31.68,0.86,1.0,100.0,70,1.0,63.72,75.0,-11.28
22.19,18.77,59.03,1.18,0.38,100.0,40,1.0,83.62,75.0,8.62
26.76,39.25,33.99,0.68,0.79,100.0,40,5.0,48.42,75.0,-26.58
32.5,45.36,22.14,0.72,1.47,100.0,40,0.5,67.6,75.0,-7.4
41.33,18.28,40.39,2.26,1.02,100.0,70,5.0,59.76,75.0,-15.24
41.7,29.52,28.78,1.41,1.45,100.0,25,1.0,81.08,75.0,6.08
49.03,42.61,8.36,1.15,5.86,100.0,40,1.0,65.53,75.0,-9.47
45.1,49.15,5.74,0.92,7.85,100.0,40,5.0,38.88,75.0,-36.12
41.47,45.21,13.32,0.92,3.11,100.0,70,2.0,49.38,75.0,-25.62
55.63,21.2,23.18,2.62,2.4,100.0,70,5.0,52.32,75.0,-22.68
54.54,14.24,31.23,3.83,1.75,100.0,55,0.5,82.02,75.0,7.02
29.69,14.49,55.82,2.05,0.53,100.0,55,1.0,84.45,75.0,9.45
48.3,21.65,30.05,2.23,1.61,100.0,25,1.0,84.94,75.0,9.94
53.21,34.57,12.22,1.54,4.35,100.0,25,5.0,49.85,75.0,-25.15
31.68,20.9,47.42,1.52,0.67,100.0,25,2.0,80.0,75.0,5.0
32.61,45.97,21.42,0.71,1.52,100.0,25,1.0,62.93,75.0,-12.07
56.08,17.46,26.45,3.21,2.12,100.0,40,5.0,63.05,75.0,-11.95
21.51,10.23,68.26,2.1,0.32,100.0,70,2.0,79.02,75.0,4.02
41.29,17.45,41.26,2.37,1.0,100.0,55,5.0,58.69,75.0,-16.31
66.81,13.99,19.2,4.78,3.48,100.0,40,5.0,62.09,75.0,-12.91
53.83,24.53,21.63,2.19,2.49,100.0,70,5.0,52.5,75.0,-22.5
35.67,30.05,34.28,1.19,1.04,100.0,70,1.0,68.1,75.0,-6.9
61.7,11.74,26.57,5.26,2.32,100.0,40,2.0,80.16,75.0,5.16
54.04,23.94,22.02,2.26,2.45,100.0,40,0.5,80.73,75.0,5.73
67.77,17.17,15.06,3.95,4.5,100.0,55,0.5,79.75,75.0,4.75
31.18,39.37,29.45,0.79,1.06,100.0,25,1.0,73.77,75.0,-1.23
56.61,28.57,14.82,1.98,3.82,100.0,25,1.0,73.56,75.0,-1.44
49.29,29.81,20.9,1.65,2.36,100.0,55,5.0,49.66,75.0,-25.34
27.99,27.11,44.9,1.03,0.62,100.0,55,5.0,50.3,75.0,-24.7
35.68,48.24,16.08,0.74,2.22,100.0,25,2.0,56.8,75.0,-18.2
45.15,18.59,36.26,2.43,1.24,100.0,40,5.0,57.57,75.0,-17.43
55.96,30.67,13.38,1.82,4.18,100.0,25,2.0,72.11,75.0,-2.89
50.82,39.44,9.74,1.29,5.22,100.0,70,5.0,41.66,75.0,-33.34
37.29,32.27,30.44,1.16,1.23,100.0,70,5.0,48.8,75.0,-26.2
20.39,47.16,32.45,0.43,0.63,100.0,55,0.5,61.82,75.0,-13.18
49.77,25.12,25.11,1.98,1.98,100.0,25,1.0,77.29,75.0,2.29
37.14,28.55,34.32,1.3,1.08,100.0,25,2.0,71.05,75.0,-3.95
64.08,13.54,22.38,4.73,2.86,100.0,70,0.5,85.85,75.0,10.85
21.44,34.36,44.2,0.62,0.48,100.0,25,5.0,59.68,75.0,-15.32
55.09,21.53,23.38,2.56,2.36,100.0,55,0.5,79.14,75.0,4.14
76.49,16.41,7.1,4.66,10.77,100.0,55,2.0,71.67,75.0,-3.33
30.46,31.78,37.75,0.96,0.81,100.0,70,1.0,71.63,75.0,-3.37
48.3,31.29,20.41,1.54,2.37,100.0,25,0.5,75.55,75.0,0.55
25.49,13.03,61.48,1.96,0.41,100.0,25,2.0,87.71,75.0,12.71
53.63,19.94,26.43,2.69,2.03,100.0,70,5.0,58.74,75.0,-16.26
53.03,34.95,12.02,1.52,4.41,100.0,40,0.5,68.73,75.0,-6.27
44.44,17.56,38.0,2.53,1.17,100.0,40,1.0,85.99,75.0,10.99
51.28,28.78,19.94,1.78,2.57,100.0,25,2.0,73.41,75.0,-1.59
74.88,13.65,11.47,5.48,6.53,100.0,55,1.0,80.47,75.0,5.47
31.78,31.18,37.04,1.02,0.86,100.0,40,5.0,50.9,75.0,-24.1
21.35,25.82,52.83,0.83,0.4,100.0,25,1.0,80.04,75.0,5.04
71.7,22.89,5.41,3.13,13.26,100.0,40,5.0,57.38,75.0,-17.62
54.63,34.42,10.96,1.59,4.99,100.0,70,5.0,38.73,75.0,-36.27
40.56,14.16,45.28,2.86,0.9,100.0,40,0.5,89.51,75.0,14.51
55.82,36.87,7.31,1.51,7.63,100.0,40,5.0,48.55,75.0,-26.45
68.61,12.99,18.4,5.28,3.73,100.0,70,1.0,81.7,75.0,6.7
45.78,28.43,25.79,1.61,1.77,100.0,55,0.5,69.98,75.0,-5.02
26.33,41.57,32.09,0.63,0.82,100.0,25,5.0,53.06,75.0,-21.94
74.78,13.78,11.44,5.43,6.54,100.0,55,2.0,80.59,75.0,5.59
31.3,31.29,37.41,1.0,0.84,100.0,55,2.0,67.07,75.0,-7.93
30.85,47.96,21.19,0.64,1.46,100.0,40,5.0,37.43,75.0,-37.57
36.13,13.13,50.74,2.75,0.71,100.0,25,0.5,92.4,75.0,17.4
31.92,47.34,20.74,0.67,1.54,100.0,40,0.5,63.3,75.0,-11.7
34.81,24.53,40.66,1.42,0.86,100.0,70,0.5,76.21,75.0,1.21
38.38,43.79,17.83,0.88,2.15,100.0,55,1.0,60.2,75.0,-14.8
53.31,26.74,19.96,1.99,2.67,100.0,55,2.0,68.12,75.0,-6.88
55.28,27.63,17.09,2.0,3.24,100.0,70,5.0,48.09,75.0,-26.91
45.59,35.37,19.04,1.29,2.39,100.0,25,5.0,52.94,75.0,-22.06
50.03,21.69,28.28,2.31,1.77,100.0,55,2.0,70.26,75.0,-4.74
24.89,11.35,63.75,2.19,0.39,100.0,55,1.0,86.41,75.0,11.41
25.27,33.73,41.01,0.75,0.62,100.0,25,0.5,76.26,75.0,1.26
30.31,17.47,52.22,1.73,0.58,100.0,40,2.0,85.75,75.0,10.75
51.08,23.84,25.08,2.14,2.04,100.0,70,5.0,56.21,75.0,-18.79
32.84,23.92,43.24,1.37,0.76,100.0,25,1.0,84.25,75.0,9.25
37.0,28.76,34.24,1.29,1.08,100.0,70,5.0,53.27,75.0,-21.73
44.02,23.37,32.62,1.88,1.35,100.0,70,0.5,77.8,75.0,2.8
68.71,14.29,16.99,4.81,4.04,100.0,55,2.0,76.24,75.0,1.24
20.83,15.83,63.34,1.32,0.33,100.0,25,0.5,88.24,75.0,13.24
58.96,11.34,29.7,5.2,1.99,100.0,70,1.0,80.25,75.0,5.25
60.13,28.81,11.06,2.09,5.44,100.0,40,2.0,66.93,75.0,-8.07
70.12,18.54,11.34,3.78,6.18,100.0,70,0.5,73.26,75.0,-1.74
75.97,14.63,9.41,5.19,8.07,100.0,55,0.5,77.74,75.0,2.74
21.21,47.85,30.94,0.44,0.69,100.0,40,0.5,65.58,75.0,-9.42
29.23,39.33,31.44,0.74,0.93,100.0,40,1.0,68.58,75.0,-6.42
29.01,35.66,35.33,0.81,0.82,100.0,25,0.5,72.57,75.0,-2.43
47.51,35.81,16.68,1.33,2.85,100.0,40,5.0,46.36,75.0,-28.64
59.58,18.38,22.04,3.24,2.7,100.0,25,2.0,82.82,75.0,7.82
59.78,14.28,25.94,4.19,2.3,100.0,25,2.0,79.97,75.0,4.97
60.74,30.19,9.07,2.01,6.7,100.0,40,0.5,74.79,75.0,-0.21
39.41,11.22,49.37,3.51,0.8,100.0,25,1.0,91.52,75.0,16.52
40.47,27.34,32.18,1.48,1.26,100.0,25,5.0,60.6,75.0,-14.4
59.72,32.78,7.5,1.82,7.96,100.0,40,5.0,47.24,75.0,-27.76
37.23,12.89,49.88,2.89,0.75,100.0,55,2.0,80.23,75.0,5.23
48.02,45.06,6.92,1.07,6.94,100.0,70,2.0,50.65,75.0,-24.35
22.95,31.36,45.69,0.73,0.5,100.0,25,5.0,58.31,75.0,-16.69
33.86,25.17,40.97,1.35,0.83,100.0,25,2.0,76.72,75.0,1.72
44.22,17.02,38.75,2.6,1.14,100.0,40,0.5,87.49,75.0,12.49
35.37,34.83,29.8,1.02,1.19,100.0,70,5.0,51.17,75.0,-23.83
33.24,45.64,21.12,0.73,1.57,100.0,70,2.0,58.85,75.0,-16.15
28.29,29.85,41.87,0.95,0.68,100.0,25,0.5,78.88,75.0,3.88
29.36,31.15,39.49,0.94,0.74,100.0,40,0.5,69.69,75.0,-5.31
50.0,26.09,23.91,1.92,2.09,100.0,55,5.0,54.92,75.0,-20.08
60.49,14.1,25.41,4.29,2.38,100.0,70,0.5,81.73,75.0,6.73
34.34,12.46,53.2,2.76,0.65,100.0,55,5.0,68.78,75.0,-6.22
65.48,12.05,22.46,5.43,2.91,100.0,40,0.5,89.16,75.0,14.16
65.6,25.21,9.19,2.6,7.13,100.0,55,5.0,52.45,75.0,-22.55
38.76,23.49,37.75,1.65,1.03,100.0,40,5.0,62.72,75.0,-12.28
44.64,38.72,16.64,1.15,2.68,100.0,25,5.0,53.37,75.0,-21.63
32.58,39.71,27.71,0.82,1.18,100.0,55,5.0,39.81,75.0,-35.19
78.59,12.03,9.37,6.53,8.38,100.0,25,0.5,87.56,75.0,12.56
58.74,18.84,22.42,3.12,2.62,100.0,25,5.0,63.73,75.0,-11.27
39.53,26.77,33.7,1.48,1.17,100.0,40,2.0,71.93,75.0,-3.07
38.2,31.9,29.89,1.2,1.28,100.0,55,0.5,71.48,75.0,-3.52
66.91,15.78,17.31,4.24,3.87,100.0,70,5.0,57.99,75.0,-17.01
65.95,15.36,18.69,4.29,3.53,100.0,55,0.5,85.61,75.0,10.61
23.85,27.57,48.57,0.87,0.49,100.0,70,0.5,79.23,75.0,4.23
31.64,39.84,28.51,0.79,1.11,100.0,25,0.5,74.2,75.0,-0.8
43.61,17.23,39.16,2.53,1.11,100.0,25,0.5,86.8,75.0,11.8
27.84,26.26,45.89,1.06,0.61,100.0,40,5.0,57.76,75.0,-17.24
60.3,24.22,15.47,2.49,3.9,100.0,70,0.5,72.86,75.0,-2.14
59.37,18.19,22.44,3.26,2.65,100.0,55,2.0,75.05,75.0,0.05
54.5,30.41,15.09,1.79,3.61,100.0,40,0.5,75.89,75.0,0.89
32.41,15.11,52.48,2.14,0.62,100.0,40,0.5,95.32,75.0,20.32
50.27,39.56,10.17,1.27,4.94,100.0,40,2.0,58.94,75.0,-16.06
38.73,25.88,35.39,1.5,1.09,100.0,55,5.0,55.58,75.0,-19.42
45.65,20.52,33.84,2.22,1.35,100.0,40,2.0,83.09,75.0,8.09
58.71,25.02,16.27,2.35,3.61,100.0,55,1.0,71.36,75.0,-3.64
64.71,29.91,5.38,2.16,12.03,100.0,40,2.0,67.04,75.0,-7.96
33.93,23.72,42.34,1.43,0.8,100.0,70,5.0,50.79,75.0,-24.21
44.32,19.68,36.0,2.25,1.23,100.0,25,2.0,80.07,75.0,5.07
36.15,25.94,37.91,1.39,0.95,100.0,70,0.5,71.79,75.0,-3.21
31.92,10.77,57.32,2.96,0.56,100.0,70,5.0,67.34,75.0,-7.66
30.86,11.13,58.0,2.77,0.53,100.0,40,1.0,90.45,75.0,15.45
74.56,16.84,8.61,4.43,8.66,100.0,70,5.0,52.27,75.0,-22.73
42.21,11.76,46.03,3.59,0.92,100.0,70,0.5,87.4,75.0,12.4
35.16,35.37,29.47,0.99,1.19,100.0,70,1.0,64.73,75.0,-10.27
39.63,10.73,49.64,3.69,0.8,100.0,40,5.0,72.31,75.0,-2.69
52.23,38.9,8.87,1.34,5.88,100.0,55,5.0,39.22,75.0,-35.78
30.97,29.74,39.29,1.04,0.79,100.0,25,0.5,81.72,75.0,6.72
32.69,43.42,23.88,0.75,1.37,100.0,25,2.0,64.31,75.0,-10.69
42.6,39.49,17.91,1.08,2.38,100.0,55,2.0,56.88,75.0,-18.12
40.35,37.99,21.66,1.06,1.86,100.0,55,1.0,60.8,75.0,-14.2
23.75,19.85,56.4,1.2,0.42,100.0,70,0.5,80.12,75.0,5.12
68.67,25.97,5.36,2.64,12.8,100.0,25,0.5,83.54,75.0,8.54
26.54,14.17,59.28,1.87,0.45,100.0,55,2.0,83.38,75.0,8.38
34.91,49.31,15.78,0.71,2.21,100.0,70,2.0,46.78,75.0,-28.22
39.02,44.41,16.57,0.88,2.35,100.0,25,1.0,61.72,75.0,-13.28
66.42,27.92,5.66,2.38,11.72,100.0,40,2.0,66.73,75.0,-8.27
28.72,44.05,27.23,0.65,1.05,100.0,40,1.0,62.48,75.0,-12.52
38.15,38.89,22.96,0.98,1.66,100.0,25,5.0,51.41,75.0,-23.59
71.52,17.62,10.86,4.06,6.59,100.0,25,1.0,83.44,75.0,8.44
47.83,41.03,11.14,1.17,4.29,100.0,40,1.0,62.14,75.0,-12.86
65.88,12.86,21.26,5.12,3.1,100.0,40,1.0,88.44,75.0,13.44
28.8,25.59,45.61,1.13,0.63,100.0,25,5.0,62.07,75.0,-12.93
66.49,21.53,11.98,3.09,5.55,100.0,70,2.0,68.44,75.0,-6.56
40.24,22.96,36.8,1.75,1.09,100.0,55,1.0,71.43,75.0,-3.57
60.95,23.21,15.84,2.63,3.85,100.0,55,2.0,62.06,75.0,-12.94
39.9,33.81,26.29,1.18,1.52,100.0,25,1.0,69.65,75.0,-5.35
50.03,44.89,5.08,1.11,9.85,100.0,55,2.0,51.64,75.0,-23.36
58.74,11.9,29.35,4.93,2.0,100.0,40,1.0,88.33,75.0,13.33
50.63,25.42,23.95,1.99,2.11,100.0,40,2.0,64.57,75.0,-10.43
27.2,16.33,56.47,1.67,0.48,100.0,55,0.5,90.5,75.0,15.5
38.72,37.81,23.46,1.02,1.65,100.0,25,5.0,51.39,75.0,-23.61
68.14,14.23,17.63,4.79,3.87,100.0,40,1.0,87.88,75.0,12.88
52.65,15.48,31.86,3.4,1.65,100.0,70,5.0,55.69,75.0,-19.31
28.24,21.45,50.31,1.32,0.56,100.0,70,1.0,77.53,75.0,2.53
23.01,32.53,44.46,0.71,0.52,100.0,40,0.5,76.43,75.0,1.43
39.73,47.45,12.82,0.84,3.1,100.0,40,0.5,65.02,75.0,-9.98
59.74,10.74,29.52,5.56,2.02,100.0,55,5.0,63.73,75.0,-11.27
65.11,27.51,7.38,2.37,8.82,100.0,25,1.0,77.9,75.0,2.9
68.72,10.87,20.42,6.32,3.37,100.0,55,2.0,81.74,75.0,6.74
56.52,16.49,26.99,3.43,2.09,100.0,25,1.0,84.2,75.0,9.2
38.78,30.04,31.18,1.29,1.24,100.0,70,2.0,63.82,75.0,-11.18
71.51,22.87,5.62,3.13,12.71,100.0,70,5.0,44.89,75.0,-30.11
27.9,15.29,56.81,1.83,0.49,100.0,25,5.0,72.09,75.0,-2.91
62.3,25.06,12.64,2.49,4.93,100.0,55,0.5,81.09,75.0,6.09
29.16,22.4,48.44,1.3,0.6,100.0,40,2.0,72.43,75.0,-2.57
77.03,16.93,6.04,4.55,12.75,100.0,25,1.0,83.48,75.0,8.48
35.14,31.23,33.63,1.13,1.04,100.0,55,0.5,75.64,75.0,0.64
41.33,37.53,21.15,1.1,1.95,100.0,70,5.0,41.94,75.0,-33.06
30.13,18.02,51.84,1.67,0.58,100.0,40,0.5,87.56,75.0,12.56
23.22,21.49,55.29,1.08,0.42,100.0,70,1.0,75.31,75.0,0.31
63.05,16.48,20.48,3.83,3.08,100.0,25,1.0,84.23,75.0,9.23
48.53,19.97,31.5,2.43,1.54,100.0,70,5.0,54.91,75.0,-20.09
70.95,19.0,10.06,3.73,7.05,100.0,70,0.5,76.33,75.0,1.33
43.0,30.78,26.22,1.4,1.64,100.0,25,2.0,67.53,75.0,-7.47
30.1,32.51,37.4,0.93,0.8,100.0,40,2.0,67.79,75.0,-7.21
36.89,49.44,13.67,0.75,2.7,100.0,25,2.0,61.47,75.0,-13.53
52.93,17.82,29.24,2.97,1.81,100.0,55,1.0,78.19,75.0,3.19
31.35,35.67,32.98,0.88,0.95,100.0,25,0.5,72.12,75.0,-2.88
57.52,12.18,30.3,4.72,1.9,100.0,25,2.0,84.05,75.0,9.05
50.67,32.41,16.92,1.56,2.99,100.0,40,0.5,71.36,75.0,-3.64
56.26,20.2,23.54,2.78,2.39,100.0,55,5.0,53.2,75.0,-21.8
47.65,20.5,31.84,2.32,1.5,100.0,70,2.0,70.25,75.0,-4.75
69.72,11.57,18.71,6.03,3.73,100.0,70,0.5,80.14,75.0,5.14
69.77,22.22,8.01,3.14,8.71,100.0,70,1.0,69.37,75.0,-5.63
23.01,47.68,29.31,0.48,0.78,100.0,70,5.0,36.02,75.0,-38.98
26.32,11.9,61.78,2.21,0.43,100.0,40,5.0,65.25,75.0,-9.75
70.33,18.77,10.9,3.75,6.45,100.0,55,5.0,51.72,75.0,-23.28
43.8,18.65,37.56,2.35,1.17,100.0,40,5.0,64.71,75.0,-10.29
42.2,40.86,16.94,1.03,2.49,100.0,25,1.0,62.3,75.0,-12.7
41.78,28.21,30.01,1.48,1.39,100.0,55,1.0,69.32,75.0,-5.68
37.09,10.81,52.1,3.43,0.71,100.0,55,2.0,76.24,75.0,1.24
63.52,25.52,10.96,2.49,5.8,100.0,70,1.0,67.77,75.0,-7.23
26.76,16.4,56.85,1.63,0.47,100.0,70,1.0,81.49,75.0,6.49
44.47,25.93,29.61,1.72,1.5,100.0,70,5.0,51.15,75.0,-23.85
60.09,21.89,18.01,2.74,3.34,100.0,70,1.0,79.65,75.0,4.65
22.83,47.92,29.25,0.48,0.78,100.0,25,5.0,47.64,75.0,-27.36
77.68,12.75,9.56,6.09,8.12,100.0,70,0.5,77.74,75.0,2.74
60.75,30.3,8.95,2.01,6.78,100.0,40,0.5,70.6,75.0,-4.4
57.88,23.16,18.96,2.5,3.05,100.0,55,0.5,85.31,75.0,10.31
36.23,30.33,33.43,1.19,1.08,100.0,25,0.5,82.8,75.0,7.8
34.93,10.96,54.11,3.19,0.65,100.0,25,0.5,97.01,75.0,22.01
65.06,28.77,6.17,2.26,10.54,100.0,55,0.5,72.2,75.0,-2.8
37.9,42.79,19.31,0.89,1.96,100.0,55,0.5,64.3,75.0,-10.7
23.84,23.87,52.29,1.0,0.46,100.0,55,5.0,53.07,75.0,-21.93
43.59,28.02,28.39,1.56,1.54,100.0,25,5.0,58.69,75.0,-16.31
28.36,21.42,50.22,1.32,0.56,100.0,40,5.0,62.24,75.0,-12.76
20.64,21.92,57.44,0.94,0.36,100.0,40,5.0,59.69,75.0,-15.31
52.66,25.32,22.02,2.08,2.39,100.0,55,1.0,71.86,75.0,-3.14
63.01,28.82,8.17,2.19,7.72,100.0,25,1.0,80.19,75.0,5.19
42.15,48.69,9.16,0.87,4.6,100.0,70,2.0,47.46,75.0,-27.54
41.43,27.55,31.02,1.5,1.34,100.0,25,1.0,85.03,75.0,10.03
40.65,25.73,33.62,1.58,1.21,100.0,55,5.0,49.13,75.0,-25.87
54.87,13.73,31.4,4.0,1.75,100.0,25,5.0,66.96,75.0,-8.04
46.44,27.08,26.48,1.72,1.75,100.0,25,0.5,76.55,75.0,1.55
74.05,10.89,15.06,6.8,4.92,100.0,25,0.5,87.75,75.0,12.75
50.33,19.24,30.43,2.62,1.65,100.0,70,2.0,68.09,75.0,-6.91
50.47,39.74,9.79,1.27,5.15,100.0,55,1.0,63.11,75.0,-11.89
28.3,31.28,40.42,0.9,0.7,100.0,55,5.0,51.95,75.0,-23.05
38.78,34.38,26.84,1.13,1.44,100.0,55,1.0,65.58,75.0,-9.42
35.0,41.23,23.77,0.85,1.47,100.0,40,2.0,53.83,75.0,-21.17
24.4,18.6,57.0,1.31,0.43,100.0,40,0.5,91.61,75.0,16.61
54.45,24.71,20.84,2.2,2.61,100.0,55,5.0,52.93,75.0,-22.07
50.05,26.63,23.33,1.88,2.15,100.0,25,0.5,77.85,75.0,2.85
44.91,23.84,31.25,1.88,1.44,100.0,25,5.0,62.26,75.0,-12.74
45.33,16.9,37.76,2.68,1.2,100.0,55,0.5,84.06,75.0,9.06
67.1,10.11,22.79,6.64,2.94,100.0,70,0.5,82.74,75.0,7.74
31.74,28.04,40.22,1.13,0.79,100.0,70,2.0,65.84,75.0,-9.16
69.22,24.1,6.69,2.87,10.35,100.0,25,1.0,75.34,75.0,0.34
58.92,32.2,8.88,1.83,6.64,100.0,25,0.5,78.13,75.0,3.13
45.14,17.52,37.34,2.58,1.21,100.0,40,5.0,60.48,75.0,-14.52
47.48,44.39,8.13,1.07,5.84,100.0,70,1.0,53.93,75.0,-21.07
35.4,20.31,44.29,1.74,0.8,100.0,25,1.0,87.16,75.0,12.16
65.13,19.06,15.82,3.42,4.12,100.0,25,0.5,89.35,75.0,14.35
50.77,29.23,20.0,1.74,2.54,100.0,55,0.5,77.8,75.0,2.8
39.25,29.95,30.79,1.31,1.27,100.0,40,0.5,79.78,75.0,4.78
55.76,18.6,25.63,3.0,2.18,100.0,70,1.0,74.57,75.0,-0.43
49.37,43.28,7.34,1.14,6.72,100.0,70,2.0,46.81,75.0,-28.19
46.12,16.79,37.1,2.75,1.24,100.0,40,0.5,90.67,75.0,15.67
47.37,22.39,30.24,2.12,1.57,100.0,25,1.0,86.46,75.0,11.46
40.7,40.8,18.5,1.0,2.2,100.0,70,1.0,57.27,75.0,-17.73
23.28,28.49,48.22,0.82,0.48,100.0,70,5.0,53.64,75.0,-21.36
32.25,38.56,29.18,0.84,1.11,100.0,70,0.5,63.43,75.0,-11.57
45.12,39.44,15.44,1.14,2.92,100.0,55,2.0,62.44,75.0,-12.56
33.18,15.53,51.29,2.14,0.65,100.0,40,5.0,64.71,75.0,-10.29
20.01,48.65,31.34,0.41,0.64,100.0,70,0.5,63.52,75.0,-11.48
32.34,47.72,19.94,0.68,1.62,100.0,40,5.0,42.95,75.0,-32.05
70.63,18.18,11.19,3.89,6.31,100.0,25,0.5,91.29,75.0,16.29
64.54,17.45,18.02,3.7,3.58,100.0,40,5.0,60.2,75.0,-14.8
30.07,15.03,54.9,2.0,0.55,100.0,55,2.0,80.19,75.0,5.19
27.22,15.54,57.24,1.75,0.48,100.0,55,5.0,60.94,75.0,-14.06
24.06,39.93,36.02,0.6,0.67,100.0,40,5.0,50.19,75.0,-24.81
63.44,28.79,7.77,2.2,8.16,100.0,55,5.0,52.32,75.0,-22.68
65.34,17.19,17.47,3.8,3.74,100.0,70,0.5,85.41,75.0,10.41
45.83,39.85,14.32,1.15,3.2,100.0,55,0.5,66.48,75.0,-8.52
27.15,34.18,38.67,0.79,0.7,100.0,25,2.0,72.11,75.0,-2.89
50.74,37.45,11.8,1.35,4.3,100.0,40,5.0,45.55,75.0,-29.45
40.93,10.73,48.34,3.81,0.85,100.0,40,1.0,90.94,75.0,15.94
42.49,22.47,35.04,1.89,1.21,100.0,25,5.0,61.63,75.0,-13.37
57.28,35.51,7.21,1.61,7.95,100.0,25,1.0,71.21,75.0,-3.79
63.12,10.37,26.5,6.08,2.38,100.0,25,1.0,90.91,75.0,15.91
26.64,11.32,62.04,2.35,0.43,100.0,25,5.0,72.22,75.0,-2.78
22.14,44.08,33.79,0.5,0.66,100.0,70,1.0,58.71,75.0,-16.29
47.08,36.51,16.41,1.29,2.87,100.0,55,1.0,63.96,75.0,-11.04
33.96,20.61,45.42,1.65,0.75,100.0,55,5.0,57.97,75.0,-17.03
23.23,37.52,39.25,0.62,0.59,100.0,70,0.5,69.39,75.0,-5.61
31.39,41.7,26.91,0.75,1.17,100.0,25,5.0,49.03,75.0,-25.97
22.34,22.27,55.39,1.0,0.4,100.0,40,2.0,77.99,75.0,2.99
43.51,11.44,45.05,3.8,0.97,100.0,40,1.0,84.12,75.0,9.12
77.52,11.84,10.64,6.55,7.28,100.0,40,2.0,81.05,75.0,6.05
40.47,23.81,35.72,1.7,1.13,100.0,25,1.0,83.5,75.0,8.5
46.65,14.26,39.09,3.27,1.19,100.0,70,0.5,81.23,75.0,6.23
60.54,29.67,9.79,2.04,6.18,100.0,70,1.0,72.46,75.0,-2.54
50.53,40.74,8.73,1.24,5.79,100.0,70,5.0,31.49,75.0,-43.51
71.69,18.87,9.45,3.8,7.59,100.0,55,1.0,79.09,75.0,4.09
71.96,20.78,7.26,3.46,9.91,100.0,55,2.0,72.32,75.0,-2.68
20.59,19.71,59.7,1.04,0.34,100.0,55,5.0,62.8,75.0,-12.2
35.65,20.09,44.26,1.77,0.81,100.0,55,2.0,74.89,75.0,-0.11
47.64,17.9,34.46,2.66,1.38,100.0,40,0.5,87.07,75.0,12.07
60.96,22.99,16.05,2.65,3.8,100.0,40,2.0,75.12,75.0,0.12
36.38,18.53,45.09,1.96,0.81,100.0,70,2.0,70.36,75.0,-4.64
30.18,23.02,46.8,1.31,0.64,100.0,55,2.0,73.47,75.0,-1.53
49.04,16.03,34.93,3.06,1.4,100.0,70,5.0,57.72,75.0,-17.28
34.92,47.9,17.18,0.73,2.03,100.0,25,0.5,62.41,75.0,-12.59
21.29,14.46,64.25,1.47,0.33,100.0,55,0.5,89.95,75.0,14.95
41.61,12.47,45.93,3.34,0.91,100.0,55,0.5,85.67,75.0,10.67
56.01,18.35,25.64,3.05,2.18,100.0,70,2.0,66.23,75.0,-8.77
25.84,40.44,33.72,0.64,0.77,100.0,70,5.0,39.45,75.0,-35.55
29.38,29.43,41.19,1.0,0.71,100.0,25,5.0,56.12,75.0,-18.88
40.73,17.22,42.05,2.37,0.97,100.0,70,5.0,61.24,75.0,-13.76
20.42,40.64,38.94,0.5,0.52,100.0,55,2.0,59.9,75.0,-15.1
44.21,23.55,32.24,1.88,1.37,100.0,40,0.5,85.38,75.0,10.38
34.09,17.03,48.89,2.0,0.7,100.0,25,2.0,80.97,75.0,5.97
52.13,13.44,34.43,3.88,1.51,100.0,25,5.0,71.66,75.0,-3.34
40.24,41.75,18.01,0.96,2.23,100.0,55,2.0,65.09,75.0,-9.91
33.83,43.73,22.44,0.77,1.51,100.0,40,1.0,64.7,75.0,-10.3
20.04,31.5,48.46,0.64,0.41,100.0,70,0.5,73.88,75.0,-1.12
38.47,49.81,11.72,0.77,3.28,100.0,70,0.5,56.89,75.0,-18.11
34.47,25.96,39.57,1.33,0.87,100.0,40,5.0,53.52,75.0,-21.48
34.01,34.62,31.37,0.98,1.08,100.0,40,2.0,67.66,75.0,-7.34
24.09,24.61,51.3,0.98,0.47,100.0,55,5.0,57.82,75.0,-17.18
31.23,25.71,43.06,1.21,0.73,100.0,70,2.0,66.53,75.0,-8.47
53.33,37.83,8.84,1.41,6.03,100.0,55,1.0,60.75,75.0,-14.25
37.48,47.52,15.0,0.79,2.5,100.0,70,0.5,58.82,75.0,-16.18
45.04,31.69,23.26,1.42,1.94,100.0,70,0.5,65.72,75.0,-9.28
42.61,40.74,16.65,1.05,2.56,100.0,40,2.0,66.55,75.0,-8.45
72.55,13.57,13.88,5.35,5.23,100.0,55,0.5,83.73,75.0,8.73
74.32,18.45,7.24,4.03,10.27,100.0,40,2.0,71.14,75.0,-3.86
49.58,30.09,20.34,1.65,2.44,100.0,55,5.0,48.43,75.0,-26.57
39.81,10.8,49.39,3.69,0.81,100.0,70,1.0,82.54,75.0,7.54
26.41,20.11,53.48,1.31,0.49,100.0,25,2.0,88.5,75.0,13.5
33.63,26.79,39.57,1.26,0.85,100.0,25,1.0,77.55,75.0,2.55
23.61,10.6,65.79,2.23,0.36,100.0,55,5.0,67.81,75.0,-7.19
37.86,20.58,41.56,1.84,0.91,100.0,55,5.0,57.14,75.0,-17.86
37.88,30.56,31.55,1.24,1.2,100.0,40,5.0,55.26,75.0,-19.74
39.22,32.93,27.85,1.19,1.41,100.0,70,2.0,59.17,75.0,-15.83
29.86,47.03,23.11,0.63,1.29,100.0,25,1.0,60.97,75.0,-14.03
20.25,34.53,45.22,0.59,0.45,100.0,40,1.0,71.76,75.0,-3.24
27.35,26.59,46.06,1.03,0.59,100.0,55,0.5,76.6,75.0,1.6
44.67,37.74,17.59,1.18,2.54,100.0,70,2.0,54.56,75.0,-20.44
27.43,41.4,31.17,0.66,0.88,100.0,40,0.5,67.02,75.0,-7.98
24.23,18.0,57.77,1.35,0.42,100.0,40,0.5,91.23,75.0,16.23
74.57,15.23,10.2,4.89,7.31,100.0,55,2.0,73.4,75.0,-1.6
31.41,37.03,31.56,0.85,1.0,100.0,70,0.5,62.33,75.0,-12.67
36.13,47.62,16.26,0.76,2.22,100.0,25,0.5,64.41,75.0,-10.59
52.68,41.59,5.74,1.27,9.18,100.0,40,0.5,66.13,75.0,-8.87
24.67,39.55,35.78,0.62,0.69,100.0,55,5.0,40.88,75.0,-34.12
40.58,40.47,18.96,1.0,2.14,100.0,40,2.0,65.45,75.0,-9.55
34.82,49.46,15.73,0.7,2.21,100.0,55,5.0,38.56,75.0,-36.44
24.3,34.01,41.69,0.71,0.58,100.0,55,0.5,76.15,75.0,1.15
30.13,14.52,55.35,2.07,0.54,100.0,55,0.5,88.04,75.0,13.04
22.61,49.08,28.31,0.46,0.8,100.0,70,5.0,28.19,75.0,-46.81
20.79,20.07,59.13,1.04,0.35,100.0,25,0.5,93.97,75.0,18.97
50.71,41.09,8.2,1.23,6.18,100.0,70,2.0,50.46,75.0,-24.54
33.04,35.69,31.28,0.93,1.06,100.0,25,1.0,70.8,75.0,-4.2
78.26,11.23,10.5,6.97,7.45,100.0,55,5.0,62.66,75.0,-12.34
64.32,17.49,18.2,3.68,3.53,100.0,25,1.0,88.71,75.0,13.71
40.98,19.41,39.61,2.11,1.03,100.0,70,1.0,79.53,75.0,4.53
44.08,47.41,8.51,0.93,5.18,100.0,40,1.0,62.38,75.0,-12.62
31.95,24.12,43.93,1.32,0.73,100.0,70,5.0,52.57,75.0,-22.43
37.05,35.45,27.49,1.04,1.35,100.0,70,0.5,65.45,75.0,-9.55
37.34,40.05,22.61,0.93,1.65,100.0,70,2.0,56.26,75.0,-18.74
42.62,37.14,20.24,1.15,2.11,100.0,70,0.5,64.13,75.0,-10.87
43.6,17.94,38.46,2.43,1.13,100.0,70,2.0,74.96,75.0,-0.04
52.67,29.76,17.57,1.77,3.0,100.0,25,0.5,80.92,75.0,5.92
29.59,41.67,28.74,0.71,1.03,100.0,25,1.0,70.48,75.0,-4.52
61.47,29.03,9.5,2.12,6.47,100.0,40,1.0,65.05,75.0,-9.95
30.05,31.46,38.48,0.96,0.78,100.0,70,2.0,63.21,75.0,-11.79
38.62,40.85,20.54,0.95,1.88,100.0,70,5.0,39.14,75.0,-35.86
50.2,36.45,13.35,1.38,3.76,100.0,40,0.5,70.82,75.0,-4.18
67.79,26.37,5.84,2.57,11.61,100.0,40,1.0,71.86,75.0,-3.14
32.84,33.35,33.81,0.98,0.97,100.0,55,2.0,60.06,75.0,-14.94
58.73,16.5,24.77,3.56,2.37,100.0,40,0.5,86.81,75.0,11.81
29.35,49.82,20.83,0.59,1.41,100.0,40,2.0,53.14,75.0,-21.86
52.82,14.75,32.42,3.58,1.63,100.0,40,5.0,66.64,75.0,-8.36
25.25,10.6,64.16,2.38,0.39,100.0,55,5.0,65.98,75.0,-9.02
42.64,45.6,11.76,0.94,3.63,100.0,25,0.5,71.0,75.0,-4.0
44.81,19.8,35.39,2.26,1.27,100.0,55,5.0,61.68,75.0,-13.32
22.39,39.19,38.42,0.57,0.58,100.0,25,0.5,74.8,75.0,-0.2
36.44,42.44,21.12,0.86,1.73,100.0,40,0.5,66.26,75.0,-8.74
31.55,21.96,46.48,1.44,0.68,100.0,55,5.0,60.83,75.0,-14.17
28.57,49.61,21.83,0.58,1.31,100.0,55,2.0,52.63,75.0,-22.37
41.14,21.76,37.1,1.89,1.11,100.0,25,2.0,79.19,75.0,4.19
22.59,38.41,39.0,0.59,0.58,100.0,55,0.5,71.64,75.0,-3.36
30.75,14.62,54.64,2.1,0.56,100.0,55,1.0,88.51,75.0,13.51
43.53,26.27,30.19,1.66,1.44,100.0,70,0.5,69.37,75.0,-5.63
26.07,13.63,60.31,1.91,0.43,100.0,25,2.0,83.34,75.0,8.34
28.47,24.71,46.82,1.15,0.61,100.0,55,0.5,76.55,75.0,1.55
26.73,36.69,36.58,0.73,0.73,100.0,55,2.0,57.47,75.0,-17.53
26.52,30.15,43.33,0.88,0.61,100.0,40,5.0,55.04,75.0,-19.96
54.39,21.34,24.28,2.55,2.24,100.0,70,0.5,77.79,75.0,2.79
42.9,48.92,8.19,0.88,5.24,100.0,70,0.5,55.01,75.0,-19.99
66.51,12.23,21.26,5.44,3.13,100.0,40,5.0,63.96,75.0,-11.04
40.56,32.96,26.49,1.23,1.53,100.0,40,5.0,54.96,75.0,-20.04
41.37,24.37,34.27,1.7,1.21,100.0,40,1.0,78.79,75.0,3.79
31.52,29.26,39.22,1.08,0.8,100.0,40,5.0,56.47,75.0,-18.53
28.76,13.14,58.1,2.19,0.5,100.0,70,1.0,86.07,75.0,11.07
42.0,34.3,23.7,1.22,1.77,100.0,55,5.0,46.99,75.0,-28.01
78.67,16.14,5.19,4.87,15.16,100.0,55,2.0,79.4,75.0,4.4
73.25,16.2,10.55,4.52,6.94,100.0,40,0.5,82.87,75.0,7.87
46.07,18.27,35.66,2.52,1.29,100.0,25,5.0,71.77,75.0,-3.23
29.03,34.87,36.11,0.83,0.8,100.0,40,2.0,63.28,75.0,-11.72
24.14,47.33,28.53,0.51,0.85,100.0,55,5.0,40.27,75.0,-34.73
40.09,42.24,17.67,0.95,2.27,100.0,25,0.5,67.77,75.0,-7.23
38.82,37.72,23.46,1.03,1.65,100.0,40,5.0,51.3,75.0,-23.7
58.14,10.2,31.66,5.7,1.84,100.0,25,5.0,69.59,75.0,-5.41
41.36,27.11,31.53,1.53,1.31,100.0,40,0.5,79.55,75.0,4.55
28.91,17.9,53.19,1.62,0.54,100.0,70,5.0,56.84,75.0,-18.16
47.96,15.13,36.91,3.17,1.3,100.0,55,0.5,87.41,75.0,12.41
68.86,16.98,14.15,4.05,4.87,100.0,40,1.0,79.56,75.0,4.56
42.93,21.44,35.63,2.0,1.2,100.0,25,5.0,68.6,75.0,-6.4
27.94,30.67,41.39,0.91,0.67,100.0,55,2.0,63.68,75.0,-11.32
31.8,20.53,47.66,1.55,0.67,100.0,40,5.0,58.36,75.0,-16.64
34.25,18.39,47.36,1.86,0.72,100.0,40,0.5,89.21,75.0,14.21
37.99,33.96,28.04,1.12,1.35,100.0,40,0.5,71.75,75.0,-3.25
58.57,13.56,27.88,4.32,2.1,100.0,40,2.0,80.28,75.0,5.28
56.06,12.33,31.62,4.55,1.77,100.0,70,2.0,74.57,75.0,-0.43
61.76,24.89,13.35,2.48,4.63,100.0,55,0.5,71.47,75.0,-3.53
41.75,38.83,19.42,1.08,2.15,100.0,70,1.0,60.53,75.0,-14.47
60.74,20.61,18.65,2.95,3.26,100.0,55,1.0,80.23,75.0,5.23
32.25,26.92,40.84,1.2,0.79,100.0,40,0.5,82.75,75.0,7.75
48.14,32.63,19.23,1.48,2.5,100.0,55,1.0,68.78,75.0,-6.22
68.06,24.62,7.33,2.76,9.29,100.0,25,2.0,76.84,75.0,1.84
30.81,47.45,21.74,0.65,1.42,100.0,55,1.0,54.78,75.0,-20.22
26.59,12.2,61.21,2.18,0.43,100.0,25,2.0,86.61,75.0,11.61
30.19,38.71,31.1,0.78,0.97,100.0,25,5.0,52.2,75.0,-22.8
40.58,45.65,13.77,0.89,2.95,100.0,70,2.0,50.03,75.0,-24.97
47.53,23.08,29.39,2.06,1.62,100.0,55,5.0,55.04,75.0,-19.96
21.52,17.36,61.12,1.24,0.35,100.0,40,2.0,77.36,75.0,2.36
61.4,21.84,16.76,2.81,3.66,100.0,55,2.0,64.15,75.0,-10.85
38.97,38.68,22.35,1.01,1.74,100.0,70,1.0,63.61,75.0,-11.39
23.34,13.37,63.28,1.75,0.37,100.0,25,2.0,87.7,75.0,12.7
55.62,29.52,14.86,1.88,3.74,100.0,25,0.5,81.03,75.0,6.03
34.45,38.76,26.8,0.89,1.29,100.0,70,5.0,40.24,75.0,-34.76
43.21,39.18,17.61,1.1,2.45,100.0,70,5.0,38.19,75.0,-36.81
24.83,14.01,61.16,1.77,0.41,100.0,55,2.0,80.33,75.0,5.33
28.83,38.71,32.46,0.74,0.89,100.0,25,0.5,76.21,75.0,1.21
37.88,37.19,24.93,1.02,1.52,100.0,70,2.0,56.76,75.0,-18.24
25.39,43.24,31.38,0.59,0.81,100.0,55,2.0,59.28,75.0,-15.72
74.65,11.66,13.69,6.4,5.45,100.0,55,1.0,79.19,75.0,4.19
20.36,10.92,68.71,1.86,0.3,100.0,40,2.0,85.74,75.0,10.74
49.03,24.92,26.05,1.97,1.88,100.0,25,2.0,74.95,75.0,-0.05
27.39,15.95,56.65,1.72,0.48,100.0,55,1.0,87.18,75.0,12.18
38.46,32.34,29.2,1.19,1.32,100.0,70,1.0,66.91,75.0,-8.09
36.04,47.65,16.31,0.76,2.21,100.0,25,0.5,71.02,75.0,-3.98
29.7,25.66,44.64,1.16,0.67,100.0,70,1.0,68.46,75.0,-6.54
58.75,19.09,22.16,3.08,2.65,100.0,70,5.0,55.25,75.0,-19.75
32.35,10.01,57.64,3.23,0.56,100.0,55,5.0,68.3,75.0,-6.7
64.49,16.74,18.77,3.85,3.44,100.0,55,0.5,83.52,75.0,8.52
52.8,11.22,35.98,4.71,1.47,100.0,40,2.0,80.31,75.0,5.31
26.38,34.45,39.17,0.77,0.67,100.0,70,0.5,73.35,75.0,-1.65
22.94,34.26,42.8,0.67,0.54,100.0,55,1.0,69.34,75.0,-5.66
52.07,13.88,34.05,3.75,1.53,100.0,40,2.0,77.43,75.0,2.43
31.73,34.26,34.02,0.93,0.93,100.0,25,0.5,76.87,75.0,1.87
29.97,28.06,41.97,1.07,0.71,100.0,40,0.5,78.12,75.0,3.12
74.4,17.14,8.45,4.34,8.8,100.0,40,5.0,69.2,75.0,-5.8
39.67,14.9,45.43,2.66,0.87,100.0,70,0.5,85.76,75.0,10.76
42.32,18.48,39.19,2.29,1.08,100.0,25,2.0,81.13,75.0,6.13
65.59,11.18,23.23,5.87,2.82,100.0,70,0.5,82.66,75.0,7.66
40.33,27.36,32.31,1.47,1.25,100.0,70,0.5,75.43,75.0,0.43
25.57,32.3,42.13,0.79,0.61,100.0,40,1.0,76.6,75.0,1.6
35.13,46.62,18.26,0.75,1.92,100.0,40,0.5,54.96,75.0,-20.04
55.85,34.2,9.96,1.63,5.61,100.0,55,2.0,62.99,75.0,-12.01
29.85,28.71,41.44,1.04,0.72,100.0,40,5.0,56.13,75.0,-18.87
22.98,31.28,45.75,0.73,0.5,100.0,55,5.0,47.75,75.0,-27.25
35.42,13.67,50.9,2.59,0.7,100.0,70,5.0,64.16,75.0,-10.84
47.9,27.8,24.3,1.72,1.97,100.0,40,5.0,61.71,75.0,-13.29
33.62,49.98,16.4,0.67,2.05,100.0,25,1.0,63.32,75.0,-11.68
49.0,19.13,31.87,2.56,1.54,100.0,25,2.0,83.09,75.0,8.09
39.9,10.99,49.11,3.63,0.81,100.0,70,1.0,88.63,75.0,13.63
45.43,42.93,11.64,1.06,3.9,100.0,70,5.0,34.62,75.0,-40.38
40.53,14.12,45.35,2.87,0.89,100.0,40,1.0,81.08,75.0,6.08
30.89,25.35,43.76,1.22,0.71,100.0,55,0.5,80.1,75.0,5.1
46.69,10.12,43.18,4.61,1.08,100.0,40,2.0,83.49,75.0,8.49
49.34,22.14,28.52,2.23,1.73,100.0,55,0.5,74.73,75.0,-0.27
41.1,14.34,44.56,2.86,0.92,100.0,40,1.0,86.18,75.0,11.18
34.67,15.66,49.67,2.21,0.7,100.0,25,0.5,93.69,75.0,18.69
54.14,37.09,8.78,1.46,6.17,100.0,25,1.0,69.47,75.0,-5.53
23.27,26.78,49.95,0.87,0.47,100.0,55,1.0,72.89,75.0,-2.11
56.86,36.45,6.69,1.56,8.5,100.0,40,2.0,61.49,75.0,-13.51
40.51,47.54,11.95,0.85,3.39,100.0,70,2.0,48.86,75.0,-26.14
46.02,12.16,41.82,3.79,1.1,100.0,55,2.0,73.88,75.0,-1.12
70.91,10.49,18.6,6.76,3.81,100.0,25,5.0,69.09,75.0,-5.91
41.8,36.45,21.75,1.15,1.92,100.0,55,2.0,56.62,75.0,-18.38
67.64,21.57,10.79,3.13,6.27,100.0,40,0.5,82.45,75.0,7.45
74.79,11.76,13.45,6.36,5.56,100.0,70,2.0,69.43,75.0,-5.57
57.39,23.24,19.37,2.47,2.96,100.0,70,2.0,69.71,75.0,-5.29
64.5,20.79,14.71,3.1,4.38,100.0,55,2.0,69.69,75.0,-5.31
33.92,43.46,22.62,0.78,1.5,100.0,40,1.0,62.21,75.0,-12.79
27.27,19.95,52.78,1.37,0.52,100.0,40,1.0,84.2,75.0,9.2
43.7,30.5,25.8,1.43,1.69,100.0,70,2.0,59.63,75.0,-15.37
23.08,36.91,40.02,0.63,0.58,100.0,25,1.0,74.0,75.0,-1.0
44.11,25.49,30.4,1.73,1.45,100.0,40,1.0,75.0,75.0,0.0
60.43,20.05,19.52,3.01,3.1,100.0,70,5.0,52.25,75.0,-22.75
47.02,16.65,36.33,2.82,1.29,100.0,70,0.5,81.7,75.0,6.7
64.94,23.98,11.08,2.71,5.86,100.0,40,1.0,72.91,75.0,-2.09
41.42,39.67,18.91,1.04,2.19,100.0,40,0.5,64.83,75.0,-10.17
20.37,27.29,52.35,0.75,0.39,100.0,55,1.0,75.88,75.0,0.88
31.19,36.68,32.14,0.85,0.97,100.0,25,2.0,67.46,75.0,-7.54
64.96,19.36,15.68,3.36,4.14,100.0,55,1.0,77.52,75.0,2.52
52.74,33.52,13.73,1.57,3.84,100.0,55,1.0,67.89,75.0,-7.11
32.24,32.83,34.93,0.98,0.92,100.0,70,0.5,69.19,75.0,-5.81
37.51,29.37,33.11,1.28,1.13,100.0,70,2.0,65.58,75.0,-9.42
50.47,36.72,12.81,1.37,3.94,100.0,25,5.0,50.87,75.0,-24.13
48.96,29.67,21.37,1.65,2.29,100.0,55,0.5,66.85,75.0,-8.15
32.96,32.62,34.42,1.01,0.96,100.0,55,2.0,59.37,75.0,-15.63
39.78,17.13,43.09,2.32,0.92,100.0,70,2.0,79.1,75.0,4.1
62.91,14.39,22.71,4.37,2.77,100.0,70,0.5,80.7,75.0,5.7
61.7,27.65,10.65,2.23,5.79,100.0,40,1.0,76.56,75.0,1.56
45.63,15.44,38.94,2.96,1.17,100.0,55,2.0,76.05,75.0,1.05
48.51,12.67,38.83,3.83,1.25,100.0,25,5.0,69.84,75.0,-5.16
38.5,12.63,48.87,3.05,0.79,100.0,55,1.0,83.69,75.0,8.69
47.7,46.98,5.32,1.02,8.96,100.0,70,0.5,63.55,75.0,-11.45
62.44,12.42,25.15,5.03,2.48,100.0,40,0.5,89.08,75.0,14.08
35.13,27.73,37.14,1.27,0.95,100.0,55,0.5,74.2,75.0,-0.8
46.8,17.45,35.75,2.68,1.31,100.0,25,0.5,83.91,75.0,8.91
27.41,29.41,43.18,0.93,0.63,100.0,70,5.0,55.65,75.0,-19.35
32.36,43.21,24.43,0.75,1.32,100.0,40,5.0,43.71,75.0,-31.29
20.06,48.02,31.92,0.42,0.63,100.0,55,2.0,55.81,75.0,-19.19
22.36,35.37,42.27,0.63,0.53,100.0,25,5.0,57.04,75.0,-17.96
32.29,40.49,27.22,0.8,1.19,100.0,70,0.5,61.49,75.0,-13.51
34.54,34.13,31.33,1.01,1.1,100.0,25,5.0,56.26,75.0,-18.74
59.8,22.48,17.72,2.66,3.37,100.0,55,1.0,73.22,75.0,-1.78
20.92,46.61,32.47,0.45,0.64,100.0,70,1.0,53.65,75.0,-21.35
38.09,29.25,32.66,1.3,1.17,100.0,55,2.0,70.28,75.0,-4.72
29.19,32.33,38.48,0.9,0.76,100.0,40,0.5,75.24,75.0,0.24
63.69,22.99,13.32,2.77,4.78,100.0,55,5.0,55.79,75.0,-19.21
56.02,21.74,22.25,2.58,2.52,100.0,40,2.0,75.24,75.0,0.24
63.88,11.34,24.79,5.63,2.58,100.0,55,2.0,80.46,75.0,5.46
38.03,26.94,35.02,1.41,1.09,100.0,25,5.0,54.97,75.0,-20.03
28.98,38.11,32.91,0.76,0.88,100.0,25,2.0,64.86,75.0,-10.14
54.41,23.01,22.58,2.37,2.41,100.0,70,0.5,73.68,75.0,-1.32
40.5,28.84,30.66,1.4,1.32,100.0,25,5.0,55.38,75.0,-19.62
33.58,47.71,18.71,0.7,1.79,100.0,25,1.0,64.76,75.0,-10.24
24.11,14.98,60.91,1.61,0.4,100.0,40,1.0,91.16,75.0,16.16
48.11,20.68,31.2,2.33,1.54,100.0,25,5.0,67.68,75.0,-7.32
27.16,45.9,26.94,0.59,1.01,100.0,40,2.0,56.55,75.0,-18.45
39.67,47.87,12.46,0.83,3.18,100.0,40,2.0,55.61,75.0,-19.39
68.94,25.9,5.16,2.66,13.37,100.0,40,1.0,75.72,75.0,0.72
55.84,18.69,25.48,2.99,2.19,100.0,55,1.0,80.33,75.0,5.33
